date,hour,city,us_aqi,pm2_5,pm10
2026-06-24,00,Delhi,181,115.9,372.5
2026-06-24,00,Mumbai,49,12.2,30.9
2026-06-24,00,Bengaluru,29,7.7,10.7
2026-06-24,00,Kolkata,150,53.3,56.1
2026-06-24,00,Chennai,60,16.4,19.8
2026-06-24,00,Hyderabad,38,8.7,11.4
2026-06-24,00,Pune,25,2.5,2.5
2026-06-24,00,Ahmedabad,74,18.6,33.1
2026-06-24,01,Delhi,184,116.4,365.1
2026-06-24,01,Mumbai,50,11.3,27.8
2026-06-24,01,Bengaluru,30,7.0,9.9
2026-06-24,01,Kolkata,151,47.5,50.1
2026-06-24,01,Chennai,60,16.7,19.9
2026-06-24,01,Hyderabad,38,7.2,9.4
2026-06-24,01,Pune,24,1.9,1.9
2026-06-24,01,Ahmedabad,75,18.5,35.2
2026-06-24,02,Delhi,187,116.6,353.9
2026-06-24,02,Mumbai,50,10.3,24.5
2026-06-24,02,Bengaluru,30,6.4,9.1
2026-06-24,02,Kolkata,151,42.5,45.2
2026-06-24,02,Chennai,61,17.4,20.3
2026-06-24,02,Hyderabad,37,5.8,7.3
2026-06-24,02,Pune,23,1.8,1.8
2026-06-24,02,Ahmedabad,76,19.2,38.6
2026-06-24,03,Delhi,191,116.2,339.9
2026-06-24,03,Mumbai,50,11.1,29.2
2026-06-24,03,Bengaluru,31,5.9,8.2
2026-06-24,03,Kolkata,151,38.6,42.0
2026-06-24,03,Chennai,61,17.7,20.2
2026-06-24,03,Hyderabad,37,4.8,5.9
2026-06-24,03,Pune,22,2.0,2.0
2026-06-24,03,Ahmedabad,76,19.3,40.3
2026-06-24,04,Delhi,194,116.9,333.4
2026-06-24,04,Mumbai,51,11.1,31.7
2026-06-24,04,Bengaluru,32,5.3,7.4
2026-06-24,04,Kolkata,151,37.7,41.3
2026-06-24,04,Chennai,62,17.6,19.7
2026-06-24,04,Hyderabad,36,4.2,5.1
2026-06-24,04,Pune,21,2.2,2.3
2026-06-24,04,Ahmedabad,76,18.7,38.1
2026-06-24,05,Delhi,198,128.5,421.0
2026-06-24,05,Mumbai,51,8.4,20.9
2026-06-24,05,Bengaluru,32,4.6,6.8
2026-06-24,05,Kolkata,150,64.3,69.4
2026-06-24,05,Chennai,63,19.6,21.9
2026-06-24,05,Hyderabad,36,3.2,3.8
2026-06-24,05,Pune,21,3.2,5.1
2026-06-24,05,Ahmedabad,77,17.9,35.3
2026-06-24,06,Delhi,206,125.7,379.0
2026-06-24,06,Mumbai,51,9.3,19.7
2026-06-24,06,Bengaluru,33,5.6,7.8
2026-06-24,06,Kolkata,151,65.7,70.3
2026-06-24,06,Chennai,63,19.4,21.6
2026-06-24,06,Hyderabad,35,3.7,4.2
2026-06-24,06,Pune,21,3.9,5.3
2026-06-24,06,Ahmedabad,77,17.3,32.8
2026-06-24,07,Delhi,216,118.7,377.2
2026-06-24,07,Mumbai,52,10.2,17.7
2026-06-24,07,Bengaluru,33,6.9,9.3
2026-06-24,07,Kolkata,152,62.9,67.3
2026-06-24,07,Chennai,64,20.1,22.2
2026-06-24,07,Hyderabad,34,4.0,4.6
2026-06-24,07,Pune,21,5.9,7.1
2026-06-24,07,Ahmedabad,77,16.9,33.6
2026-06-24,08,Delhi,224,112.9,457.3
2026-06-24,08,Mumbai,52,10.3,16.2
2026-06-24,08,Bengaluru,34,7.0,11.3
2026-06-24,08,Kolkata,153,60.5,65.2
2026-06-24,08,Chennai,65,18.9,21.5
2026-06-24,08,Hyderabad,33,3.4,4.0
2026-06-24,08,Pune,21,6.9,7.6
2026-06-24,08,Ahmedabad,77,15.7,33.6
2026-06-24,09,Delhi,236,98.7,422.8
2026-06-24,09,Mumbai,52,12.1,16.8
2026-06-24,09,Bengaluru,35,8.4,15.3
2026-06-24,09,Kolkata,153,57.6,65.0
2026-06-24,09,Chennai,66,16.5,20.3
2026-06-24,09,Hyderabad,32,4.0,4.6
2026-06-24,09,Pune,22,6.5,7.4
2026-06-24,09,Ahmedabad,77,16.4,38.5
2026-06-24,10,Delhi,248,88.2,374.4
2026-06-24,10,Mumbai,52,12.9,16.2
2026-06-24,10,Bengaluru,36,9.8,17.7
2026-06-24,10,Kolkata,153,60.5,71.2
2026-06-24,10,Chennai,66,15.8,20.5
2026-06-24,10,Hyderabad,32,3.8,4.9
2026-06-24,10,Pune,22,6.7,8.1
2026-06-24,10,Ahmedabad,76,19.4,53.4
2026-06-24,11,Delhi,254,85.7,383.7
2026-06-24,11,Mumbai,53,12.4,15.5
2026-06-24,11,Bengaluru,37,10.2,18.5
2026-06-24,11,Kolkata,154,61.9,76.4
2026-06-24,11,Chennai,67,16.3,21.5
2026-06-24,11,Hyderabad,31,4.0,5.8
2026-06-24,11,Pune,23,6.4,9.3
2026-06-24,11,Ahmedabad,76,20.4,58.3
2026-06-24,12,Delhi,262,87.5,418.2
2026-06-24,12,Mumbai,53,12.0,15.8
2026-06-24,12,Bengaluru,39,8.9,16.0
2026-06-24,12,Kolkata,154,61.0,75.7
2026-06-24,12,Chennai,67,17.6,24.0
2026-06-24,12,Hyderabad,31,4.4,6.7
2026-06-24,12,Pune,23,6.7,10.2
2026-06-24,12,Ahmedabad,76,22.6,71.0
2026-06-24,13,Delhi,269,85.7,427.5
2026-06-24,13,Mumbai,53,12.1,18.7
2026-06-24,13,Bengaluru,40,8.1,14.0
2026-06-24,13,Kolkata,154,58.1,71.2
2026-06-24,13,Chennai,67,18.7,26.1
2026-06-24,13,Hyderabad,31,4.6,7.6
2026-06-24,13,Pune,24,6.0,8.8
2026-06-24,13,Ahmedabad,75,24.4,79.2
2026-06-24,14,Delhi,273,77.8,380.0
2026-06-24,14,Mumbai,53,13.8,26.0
2026-06-24,14,Bengaluru,40,7.1,11.9
2026-06-24,14,Kolkata,155,56.3,67.8
2026-06-24,14,Chennai,68,18.5,26.2
2026-06-24,14,Hyderabad,30,5.4,8.8
2026-06-24,14,Pune,24,6.3,9.1
2026-06-24,14,Ahmedabad,75,25.7,83.6
2026-06-24,15,Delhi,274,74.7,365.1
2026-06-24,15,Mumbai,54,14.9,29.0
2026-06-24,15,Bengaluru,41,7.2,11.0
2026-06-24,15,Kolkata,155,55.2,67.1
2026-06-24,15,Chennai,68,17.5,25.3
2026-06-24,15,Hyderabad,31,6.1,9.8
2026-06-24,15,Pune,24,7.2,10.0
2026-06-24,15,Ahmedabad,75,25.4,79.2
2026-06-24,16,Delhi,270,77.1,395.8
2026-06-24,16,Mumbai,54,15.3,32.6
2026-06-24,16,Bengaluru,41,7.3,10.9
2026-06-24,16,Kolkata,155,57.3,66.8
2026-06-24,16,Chennai,68,16.9,25.0
2026-06-24,16,Hyderabad,33,6.9,10.5
2026-06-24,16,Pune,25,6.5,9.1
2026-06-24,16,Ahmedabad,75,24.6,71.5
2026-06-24,17,Delhi,268,76.6,377.2
2026-06-24,17,Mumbai,55,15.1,35.3
2026-06-24,17,Bengaluru,42,6.4,9.4
2026-06-24,17,Kolkata,155,56.5,64.3
2026-06-24,17,Chennai,68,17.6,25.7
2026-06-24,17,Hyderabad,36,7.4,11.1
2026-06-24,17,Pune,25,6.5,8.1
2026-06-24,17,Ahmedabad,74,23.5,63.8
2026-06-24,18,Delhi,260,79.4,331.6
2026-06-24,18,Mumbai,55,14.4,36.9
2026-06-24,18,Bengaluru,42,6.1,8.3
2026-06-24,18,Kolkata,155,55.8,61.7
2026-06-24,18,Chennai,68,19.6,27.7
2026-06-24,18,Hyderabad,38,8.4,10.7
2026-06-24,18,Pune,26,7.4,8.6
2026-06-24,18,Ahmedabad,74,23.1,58.0
2026-06-24,19,Delhi,251,85.2,318.5
2026-06-24,19,Mumbai,55,13.9,36.2
2026-06-24,19,Bengaluru,41,6.5,8.2
2026-06-24,19,Kolkata,154,51.1,55.4
2026-06-24,19,Chennai,68,20.0,27.0
2026-06-24,19,Hyderabad,38,7.7,9.1
2026-06-24,19,Pune,27,8.1,9.5
2026-06-24,19,Ahmedabad,73,23.7,50.2
2026-06-24,20,Delhi,244,93.1,328.8
2026-06-24,20,Mumbai,56,14.1,39.5
2026-06-24,20,Bengaluru,41,6.7,8.3
2026-06-24,20,Kolkata,152,47.3,50.4
2026-06-24,20,Chennai,67,19.9,25.8
2026-06-24,20,Hyderabad,38,6.6,7.3
2026-06-24,20,Pune,28,8.8,10.5
2026-06-24,20,Ahmedabad,73,25.2,48.8
2026-06-24,21,Delhi,237,102.0,350.2
2026-06-24,21,Mumbai,56,12.9,34.8
2026-06-24,21,Bengaluru,40,6.5,8.1
2026-06-24,21,Kolkata,151,45.8,48.3
2026-06-24,21,Chennai,67,18.6,23.7
2026-06-24,21,Hyderabad,37,5.9,6.5
2026-06-24,21,Pune,29,9.5,11.0
2026-06-24,21,Ahmedabad,73,24.8,46.0
2026-06-24,22,Delhi,233,113.9,364.1
2026-06-24,22,Mumbai,56,12.5,30.7
2026-06-24,22,Bengaluru,40,6.5,8.2
2026-06-24,22,Kolkata,150,44.2,46.3
2026-06-24,22,Chennai,67,17.1,21.8
2026-06-24,22,Hyderabad,35,5.5,6.1
2026-06-24,22,Pune,30,10.7,12.3
2026-06-24,22,Ahmedabad,73,23.3,42.6
2026-06-24,23,Delhi,230,121.5,366.0
2026-06-24,23,Mumbai,56,12.7,30.4
2026-06-24,23,Bengaluru,39,6.5,8.1
2026-06-24,23,Kolkata,147,42.7,44.4
2026-06-24,23,Chennai,67,15.7,19.7
2026-06-24,23,Hyderabad,33,4.9,5.5
2026-06-24,23,Pune,32,12.4,14.1
2026-06-24,23,Ahmedabad,73,21.8,41.1
2026-06-25,00,Delhi,229,121.5,357.6
2026-06-25,00,Mumbai,56,13.2,31.8
2026-06-25,00,Bengaluru,39,5.8,7.3
2026-06-25,00,Kolkata,145,42.3,43.5
2026-06-25,00,Chennai,67,14.7,18.2
2026-06-25,00,Hyderabad,31,4.3,4.8
2026-06-25,00,Pune,34,13.7,15.3
2026-06-25,00,Ahmedabad,73,20.3,40.7
2026-06-25,01,Delhi,228,120.1,349.2
2026-06-25,01,Mumbai,56,13.5,32.2
2026-06-25,01,Bengaluru,39,4.9,6.2
2026-06-25,01,Kolkata,144,43.2,44.2
2026-06-25,01,Chennai,67,14.4,17.5
2026-06-25,01,Hyderabad,29,4.1,4.5
2026-06-25,01,Pune,36,14.4,16.2
2026-06-25,01,Ahmedabad,73,18.8,39.1
2026-06-25,02,Delhi,227,119.7,338.1
2026-06-25,02,Mumbai,56,13.7,32.4
2026-06-25,02,Bengaluru,38,4.3,5.2
2026-06-25,02,Kolkata,143,45.1,46.0
2026-06-25,02,Chennai,67,14.6,17.4
2026-06-25,02,Hyderabad,28,4.1,4.6
2026-06-25,02,Pune,39,11.8,15.2
2026-06-25,02,Ahmedabad,73,18.0,37.1
2026-06-25,03,Delhi,226,120.6,331.6
2026-06-25,03,Mumbai,57,13.6,32.6
2026-06-25,03,Bengaluru,38,3.7,4.3
2026-06-25,03,Kolkata,144,45.4,46.1
2026-06-25,03,Chennai,66,14.8,17.5
2026-06-25,03,Hyderabad,28,4.2,4.9
2026-06-25,03,Pune,42,9.2,12.7
2026-06-25,03,Ahmedabad,73,17.9,37.1
2026-06-25,04,Delhi,225,123.9,334.3
2026-06-25,04,Mumbai,57,13.4,33.8
2026-06-25,04,Bengaluru,37,3.3,3.9
2026-06-25,04,Kolkata,144,46.0,46.7
2026-06-25,04,Chennai,66,14.9,17.3
2026-06-25,04,Hyderabad,28,4.4,5.5
2026-06-25,04,Pune,43,6.6,9.4
2026-06-25,04,Ahmedabad,73,18.2,37.8
2026-06-25,05,Delhi,226,129.0,336.2
2026-06-25,05,Mumbai,57,13.1,32.0
2026-06-25,05,Bengaluru,37,3.5,4.3
2026-06-25,05,Kolkata,145,48.0,48.5
2026-06-25,05,Chennai,66,14.7,17.0
2026-06-25,05,Hyderabad,28,4.8,6.4
2026-06-25,05,Pune,44,5.1,7.2
2026-06-25,05,Ahmedabad,73,18.7,38.8
2026-06-25,06,Delhi,221,131.8,313.9
2026-06-25,06,Mumbai,58,13.4,31.4
2026-06-25,06,Bengaluru,36,4.3,5.4
2026-06-25,06,Kolkata,144,48.1,48.7
2026-06-25,06,Chennai,65,14.8,16.9
2026-06-25,06,Hyderabad,28,5.7,7.7
2026-06-25,06,Pune,45,3.7,5.1
2026-06-25,06,Ahmedabad,73,19.3,40.4
2026-06-25,07,Delhi,217,122.5,291.5
2026-06-25,07,Mumbai,58,14.1,31.3
2026-06-25,07,Bengaluru,36,5.2,6.7
2026-06-25,07,Kolkata,142,39.7,40.6
2026-06-25,07,Chennai,65,15.1,17.5
2026-06-25,07,Hyderabad,29,6.3,9.9
2026-06-25,07,Pune,45,3.7,5.0
2026-06-25,07,Ahmedabad,73,20.4,48.2
2026-06-25,08,Delhi,212,118.3,332.5
2026-06-25,08,Mumbai,58,14.5,30.9
2026-06-25,08,Bengaluru,36,5.1,7.2
2026-06-25,08,Kolkata,139,34.0,34.9
2026-06-25,08,Chennai,65,13.5,16.9
2026-06-25,08,Hyderabad,29,8.5,17.6
2026-06-25,08,Pune,44,4.1,5.8
2026-06-25,08,Ahmedabad,73,21.1,53.1
2026-06-25,09,Delhi,204,112.2,358.6
2026-06-25,09,Mumbai,58,14.5,30.3
2026-06-25,09,Bengaluru,35,5.5,8.8
2026-06-25,09,Kolkata,137,31.7,32.6
2026-06-25,09,Chennai,64,12.7,16.9
2026-06-25,09,Hyderabad,31,9.7,21.0
2026-06-25,09,Pune,44,4.2,6.6
2026-06-25,09,Ahmedabad,74,22.0,57.9
2026-06-25,10,Delhi,200,105.2,361.4
2026-06-25,10,Mumbai,59,13.9,27.4
2026-06-25,10,Bengaluru,35,6.5,11.1
2026-06-25,10,Kolkata,134,30.2,31.3
2026-06-25,10,Chennai,64,13.3,18.2
2026-06-25,10,Hyderabad,32,11.1,24.1
2026-06-25,10,Pune,43,5.0,9.1
2026-06-25,10,Ahmedabad,74,23.1,63.1
2026-06-25,11,Delhi,200,98.5,335.3
2026-06-25,11,Mumbai,59,15.4,27.8
2026-06-25,11,Bengaluru,34,6.6,11.8
2026-06-25,11,Kolkata,131,28.9,30.3
2026-06-25,11,Chennai,64,13.9,19.1
2026-06-25,11,Hyderabad,34,12.4,26.7
2026-06-25,11,Pune,43,6.2,12.2
2026-06-25,11,Ahmedabad,74,23.8,65.9
2026-06-25,12,Delhi,199,93.4,312.9
2026-06-25,12,Mumbai,59,17.0,29.7
2026-06-25,12,Bengaluru,33,6.6,11.4
2026-06-25,12,Kolkata,127,27.4,29.0
2026-06-25,12,Chennai,64,15.7,21.3
2026-06-25,12,Hyderabad,36,13.4,28.5
2026-06-25,12,Pune,43,7.1,15.4
2026-06-25,12,Ahmedabad,75,24.2,67.5
2026-06-25,13,Delhi,197,90.3,299.0
2026-06-25,13,Mumbai,59,16.8,29.6
2026-06-25,13,Bengaluru,32,6.4,10.9
2026-06-25,13,Kolkata,124,26.0,28.1
2026-06-25,13,Chennai,63,18.9,26.3
2026-06-25,13,Hyderabad,38,13.3,26.8
2026-06-25,13,Pune,43,7.5,17.2
2026-06-25,13,Ahmedabad,75,24.3,68.5
2026-06-25,14,Delhi,194,85.4,284.1
2026-06-25,14,Mumbai,60,16.4,28.1
2026-06-25,14,Bengaluru,32,6.3,11.2
2026-06-25,14,Kolkata,120,24.9,26.9
2026-06-25,14,Chennai,63,19.6,27.8
2026-06-25,14,Hyderabad,40,12.9,25.1
2026-06-25,14,Pune,43,7.3,17.2
2026-06-25,14,Ahmedabad,75,24.4,68.5
2026-06-25,15,Delhi,192,82.4,289.6
2026-06-25,15,Mumbai,60,14.8,24.9
2026-06-25,15,Bengaluru,32,6.9,12.6
2026-06-25,15,Kolkata,125,24.7,26.6
2026-06-25,15,Chennai,64,18.5,26.5
2026-06-25,15,Hyderabad,41,12.2,21.5
2026-06-25,15,Pune,43,7.9,15.7
2026-06-25,15,Ahmedabad,75,24.6,69.2
2026-06-25,16,Delhi,190,78.0,285.9
2026-06-25,16,Mumbai,60,12.9,22.5
2026-06-25,16,Bengaluru,32,8.6,14.1
2026-06-25,16,Kolkata,132,25.8,27.9
2026-06-25,16,Chennai,64,17.6,25.7
2026-06-25,16,Hyderabad,43,13.3,20.8
2026-06-25,16,Pune,43,8.2,15.4
2026-06-25,16,Ahmedabad,75,24.7,69.6
2026-06-25,17,Delhi,188,56.5,165.8
2026-06-25,17,Mumbai,60,17.4,38.9
2026-06-25,17,Bengaluru,32,8.8,11.4
2026-06-25,17,Kolkata,131,46.7,63.6
2026-06-25,17,Chennai,64,12.5,18.1
2026-06-25,17,Hyderabad,44,16.2,33.9
2026-06-25,17,Pune,44,9.4,19.2
2026-06-25,17,Ahmedabad,75,24.7,73.3
2026-06-25,18,Delhi,185,58.8,152.3
2026-06-25,18,Mumbai,60,17.7,40.4
2026-06-25,18,Bengaluru,33,8.8,10.7
2026-06-25,18,Kolkata,122,45.1,55.3
2026-06-25,18,Chennai,72,13.0,18.2
2026-06-25,18,Hyderabad,46,17.3,29.5
2026-06-25,18,Pune,44,8.0,14.0
2026-06-25,18,Ahmedabad,75,35.9,117.6
2026-06-25,19,Delhi,184,68.0,156.0
2026-06-25,19,Mumbai,60,17.6,40.2
2026-06-25,19,Bengaluru,33,9.3,10.7
2026-06-25,19,Kolkata,109,41.8,48.9
2026-06-25,19,Chennai,76,13.6,18.7
2026-06-25,19,Hyderabad,48,20.5,32.0
2026-06-25,19,Pune,45,7.9,12.0
2026-06-25,19,Ahmedabad,76,27.4,66.6
2026-06-25,20,Delhi,184,75.4,156.0
2026-06-25,20,Mumbai,60,17.3,39.3
2026-06-25,20,Bengaluru,34,8.9,10.4
2026-06-25,20,Kolkata,108,40.6,45.8
2026-06-25,20,Chennai,76,14.3,19.2
2026-06-25,20,Hyderabad,50,22.5,35.0
2026-06-25,20,Pune,45,8.2,11.0
2026-06-25,20,Ahmedabad,76,28.2,58.8
2026-06-25,21,Delhi,183,71.7,149.5
2026-06-25,21,Mumbai,61,16.8,38.4
2026-06-25,21,Bengaluru,34,8.4,10.1
2026-06-25,21,Kolkata,107,44.5,49.1
2026-06-25,21,Chennai,73,14.5,18.4
2026-06-25,21,Hyderabad,52,23.2,36.8
2026-06-25,21,Pune,44,8.1,10.1
2026-06-25,21,Ahmedabad,76,29.0,56.2
2026-06-25,22,Delhi,182,72.4,150.4
2026-06-25,22,Mumbai,61,16.7,37.1
2026-06-25,22,Bengaluru,35,8.0,9.9
2026-06-25,22,Kolkata,107,43.5,47.4
2026-06-25,22,Chennai,67,15.3,18.9
2026-06-25,22,Hyderabad,53,21.9,36.6
2026-06-25,22,Pune,44,9.3,11.0
2026-06-25,22,Ahmedabad,77,27.5,50.9
2026-06-25,23,Delhi,181,79.2,200.7
2026-06-25,23,Mumbai,61,16.7,36.8
2026-06-25,23,Bengaluru,35,7.3,9.4
2026-06-25,23,Kolkata,107,39.8,43.4
2026-06-25,23,Chennai,61,15.6,19.2
2026-06-25,23,Hyderabad,54,18.9,30.4
2026-06-25,23,Pune,44,11.7,13.1
2026-06-25,23,Ahmedabad,77,24.0,43.9
2026-06-26,00,Delhi,180,83.4,233.3
2026-06-26,00,Mumbai,62,16.2,34.6
2026-06-26,00,Bengaluru,35,6.7,9.0
2026-06-26,00,Kolkata,106,36.7,40.3
2026-06-26,00,Chennai,61,16.9,20.8
2026-06-26,00,Hyderabad,55,15.2,23.2
2026-06-26,00,Pune,44,12.2,13.4
2026-06-26,00,Ahmedabad,77,22.1,45.2
2026-06-26,01,Delhi,179,83.4,207.2
2026-06-26,01,Mumbai,62,16.1,33.8
2026-06-26,01,Bengaluru,36,6.4,9.0
2026-06-26,01,Kolkata,106,34.9,38.4
2026-06-26,01,Chennai,62,18.3,22.1
2026-06-26,01,Hyderabad,56,13.2,19.5
2026-06-26,01,Pune,43,10.4,13.2
2026-06-26,01,Ahmedabad,77,18.9,38.6
2026-06-26,02,Delhi,178,86.1,202.1
2026-06-26,02,Mumbai,62,15.9,33.1
2026-06-26,02,Bengaluru,36,6.3,9.1
2026-06-26,02,Kolkata,105,37.6,41.3
2026-06-26,02,Chennai,62,18.4,21.9
2026-06-26,02,Hyderabad,57,12.3,17.8
2026-06-26,02,Pune,42,11.2,13.9
2026-06-26,02,Ahmedabad,77,17.6,37.4
2026-06-26,03,Delhi,177,88.2,205.4
2026-06-26,03,Mumbai,62,15.7,32.6
2026-06-26,03,Bengaluru,36,6.2,9.0
2026-06-26,03,Kolkata,104,46.2,50.4
2026-06-26,03,Chennai,62,17.7,20.9
2026-06-26,03,Hyderabad,58,11.5,16.5
2026-06-26,03,Pune,42,11.9,15.7
2026-06-26,03,Ahmedabad,77,16.8,36.7
2026-06-26,04,Delhi,176,91.0,207.7
2026-06-26,04,Mumbai,62,15.4,32.0
2026-06-26,04,Bengaluru,37,6.3,8.9
2026-06-26,04,Kolkata,104,52.7,56.6
2026-06-26,04,Chennai,62,17.1,20.0
2026-06-26,04,Hyderabad,58,11.2,16.0
2026-06-26,04,Pune,43,12.7,16.8
2026-06-26,04,Ahmedabad,77,15.9,33.8
2026-06-26,05,Delhi,175,105.7,202.1
2026-06-26,05,Mumbai,63,13.1,28.8
2026-06-26,05,Bengaluru,38,6.2,9.7
2026-06-26,05,Kolkata,105,37.5,41.1
2026-06-26,05,Chennai,63,13.7,16.9
2026-06-26,05,Hyderabad,59,13.1,19.7
2026-06-26,05,Pune,44,8.8,13.0
2026-06-26,05,Ahmedabad,77,16.0,30.6
2026-06-26,06,Delhi,174,101.5,188.6
2026-06-26,06,Mumbai,63,13.5,29.4
2026-06-26,06,Bengaluru,38,7.4,11.4
2026-06-26,06,Kolkata,104,40.6,44.2
2026-06-26,06,Chennai,62,13.5,16.8
2026-06-26,06,Hyderabad,59,12.5,18.0
2026-06-26,06,Pune,45,7.7,11.0
2026-06-26,06,Ahmedabad,77,15.8,30.2
2026-06-26,07,Delhi,173,89.9,186.7
2026-06-26,07,Mumbai,63,15.3,32.4
2026-06-26,07,Bengaluru,39,8.6,14.0
2026-06-26,07,Kolkata,103,34.8,40.9
2026-06-26,07,Chennai,62,14.6,18.2
2026-06-26,07,Hyderabad,60,12.8,18.8
2026-06-26,07,Pune,46,5.7,8.6
2026-06-26,07,Ahmedabad,76,15.7,32.1
2026-06-26,08,Delhi,172,79.2,196.0
2026-06-26,08,Mumbai,63,17.2,35.7
2026-06-26,08,Bengaluru,40,8.6,15.1
2026-06-26,08,Kolkata,103,31.7,39.5
2026-06-26,08,Chennai,62,15.0,19.5
2026-06-26,08,Hyderabad,60,12.8,20.3
2026-06-26,08,Pune,46,5.8,9.1
2026-06-26,08,Ahmedabad,76,15.8,34.1
2026-06-26,09,Delhi,171,77.3,200.2
2026-06-26,09,Mumbai,63,19.8,39.3
2026-06-26,09,Bengaluru,41,8.0,13.7
2026-06-26,09,Kolkata,102,29.7,38.3
2026-06-26,09,Chennai,62,15.0,21.0
2026-06-26,09,Hyderabad,61,13.6,22.6
2026-06-26,09,Pune,47,6.3,11.4
2026-06-26,09,Ahmedabad,76,16.5,38.8
2026-06-26,10,Delhi,170,69.8,177.4
2026-06-26,10,Mumbai,63,23.0,43.2
2026-06-26,10,Bengaluru,41,6.7,11.0
2026-06-26,10,Kolkata,102,28.6,37.7
2026-06-26,10,Chennai,63,16.2,23.8
2026-06-26,10,Hyderabad,61,17.5,31.4
2026-06-26,10,Pune,47,7.9,16.4
2026-06-26,10,Ahmedabad,75,17.8,45.9
2026-06-26,11,Delhi,169,62.2,155.5
2026-06-26,11,Mumbai,64,25.7,46.2
2026-06-26,11,Bengaluru,41,5.6,9.1
2026-06-26,11,Kolkata,102,27.4,37.8
2026-06-26,11,Chennai,63,17.5,26.1
2026-06-26,11,Hyderabad,62,16.1,30.5
2026-06-26,11,Pune,48,9.8,20.6
2026-06-26,11,Ahmedabad,75,19.6,55.6
2026-06-26,12,Delhi,168,52.3,137.4
2026-06-26,12,Mumbai,65,26.0,45.6
2026-06-26,12,Bengaluru,41,5.0,7.9
2026-06-26,12,Kolkata,102,27.9,39.2
2026-06-26,12,Chennai,63,18.2,27.6
2026-06-26,12,Hyderabad,62,16.4,31.7
2026-06-26,12,Pune,49,11.8,25.0
2026-06-26,12,Ahmedabad,74,21.1,63.6
2026-06-26,13,Delhi,167,51.3,152.3
2026-06-26,13,Mumbai,66,25.7,44.2
2026-06-26,13,Bengaluru,41,4.4,7.0
2026-06-26,13,Kolkata,102,26.8,37.7
2026-06-26,13,Chennai,63,18.2,27.6
2026-06-26,13,Hyderabad,62,17.2,32.4
2026-06-26,13,Pune,50,13.4,29.6
2026-06-26,13,Ahmedabad,74,22.1,67.5
2026-06-26,14,Delhi,165,51.1,155.1
2026-06-26,14,Mumbai,66,24.8,42.3
2026-06-26,14,Bengaluru,40,5.0,8.5
2026-06-26,14,Kolkata,102,26.1,36.7
2026-06-26,14,Chennai,63,18.7,28.6
2026-06-26,14,Hyderabad,62,19.2,37.4
2026-06-26,14,Pune,50,14.2,31.3
2026-06-26,14,Ahmedabad,74,22.5,69.2
2026-06-26,15,Delhi,164,48.9,156.9
2026-06-26,15,Mumbai,67,22.6,39.0
2026-06-26,15,Bengaluru,40,6.4,8.7
2026-06-26,15,Kolkata,102,24.1,33.2
2026-06-26,15,Chennai,63,19.2,29.5
2026-06-26,15,Hyderabad,63,19.9,39.7
2026-06-26,15,Pune,51,14.2,30.7
2026-06-26,15,Ahmedabad,74,22.6,68.7
2026-06-26,16,Delhi,164,52.2,195.1
2026-06-26,16,Mumbai,68,19.4,33.6
2026-06-26,16,Bengaluru,40,6.6,8.9
2026-06-26,16,Kolkata,102,20.0,26.6
2026-06-26,16,Chennai,63,19.6,30.2
2026-06-26,16,Hyderabad,64,20.9,40.3
2026-06-26,16,Pune,51,13.9,29.7
2026-06-26,16,Ahmedabad,74,22.4,66.6
2026-06-26,17,Delhi,174,51.7,156.5
2026-06-26,17,Mumbai,68,20.8,42.6
2026-06-26,17,Bengaluru,39,9.6,14.3
2026-06-26,17,Kolkata,101,30.7,40.5
2026-06-26,17,Chennai,63,29.2,44.9
2026-06-26,17,Hyderabad,64,27.3,56.0
2026-06-26,17,Pune,52,19.8,46.8
2026-06-26,17,Ahmedabad,74,26.0,83.1
2026-06-26,18,Delhi,178,57.2,151.8
2026-06-26,18,Mumbai,68,19.6,39.9
2026-06-26,18,Bengaluru,40,12.6,16.9
2026-06-26,18,Kolkata,100,31.4,37.7
2026-06-26,18,Chennai,65,31.1,45.2
2026-06-26,18,Hyderabad,65,29.8,53.2
2026-06-26,18,Pune,53,18.5,39.0
2026-06-26,18,Ahmedabad,74,25.3,77.3
2026-06-26,19,Delhi,173,65.7,155.1
2026-06-26,19,Mumbai,68,18.6,37.7
2026-06-26,19,Bengaluru,40,13.4,17.1
2026-06-26,19,Kolkata,99,29.6,34.2
2026-06-26,19,Chennai,66,31.8,45.9
2026-06-26,19,Hyderabad,66,34.7,58.2
2026-06-26,19,Pune,54,15.5,27.4
2026-06-26,19,Ahmedabad,73,26.0,64.5
2026-06-26,20,Delhi,162,65.7,170.9
2026-06-26,20,Mumbai,69,17.9,36.1
2026-06-26,20,Bengaluru,41,13.4,16.7
2026-06-26,20,Kolkata,98,28.4,31.9
2026-06-26,20,Chennai,68,31.8,45.6
2026-06-26,20,Hyderabad,67,38.5,63.1
2026-06-26,20,Pune,54,14.1,22.5
2026-06-26,20,Ahmedabad,73,29.7,65.0
2026-06-26,21,Delhi,162,69.6,183.9
2026-06-26,21,Mumbai,69,17.3,34.3
2026-06-26,21,Bengaluru,42,13.0,16.1
2026-06-26,21,Kolkata,97,30.2,32.9
2026-06-26,21,Chennai,69,31.5,45.2
2026-06-26,21,Hyderabad,68,40.2,65.2
2026-06-26,21,Pune,55,13.4,20.4
2026-06-26,21,Ahmedabad,73,33.5,69.2
2026-06-26,22,Delhi,162,77.1,189.5
2026-06-26,22,Mumbai,69,16.8,32.8
2026-06-26,22,Bengaluru,43,12.4,15.4
2026-06-26,22,Kolkata,96,32.0,34.5
2026-06-26,22,Chennai,70,31.7,45.1
2026-06-26,22,Hyderabad,70,41.3,67.8
2026-06-26,22,Pune,55,13.3,19.3
2026-06-26,22,Ahmedabad,73,34.5,68.5
2026-06-26,23,Delhi,162,82.9,204.9
2026-06-26,23,Mumbai,69,16.5,32.4
2026-06-26,23,Bengaluru,44,11.2,14.3
2026-06-26,23,Kolkata,95,31.5,34.0
2026-06-26,23,Chennai,72,30.6,43.7
2026-06-26,23,Hyderabad,71,41.1,66.8
2026-06-26,23,Pune,55,13.1,18.7
2026-06-26,23,Ahmedabad,74,31.9,62.6
2026-06-27,00,Delhi,162,85.2,214.7
2026-06-27,00,Mumbai,69,15.7,30.2
2026-06-27,00,Bengaluru,45,10.1,13.4
2026-06-27,00,Kolkata,94,32.1,34.7
2026-06-27,00,Chennai,73,29.3,41.9
2026-06-27,00,Hyderabad,73,38.2,63.1
2026-06-27,00,Pune,55,12.3,17.3
2026-06-27,00,Ahmedabad,74,26.5,49.5
2026-06-27,01,Delhi,162,81.7,210.5
2026-06-27,01,Mumbai,69,15.0,28.8
2026-06-27,01,Bengaluru,46,9.5,13.2
2026-06-27,01,Kolkata,94,31.7,34.2
2026-06-27,01,Chennai,74,28.9,41.0
2026-06-27,01,Hyderabad,75,34.9,59.6
2026-06-27,01,Pune,55,10.7,15.3
2026-06-27,01,Ahmedabad,75,23.0,42.3
2026-06-27,02,Delhi,162,73.8,188.6
2026-06-27,02,Mumbai,68,14.1,26.8
2026-06-27,02,Bengaluru,47,9.3,13.2
2026-06-27,02,Kolkata,93,30.5,33.2
2026-06-27,02,Chennai,75,28.8,39.6
2026-06-27,02,Hyderabad,76,33.6,58.0
2026-06-27,02,Pune,56,9.6,13.5
2026-06-27,02,Ahmedabad,75,21.2,40.2
2026-06-27,03,Delhi,162,68.5,174.2
2026-06-27,03,Mumbai,68,13.7,25.4
2026-06-27,03,Bengaluru,48,9.1,13.3
2026-06-27,03,Kolkata,93,29.6,32.1
2026-06-27,03,Chennai,75,29.5,39.1
2026-06-27,03,Hyderabad,78,28.8,46.9
2026-06-27,03,Pune,55,8.9,12.5
2026-06-27,03,Ahmedabad,75,20.4,41.2
2026-06-27,04,Delhi,161,66.8,175.6
2026-06-27,04,Mumbai,68,13.6,24.4
2026-06-27,04,Bengaluru,48,9.0,13.4
2026-06-27,04,Kolkata,92,28.2,30.6
2026-06-27,04,Chennai,76,29.6,38.4
2026-06-27,04,Hyderabad,80,23.2,35.7
2026-06-27,04,Pune,55,8.4,11.6
2026-06-27,04,Ahmedabad,76,19.8,41.4
2026-06-27,05,Delhi,161,73.1,273.8
2026-06-27,05,Mumbai,68,12.4,21.2
2026-06-27,05,Bengaluru,49,7.4,11.1
2026-06-27,05,Kolkata,90,30.3,33.3
2026-06-27,05,Chennai,77,18.3,22.6
2026-06-27,05,Hyderabad,80,19.4,29.3
2026-06-27,05,Pune,55,6.7,8.5
2026-06-27,05,Ahmedabad,76,19.6,41.6
2026-06-27,06,Delhi,160,86.8,337.1
2026-06-27,06,Mumbai,68,12.5,20.7
2026-06-27,06,Bengaluru,49,8.1,11.6
2026-06-27,06,Kolkata,89,26.8,30.9
2026-06-27,06,Chennai,78,17.6,21.3
2026-06-27,06,Hyderabad,81,16.7,24.9
2026-06-27,06,Pune,55,6.8,8.7
2026-06-27,06,Ahmedabad,76,19.5,41.8
2026-06-27,07,Delhi,159,105.0,434.0
2026-06-27,07,Mumbai,68,12.8,20.5
2026-06-27,07,Bengaluru,49,8.1,12.3
2026-06-27,07,Kolkata,88,21.4,26.6
2026-06-27,07,Chennai,78,17.9,21.6
2026-06-27,07,Hyderabad,81,15.3,23.1
2026-06-27,07,Pune,55,6.6,9.1
2026-06-27,07,Ahmedabad,76,19.8,46.4
2026-06-27,08,Delhi,160,116.9,484.3
2026-06-27,08,Mumbai,68,13.5,20.7
2026-06-27,08,Bengaluru,49,8.2,12.7
2026-06-27,08,Kolkata,87,19.2,24.7
2026-06-27,08,Chennai,78,17.6,22.7
2026-06-27,08,Hyderabad,81,16.1,28.3
2026-06-27,08,Pune,55,7.2,11.3
2026-06-27,08,Ahmedabad,77,20.2,49.8
2026-06-27,09,Delhi,161,117.3,446.1
2026-06-27,09,Mumbai,67,15.1,22.4
2026-06-27,09,Bengaluru,49,8.3,13.8
2026-06-27,09,Kolkata,86,18.2,23.9
2026-06-27,09,Chennai,78,18.0,25.8
2026-06-27,09,Hyderabad,82,18.7,35.5
2026-06-27,09,Pune,55,8.3,14.8
2026-06-27,09,Ahmedabad,77,21.3,56.1
2026-06-27,10,Delhi,162,110.6,380.0
2026-06-27,10,Mumbai,67,18.5,26.8
2026-06-27,10,Bengaluru,49,9.3,18.3
2026-06-27,10,Kolkata,85,17.5,23.2
2026-06-27,10,Chennai,79,20.1,30.6
2026-06-27,10,Hyderabad,82,21.1,40.2
2026-06-27,10,Pune,55,11.0,23.1
2026-06-27,10,Ahmedabad,78,21.9,60.3
2026-06-27,11,Delhi,163,101.0,318.5
2026-06-27,11,Mumbai,67,22.8,32.8
2026-06-27,11,Bengaluru,50,10.4,22.2
2026-06-27,11,Kolkata,84,16.7,21.9
2026-06-27,11,Chennai,79,23.5,35.7
2026-06-27,11,Hyderabad,82,23.5,43.9
2026-06-27,11,Pune,55,13.1,29.2
2026-06-27,11,Ahmedabad,78,21.7,60.5
2026-06-27,12,Delhi,164,93.4,286.8
2026-06-27,12,Mumbai,66,25.4,36.7
2026-06-27,12,Bengaluru,50,10.7,23.5
2026-06-27,12,Kolkata,83,16.6,21.8
2026-06-27,12,Chennai,79,24.3,36.3
2026-06-27,12,Hyderabad,83,26.0,48.5
2026-06-27,12,Pune,55,14.5,32.6
2026-06-27,12,Ahmedabad,78,21.5,60.5
2026-06-27,13,Delhi,166,85.4,258.9
2026-06-27,13,Mumbai,66,24.7,35.9
2026-06-27,13,Bengaluru,51,10.6,23.3
2026-06-27,13,Kolkata,83,16.6,21.7
2026-06-27,13,Chennai,80,24.2,36.0
2026-06-27,13,Hyderabad,84,26.8,48.2
2026-06-27,13,Pune,56,14.3,31.2
2026-06-27,13,Ahmedabad,78,22.0,61.7
2026-06-27,14,Delhi,167,83.6,263.6
2026-06-27,14,Mumbai,66,22.9,33.6
2026-06-27,14,Bengaluru,51,10.6,22.8
2026-06-27,14,Kolkata,82,16.0,20.3
2026-06-27,14,Chennai,80,23.7,35.0
2026-06-27,14,Hyderabad,85,26.5,46.2
2026-06-27,14,Pune,56,15.2,32.6
2026-06-27,14,Ahmedabad,78,22.2,61.9
2026-06-27,15,Delhi,168,76.8,246.8
2026-06-27,15,Mumbai,66,20.3,31.2
2026-06-27,15,Bengaluru,52,10.0,20.8
2026-06-27,15,Kolkata,81,15.6,19.5
2026-06-27,15,Chennai,81,23.0,34.1
2026-06-27,15,Hyderabad,85,26.1,44.2
2026-06-27,15,Pune,56,14.6,30.2
2026-06-27,15,Ahmedabad,78,22.4,61.7
2026-06-27,16,Delhi,168,72.4,234.2
2026-06-27,16,Mumbai,66,18.0,29.5
2026-06-27,16,Bengaluru,52,9.3,19.5
2026-06-27,16,Kolkata,80,15.4,19.0
2026-06-27,16,Chennai,81,22.8,33.8
2026-06-27,16,Hyderabad,86,25.1,40.7
2026-06-27,16,Pune,56,13.2,24.2
2026-06-27,16,Ahmedabad,78,22.9,62.4
2026-06-27,17,Delhi,169,68.0,216.1
2026-06-27,17,Mumbai,66,17.5,27.5
2026-06-27,17,Bengaluru,52,10.9,15.6
2026-06-27,17,Kolkata,80,15.8,19.2
2026-06-27,17,Chennai,81,25.6,38.1
2026-06-27,17,Hyderabad,86,23.9,37.0
2026-06-27,17,Pune,56,11.5,21.1
2026-06-27,17,Ahmedabad,78,20.6,53.3
2026-06-27,18,Delhi,172,70.1,208.2
2026-06-27,18,Mumbai,66,15.8,25.5
2026-06-27,18,Bengaluru,52,10.4,13.2
2026-06-27,18,Kolkata,79,18.8,21.9
2026-06-27,18,Chennai,82,24.5,36.0
2026-06-27,18,Hyderabad,86,26.6,36.8
2026-06-27,18,Pune,55,12.4,21.1
2026-06-27,18,Ahmedabad,78,21.1,53.7
2026-06-27,19,Delhi,170,76.8,218.4
2026-06-27,19,Mumbai,65,14.6,24.1
2026-06-27,19,Bengaluru,52,11.9,14.2
2026-06-27,19,Kolkata,78,21.0,23.9
2026-06-27,19,Chennai,84,23.8,35.2
2026-06-27,19,Hyderabad,85,30.9,42.4
2026-06-27,19,Pune,55,11.6,14.6
2026-06-27,19,Ahmedabad,77,22.5,48.4
2026-06-27,20,Delhi,170,85.4,228.2
2026-06-27,20,Mumbai,65,14.3,24.1
2026-06-27,20,Bengaluru,52,13.3,15.6
2026-06-27,20,Kolkata,77,22.8,25.8
2026-06-27,20,Chennai,80,22.8,33.5
2026-06-27,20,Hyderabad,85,34.6,47.8
2026-06-27,20,Pune,54,11.2,13.3
2026-06-27,20,Ahmedabad,77,25.5,51.6
2026-06-27,21,Delhi,171,94.8,245.9
2026-06-27,21,Mumbai,65,14.3,24.4
2026-06-27,21,Bengaluru,52,12.8,15.3
2026-06-27,21,Kolkata,77,23.7,26.7
2026-06-27,21,Chennai,79,20.8,30.2
2026-06-27,21,Hyderabad,85,37.1,51.5
2026-06-27,21,Pune,54,10.9,12.8
2026-06-27,21,Ahmedabad,77,29.5,56.7
2026-06-27,22,Delhi,171,104.5,270.1
2026-06-27,22,Mumbai,65,15.0,25.7
2026-06-27,22,Bengaluru,52,13.4,16.2
2026-06-27,22,Kolkata,76,23.4,26.4
2026-06-27,22,Chennai,78,19.0,26.8
2026-06-27,22,Hyderabad,85,31.2,44.2
2026-06-27,22,Pune,54,10.4,12.8
2026-06-27,22,Ahmedabad,76,31.5,58.1
2026-06-27,23,Delhi,172,112.0,268.2
2026-06-27,23,Mumbai,64,16.4,27.9
2026-06-27,23,Bengaluru,52,13.8,16.9
2026-06-27,23,Kolkata,75,22.4,25.4
2026-06-27,23,Chennai,77,15.9,22.1
2026-06-27,23,Hyderabad,84,27.9,40.6
2026-06-27,23,Pune,54,10.9,13.3
2026-06-27,23,Ahmedabad,76,28.1,50.4
2026-06-28,00,Delhi,173,115.7,258.0
2026-06-28,00,Mumbai,64,16.6,28.6
2026-06-28,00,Bengaluru,52,13.1,16.5
2026-06-28,00,Kolkata,75,21.5,24.4
2026-06-28,00,Chennai,76,14.5,19.3
2026-06-28,00,Hyderabad,83,24.2,36.4
2026-06-28,00,Pune,53,11.3,13.7
2026-06-28,00,Ahmedabad,76,23.3,41.8
2026-06-28,01,Delhi,174,116.2,245.9
2026-06-28,01,Mumbai,64,15.8,27.8
2026-06-28,01,Bengaluru,52,12.4,16.1
2026-06-28,01,Kolkata,74,19.7,22.5
2026-06-28,01,Chennai,75,15.5,20.1
2026-06-28,01,Hyderabad,82,21.5,33.4
2026-06-28,01,Pune,53,11.2,13.7
2026-06-28,01,Ahmedabad,76,20.4,36.8
2026-06-28,02,Delhi,175,116.9,236.1
2026-06-28,02,Mumbai,65,15.4,27.4
2026-06-28,02,Bengaluru,53,11.6,15.5
2026-06-28,02,Kolkata,73,18.5,21.0
2026-06-28,02,Chennai,74,16.4,21.2
2026-06-28,02,Hyderabad,81,21.1,32.5
2026-06-28,02,Pune,53,11.0,13.6
2026-06-28,02,Ahmedabad,75,19.2,36.0
2026-06-28,03,Delhi,176,116.6,226.8
2026-06-28,03,Mumbai,65,14.6,26.2
2026-06-28,03,Bengaluru,53,10.9,14.9
2026-06-28,03,Kolkata,72,17.7,20.2
2026-06-28,03,Chennai,73,16.8,21.8
2026-06-28,03,Hyderabad,80,21.4,31.3
2026-06-28,03,Pune,54,10.9,13.3
2026-06-28,03,Ahmedabad,75,18.9,37.7
2026-06-28,04,Delhi,178,115.7,222.1
2026-06-28,04,Mumbai,65,14.3,25.3
2026-06-28,04,Bengaluru,53,10.4,14.6
2026-06-28,04,Kolkata,71,18.1,20.6
2026-06-28,04,Chennai,72,16.7,21.6
2026-06-28,04,Hyderabad,79,21.0,29.0
2026-06-28,04,Pune,54,10.4,12.9
2026-06-28,04,Ahmedabad,75,19.2,39.5
2026-06-28,05,Delhi,179,71.7,181.6
2026-06-28,05,Mumbai,65,10.5,17.6
2026-06-28,05,Bengaluru,53,9.5,14.1
2026-06-28,05,Kolkata,70,17.2,20.0
2026-06-28,05,Chennai,71,14.8,20.0
2026-06-28,05,Hyderabad,79,13.5,18.7
2026-06-28,05,Pune,54,7.5,9.7
2026-06-28,05,Ahmedabad,75,19.9,43.8
2026-06-28,06,Delhi,179,71.0,165.3
2026-06-28,06,Mumbai,65,10.2,17.4
2026-06-28,06,Bengaluru,53,9.4,13.7
2026-06-28,06,Kolkata,69,17.1,20.3
2026-06-28,06,Chennai,71,16.3,21.4
2026-06-28,06,Hyderabad,78,12.8,16.9
2026-06-28,06,Pune,54,7.1,9.4
2026-06-28,06,Ahmedabad,75,20.1,43.7
2026-06-28,07,Delhi,179,72.6,182.1
2026-06-28,07,Mumbai,64,10.4,18.0
2026-06-28,07,Bengaluru,53,8.7,13.7
2026-06-28,07,Kolkata,68,16.5,20.4
2026-06-28,07,Chennai,71,16.9,22.3
2026-06-28,07,Hyderabad,78,11.0,15.0
2026-06-28,07,Pune,54,6.9,9.2
2026-06-28,07,Ahmedabad,75,20.7,48.0
2026-06-28,08,Delhi,178,75.0,217.0
2026-06-28,08,Mumbai,64,10.8,18.3
2026-06-28,08,Bengaluru,53,8.4,14.2
2026-06-28,08,Kolkata,68,17.3,21.9
2026-06-28,08,Chennai,71,17.4,23.2
2026-06-28,08,Hyderabad,78,9.3,12.0
2026-06-28,08,Pune,54,6.4,8.8
2026-06-28,08,Ahmedabad,75,21.2,51.7
2026-06-28,09,Delhi,177,76.8,231.9
2026-06-28,09,Mumbai,64,12.6,20.3
2026-06-28,09,Bengaluru,53,8.7,15.3
2026-06-28,09,Kolkata,68,17.9,22.8
2026-06-28,09,Chennai,71,18.4,24.9
2026-06-28,09,Hyderabad,77,8.2,11.3
2026-06-28,09,Pune,54,6.0,8.3
2026-06-28,09,Ahmedabad,75,21.9,57.0
2026-06-28,10,Delhi,175,76.8,226.8
2026-06-28,10,Mumbai,64,15.9,24.4
2026-06-28,10,Bengaluru,53,9.2,16.8
2026-06-28,10,Kolkata,68,18.8,23.8
2026-06-28,10,Chennai,71,20.7,28.3
2026-06-28,10,Hyderabad,76,7.7,10.9
2026-06-28,10,Pune,54,6.5,9.5
2026-06-28,10,Ahmedabad,75,21.9,59.8
2026-06-28,11,Delhi,174,71.2,196.0
2026-06-28,11,Mumbai,64,19.6,29.4
2026-06-28,11,Bengaluru,53,8.5,15.3
2026-06-28,11,Kolkata,68,20.1,25.6
2026-06-28,11,Chennai,71,21.7,29.5
2026-06-28,11,Hyderabad,75,7.3,10.6
2026-06-28,11,Pune,53,6.8,10.8
2026-06-28,11,Ahmedabad,75,21.2,59.0
2026-06-28,12,Delhi,173,66.4,175.6
2026-06-28,12,Mumbai,63,21.2,31.7
2026-06-28,12,Bengaluru,53,7.8,13.6
2026-06-28,12,Kolkata,68,21.8,27.6
2026-06-28,12,Chennai,70,21.4,29.2
2026-06-28,12,Hyderabad,74,7.2,10.4
2026-06-28,12,Pune,53,7.5,12.5
2026-06-28,12,Ahmedabad,75,20.4,56.7
2026-06-28,13,Delhi,173,65.4,182.1
2026-06-28,13,Mumbai,63,20.7,31.2
2026-06-28,13,Bengaluru,53,8.2,15.1
2026-06-28,13,Kolkata,69,23.4,29.5
2026-06-28,13,Chennai,70,20.7,28.4
2026-06-28,13,Hyderabad,73,6.8,10.1
2026-06-28,13,Pune,52,7.9,12.8
2026-06-28,13,Ahmedabad,75,20.1,54.6
2026-06-28,14,Delhi,172,62.2,169.5
2026-06-28,14,Mumbai,63,18.0,29.0
2026-06-28,14,Bengaluru,53,6.3,10.9
2026-06-28,14,Kolkata,69,25.0,30.6
2026-06-28,14,Chennai,70,20.1,27.8
2026-06-28,14,Hyderabad,71,7.0,10.3
2026-06-28,14,Pune,52,9.6,14.5
2026-06-28,14,Ahmedabad,75,20.1,53.4
2026-06-28,15,Delhi,171,63.8,187.2
2026-06-28,15,Mumbai,62,14.8,26.7
2026-06-28,15,Bengaluru,53,5.6,9.2
2026-06-28,15,Kolkata,70,26.1,31.3
2026-06-28,15,Chennai,70,20.1,27.9
2026-06-28,15,Hyderabad,69,8.0,11.7
2026-06-28,15,Pune,51,17.9,27.0
2026-06-28,15,Ahmedabad,75,20.2,53.1
2026-06-28,16,Delhi,171,62.2,177.0
2026-06-28,16,Mumbai,62,12.7,25.1
2026-06-28,16,Bengaluru,52,5.1,7.3
2026-06-28,16,Kolkata,71,25.6,30.5
2026-06-28,16,Chennai,69,20.4,28.4
2026-06-28,16,Hyderabad,68,7.7,10.7
2026-06-28,16,Pune,52,10.6,13.6
2026-06-28,16,Ahmedabad,75,20.4,53.2
2026-06-28,17,Delhi,174,62.6,168.1
2026-06-28,17,Mumbai,61,11.1,23.1
2026-06-28,17,Bengaluru,52,5.5,6.4
2026-06-28,17,Kolkata,72,27.5,32.4
2026-06-28,17,Chennai,78,21.3,29.0
2026-06-28,17,Hyderabad,67,7.4,9.7
2026-06-28,17,Pune,51,8.3,9.9
2026-06-28,17,Ahmedabad,75,20.7,53.7
2026-06-28,18,Delhi,182,67.5,178.8
2026-06-28,18,Mumbai,61,10.7,21.8
2026-06-28,18,Bengaluru,51,5.7,6.4
2026-06-28,18,Kolkata,72,27.4,31.7
2026-06-28,18,Chennai,86,22.2,29.4
2026-06-28,18,Hyderabad,65,10.8,12.2
2026-06-28,18,Pune,51,9.1,9.9
2026-06-28,18,Ahmedabad,75,20.9,53.0
2026-06-28,19,Delhi,179,81.3,235.2
2026-06-28,19,Mumbai,61,10.1,20.0
2026-06-28,19,Bengaluru,51,6.2,6.7
2026-06-28,19,Kolkata,73,27.0,31.4
2026-06-28,19,Chennai,87,22.1,29.7
2026-06-28,19,Hyderabad,64,17.4,18.7
2026-06-28,19,Pune,51,9.2,9.7
2026-06-28,19,Ahmedabad,75,21.5,45.9
2026-06-28,20,Delhi,171,87.5,232.8
2026-06-28,20,Mumbai,60,10.1,18.7
2026-06-28,20,Bengaluru,51,5.6,5.9
2026-06-28,20,Kolkata,74,25.9,30.3
2026-06-28,20,Chennai,83,21.2,29.5
2026-06-28,20,Hyderabad,63,21.5,22.9
2026-06-28,20,Pune,51,7.2,7.8
2026-06-28,20,Ahmedabad,74,22.9,44.1
2026-06-28,21,Delhi,171,97.6,254.3
2026-06-28,21,Mumbai,60,10.0,17.7
2026-06-28,21,Bengaluru,50,4.7,4.9
2026-06-28,21,Kolkata,74,25.7,29.7
2026-06-28,21,Chennai,76,19.7,28.1
2026-06-28,21,Hyderabad,62,17.1,18.3
2026-06-28,21,Pune,50,6.4,7.0
2026-06-28,21,Ahmedabad,74,22.5,40.5
2026-06-28,22,Delhi,171,108.0,273.8
2026-06-28,22,Mumbai,60,10.7,18.9
2026-06-28,22,Bengaluru,48,4.5,4.6
2026-06-28,22,Kolkata,74,26.2,29.8
2026-06-28,22,Chennai,69,17.1,24.0
2026-06-28,22,Hyderabad,60,13.5,14.5
2026-06-28,22,Pune,50,5.8,6.3
2026-06-28,22,Ahmedabad,74,19.5,33.1
2026-06-28,23,Delhi,171,113.9,276.6
2026-06-28,23,Mumbai,59,11.4,19.7
2026-06-28,23,Bengaluru,46,4.1,4.2
2026-06-28,23,Kolkata,74,27.1,30.3
2026-06-28,23,Chennai,68,12.8,16.9
2026-06-28,23,Hyderabad,59,12.8,13.7
2026-06-28,23,Pune,49,5.7,6.4
2026-06-28,23,Ahmedabad,73,16.1,26.3
2026-06-29,00,Delhi,171,116.4,285.9
2026-06-29,00,Mumbai,59,10.4,18.4
2026-06-29,00,Bengaluru,44,3.6,3.7
2026-06-29,00,Kolkata,75,28.9,31.8
2026-06-29,00,Chennai,68,10.0,11.9
2026-06-29,00,Hyderabad,58,10.7,11.6
2026-06-29,00,Pune,48,4.8,5.4
2026-06-29,00,Ahmedabad,72,13.9,23.1
2026-06-29,01,Delhi,171,119.7,297.1
2026-06-29,01,Mumbai,58,10.7,19.2
2026-06-29,01,Bengaluru,42,3.2,3.3
2026-06-29,01,Kolkata,75,30.7,32.9
2026-06-29,01,Chennai,68,9.5,11.4
2026-06-29,01,Hyderabad,57,9.6,10.3
2026-06-29,01,Pune,46,4.1,4.6
2026-06-29,01,Ahmedabad,71,12.5,22.5
2026-06-29,02,Delhi,171,121.5,293.4
2026-06-29,02,Mumbai,58,10.6,19.1
2026-06-29,02,Bengaluru,40,3.1,3.2
2026-06-29,02,Kolkata,76,33.8,35.6
2026-06-29,02,Chennai,67,9.9,12.2
2026-06-29,02,Hyderabad,56,9.2,9.7
2026-06-29,02,Pune,45,3.8,4.3
2026-06-29,02,Ahmedabad,70,11.8,22.4
2026-06-29,03,Delhi,171,120.1,278.5
2026-06-29,03,Mumbai,58,9.8,17.3
2026-06-29,03,Bengaluru,38,3.0,3.2
2026-06-29,03,Kolkata,77,36.7,38.3
2026-06-29,03,Chennai,67,10.5,13.2
2026-06-29,03,Hyderabad,55,8.6,9.1
2026-06-29,03,Pune,43,4.5,5.0
2026-06-29,03,Ahmedabad,70,11.7,22.4
2026-06-29,04,Delhi,171,123.4,304.5
2026-06-29,04,Mumbai,57,9.6,16.8
2026-06-29,04,Bengaluru,36,3.0,3.2
2026-06-29,04,Kolkata,79,38.9,40.4
2026-06-29,04,Chennai,66,10.6,13.2
2026-06-29,04,Hyderabad,54,8.3,8.7
2026-06-29,04,Pune,42,4.9,5.5
2026-06-29,04,Ahmedabad,69,11.9,22.6
2026-06-29,05,Delhi,172,72.4,148.5
2026-06-29,05,Mumbai,57,6.1,11.8
2026-06-29,05,Bengaluru,34,4.0,4.6
2026-06-29,05,Kolkata,80,37.5,38.9
2026-06-29,05,Chennai,66,15.3,15.8
2026-06-29,05,Hyderabad,53,5.1,5.5
2026-06-29,05,Pune,40,3.3,3.5
2026-06-29,05,Ahmedabad,69,14.6,29.4
2026-06-29,06,Delhi,172,71.5,143.0
2026-06-29,06,Mumbai,56,6.7,12.4
2026-06-29,06,Bengaluru,33,4.0,4.5
2026-06-29,06,Kolkata,82,36.7,38.2
2026-06-29,06,Chennai,66,16.9,18.0
2026-06-29,06,Hyderabad,52,6.1,6.9
2026-06-29,06,Pune,39,3.3,3.5
2026-06-29,06,Ahmedabad,68,15.1,29.5
2026-06-29,07,Delhi,172,71.9,155.5
2026-06-29,07,Mumbai,56,8.3,14.4
2026-06-29,07,Bengaluru,32,4.0,4.4
2026-06-29,07,Kolkata,84,35.3,37.1
2026-06-29,07,Chennai,66,16.6,17.9
2026-06-29,07,Hyderabad,52,6.0,6.9
2026-06-29,07,Pune,39,4.6,4.8
2026-06-29,07,Ahmedabad,68,16.1,32.2
2026-06-29,08,Delhi,172,72.9,217.5
2026-06-29,08,Mumbai,56,10.1,16.6
2026-06-29,08,Bengaluru,31,3.0,3.1
2026-06-29,08,Kolkata,85,35.3,37.0
2026-06-29,08,Chennai,66,15.6,16.3
2026-06-29,08,Hyderabad,51,6.8,7.4
2026-06-29,08,Pune,38,3.3,3.6
2026-06-29,08,Ahmedabad,68,17.1,35.7
2026-06-29,09,Delhi,171,85.0,368.8
2026-06-29,09,Mumbai,56,11.2,18.3
2026-06-29,09,Bengaluru,29,3.3,3.3
2026-06-29,09,Kolkata,86,36.1,38.2
2026-06-29,09,Chennai,66,15.4,16.2
2026-06-29,09,Hyderabad,51,7.7,8.2
2026-06-29,09,Pune,37,3.5,4.4
2026-06-29,09,Ahmedabad,67,18.1,40.4
2026-06-29,10,Delhi,172,107.3,579.3
2026-06-29,10,Mumbai,56,12.1,19.8
2026-06-29,10,Bengaluru,28,2.9,3.0
2026-06-29,10,Kolkata,88,37.3,39.5
2026-06-29,10,Chennai,65,16.4,17.3
2026-06-29,10,Hyderabad,51,7.8,8.3
2026-06-29,10,Pune,37,3.4,4.6
2026-06-29,10,Ahmedabad,67,18.6,43.4
2026-06-29,11,Delhi,173,120.6,681.7
2026-06-29,11,Mumbai,56,14.3,22.6
2026-06-29,11,Bengaluru,27,2.6,2.9
2026-06-29,11,Kolkata,89,37.1,39.2
2026-06-29,11,Chennai,65,19.0,22.0
2026-06-29,11,Hyderabad,51,8.0,8.4
2026-06-29,11,Pune,36,2.4,3.1
2026-06-29,11,Ahmedabad,67,18.5,43.9
2026-06-29,12,Delhi,174,132.2,767.4
2026-06-29,12,Mumbai,55,16.9,26.5
2026-06-29,12,Bengaluru,25,3.0,3.5
2026-06-29,12,Kolkata,91,36.4,38.5
2026-06-29,12,Chennai,65,21.4,26.1
2026-06-29,12,Hyderabad,51,7.7,8.0
2026-06-29,12,Pune,35,3.4,4.0
2026-06-29,12,Ahmedabad,66,19.8,46.0
2026-06-29,13,Delhi,176,129.9,743.2
2026-06-29,13,Mumbai,55,16.9,28.3
2026-06-29,13,Bengaluru,25,3.4,4.2
2026-06-29,13,Kolkata,92,31.3,33.6
2026-06-29,13,Chennai,65,19.4,23.9
2026-06-29,13,Hyderabad,51,7.3,7.7
2026-06-29,13,Pune,34,3.8,4.5
2026-06-29,13,Ahmedabad,66,18.0,40.6
2026-06-29,14,Delhi,178,129.0,732.0
2026-06-29,14,Mumbai,55,16.4,27.5
2026-06-29,14,Bengaluru,28,3.7,4.9
2026-06-29,14,Kolkata,92,30.3,32.5
2026-06-29,14,Chennai,65,17.3,21.8
2026-06-29,14,Hyderabad,51,6.9,7.3
2026-06-29,14,Pune,33,3.9,5.0
2026-06-29,14,Ahmedabad,66,17.8,39.0
2026-06-29,15,Delhi,189,125.7,719.0
2026-06-29,15,Mumbai,54,16.2,26.9
2026-06-29,15,Bengaluru,32,3.9,5.4
2026-06-29,15,Kolkata,93,28.5,30.9
2026-06-29,15,Chennai,65,14.3,18.5
2026-06-29,15,Hyderabad,51,6.9,7.4
2026-06-29,15,Pune,32,4.0,5.2
2026-06-29,15,Ahmedabad,66,17.6,37.4
2026-06-29,16,Delhi,200,126.7,739.5
2026-06-29,16,Mumbai,54,15.4,24.9
2026-06-29,16,Bengaluru,35,4.2,5.8
2026-06-29,16,Kolkata,93,25.9,28.6
2026-06-29,16,Chennai,74,12.5,16.6
2026-06-29,16,Hyderabad,51,7.7,8.0
2026-06-29,16,Pune,29,4.4,5.6
2026-06-29,16,Ahmedabad,66,17.2,35.7
2026-06-29,17,Delhi,233,121.1,644.5
2026-06-29,17,Mumbai,55,16.8,32.7
2026-06-29,17,Bengaluru,37,5.3,6.3
2026-06-29,17,Kolkata,93,40.3,43.3
2026-06-29,17,Chennai,84,6.9,10.5
2026-06-29,17,Hyderabad,51,4.5,4.6
2026-06-29,17,Pune,28,10.7,21.2
2026-06-29,17,Ahmedabad,66,13.8,27.4
2026-06-29,18,Delhi,261,116.2,519.7
2026-06-29,18,Mumbai,55,15.1,28.3
2026-06-29,18,Bengaluru,37,6.5,7.7
2026-06-29,18,Kolkata,94,36.1,38.8
2026-06-29,18,Chennai,87,8.0,11.7
2026-06-29,18,Hyderabad,51,5.3,5.3
2026-06-29,18,Pune,28,11.6,20.5
2026-06-29,18,Ahmedabad,65,14.0,27.8
2026-06-29,19,Delhi,282,123.9,525.3
2026-06-29,19,Mumbai,55,14.0,25.0
2026-06-29,19,Bengaluru,37,7.4,8.6
2026-06-29,19,Kolkata,95,34.8,37.5
2026-06-29,19,Chennai,85,10.7,14.9
2026-06-29,19,Hyderabad,51,7.8,7.9
2026-06-29,19,Pune,28,11.5,17.8
2026-06-29,19,Ahmedabad,65,14.8,26.6
2026-06-29,20,Delhi,299,134.6,534.6
2026-06-29,20,Mumbai,56,12.5,21.4
2026-06-29,20,Bengaluru,35,7.3,8.6
2026-06-29,20,Kolkata,95,35.7,38.6
2026-06-29,20,Chennai,79,12.3,16.7
2026-06-29,20,Hyderabad,49,9.8,9.8
2026-06-29,20,Pune,29,11.3,17.0
2026-06-29,20,Ahmedabad,64,16.8,28.1
2026-06-29,21,Delhi,315,145.3,540.2
2026-06-29,21,Mumbai,56,11.1,17.6
2026-06-29,21,Bengaluru,32,5.7,6.9
2026-06-29,21,Kolkata,96,38.0,41.0
2026-06-29,21,Chennai,71,13.0,17.5
2026-06-29,21,Hyderabad,47,9.7,9.9
2026-06-29,21,Pune,30,11.1,16.2
2026-06-29,21,Ahmedabad,64,18.8,30.2
2026-06-29,22,Delhi,330,149.9,530.9
2026-06-29,22,Mumbai,56,10.4,15.7
2026-06-29,22,Bengaluru,29,4.7,5.5
2026-06-29,22,Kolkata,97,37.8,39.7
2026-06-29,22,Chennai,61,15.2,19.2
2026-06-29,22,Hyderabad,45,7.9,8.2
2026-06-29,22,Pune,31,10.8,15.1
2026-06-29,22,Ahmedabad,63,19.4,30.3
2026-06-29,23,Delhi,343,144.8,508.5
2026-06-29,23,Mumbai,56,8.9,13.0
2026-06-29,23,Bengaluru,25,3.9,4.4
2026-06-29,23,Kolkata,98,35.9,36.9
2026-06-29,23,Chennai,59,12.4,14.8
2026-06-29,23,Hyderabad,44,6.0,6.4
2026-06-29,23,Pune,32,10.3,13.9
2026-06-29,23,Ahmedabad,63,19.2,28.8
2026-06-30,00,Delhi,355,143.9,514.1
2026-06-30,00,Mumbai,56,7.0,10.1
2026-06-30,00,Bengaluru,23,3.0,3.4
2026-06-30,00,Kolkata,99,41.7,42.5
2026-06-30,00,Chennai,59,8.0,8.9
2026-06-30,00,Hyderabad,42,4.9,5.4
2026-06-30,00,Pune,33,7.7,10.3
2026-06-30,00,Ahmedabad,63,17.9,26.8
2026-06-30,01,Delhi,367,143.0,510.4
2026-06-30,01,Mumbai,56,6.1,8.9
2026-06-30,01,Bengaluru,23,2.5,3.1
2026-06-30,01,Kolkata,100,48.3,49.0
2026-06-30,01,Chennai,59,6.1,7.1
2026-06-30,01,Hyderabad,41,4.5,5.0
2026-06-30,01,Pune,34,5.8,7.1
2026-06-30,01,Ahmedabad,64,16.6,25.7
2026-06-30,02,Delhi,378,138.8,475.9
2026-06-30,02,Mumbai,55,5.8,8.7
2026-06-30,02,Bengaluru,23,2.5,3.2
2026-06-30,02,Kolkata,101,54.4,54.9
2026-06-30,02,Chennai,58,5.8,6.9
2026-06-30,02,Hyderabad,39,4.0,4.5
2026-06-30,02,Pune,34,4.3,4.8
2026-06-30,02,Ahmedabad,64,15.1,25.7
2026-06-30,03,Delhi,388,128.5,407.0
2026-06-30,03,Mumbai,55,5.6,8.9
2026-06-30,03,Bengaluru,22,2.4,3.2
2026-06-30,03,Kolkata,104,56.1,56.7
2026-06-30,03,Chennai,58,5.9,7.1
2026-06-30,03,Hyderabad,38,3.6,4.1
2026-06-30,03,Pune,34,3.9,4.1
2026-06-30,03,Ahmedabad,64,14.0,26.5
2026-06-30,04,Delhi,394,117.3,347.4
2026-06-30,04,Mumbai,55,5.6,9.0
2026-06-30,04,Bengaluru,22,2.1,2.6
2026-06-30,04,Kolkata,106,59.4,60.1
2026-06-30,04,Chennai,58,5.8,6.8
2026-06-30,04,Hyderabad,37,3.3,3.8
2026-06-30,04,Pune,34,3.8,3.8
2026-06-30,04,Ahmedabad,65,13.4,26.8
2026-06-30,05,Delhi,397,106.4,427.5
2026-06-30,05,Mumbai,54,5.7,9.3
2026-06-30,05,Bengaluru,22,1.3,1.3
2026-06-30,05,Kolkata,108,57.4,57.5
2026-06-30,05,Chennai,57,3.4,3.6
2026-06-30,05,Hyderabad,36,2.6,2.9
2026-06-30,05,Pune,34,2.1,2.2
2026-06-30,05,Ahmedabad,65,13.0,25.5
2026-06-30,06,Delhi,409,108.5,418.2
2026-06-30,06,Mumbai,54,6.4,10.8
2026-06-30,06,Bengaluru,21,1.9,2.0
2026-06-30,06,Kolkata,110,48.4,48.8
2026-06-30,06,Chennai,56,3.0,3.0
2026-06-30,06,Hyderabad,35,3.1,3.4
2026-06-30,06,Pune,34,2.9,2.9
2026-06-30,06,Ahmedabad,65,13.1,25.6
2026-06-30,07,Delhi,420,132.2,596.0
2026-06-30,07,Mumbai,54,7.8,13.4
2026-06-30,07,Bengaluru,21,2.9,3.2
2026-06-30,07,Kolkata,111,46.3,46.7
2026-06-30,07,Chennai,55,2.9,3.0
2026-06-30,07,Hyderabad,35,3.6,4.0
2026-06-30,07,Pune,33,4.2,4.2
2026-06-30,07,Ahmedabad,64,13.6,27.4
2026-06-30,08,Delhi,439,194.2,1087.8
2026-06-30,08,Mumbai,54,9.3,16.5
2026-06-30,08,Bengaluru,21,3.6,4.7
2026-06-30,08,Kolkata,112,41.8,42.5
2026-06-30,08,Chennai,54,3.2,3.3
2026-06-30,08,Hyderabad,34,3.1,3.5
2026-06-30,08,Pune,33,3.4,3.4
2026-06-30,08,Ahmedabad,64,13.7,28.6
2026-06-30,09,Delhi,475,244.9,1423.1
2026-06-30,09,Mumbai,54,10.3,18.2
2026-06-30,09,Bengaluru,21,4.6,6.4
2026-06-30,09,Kolkata,113,40.2,40.9
2026-06-30,09,Chennai,53,4.0,4.2
2026-06-30,09,Hyderabad,33,3.4,3.7
2026-06-30,09,Pune,33,2.6,2.6
2026-06-30,09,Ahmedabad,64,14.4,31.2
2026-06-30,10,Delhi,519,270.1,1542.3
2026-06-30,10,Mumbai,54,11.6,19.7
2026-06-30,10,Bengaluru,21,5.1,7.6
2026-06-30,10,Kolkata,113,38.8,39.3
2026-06-30,10,Chennai,52,5.6,5.9
2026-06-30,10,Hyderabad,32,3.9,4.1
2026-06-30,10,Pune,33,1.9,1.9
2026-06-30,10,Ahmedabad,64,15.1,33.9
2026-06-30,11,Delhi,559,276.6,1557.2
2026-06-30,11,Mumbai,54,12.2,20.7
2026-06-30,11,Bengaluru,22,5.3,8.1
2026-06-30,11,Kolkata,113,37.1,37.7
2026-06-30,11,Chennai,52,7.3,8.0
2026-06-30,11,Hyderabad,31,4.5,4.7
2026-06-30,11,Pune,33,1.7,2.0
2026-06-30,11,Ahmedabad,63,15.4,34.9
2026-06-30,12,Delhi,595,248.7,1423.1
2026-06-30,12,Mumbai,54,12.8,20.7
2026-06-30,12,Bengaluru,22,4.7,7.5
2026-06-30,12,Kolkata,113,35.6,36.1
2026-06-30,12,Chennai,51,11.0,14.3
2026-06-30,12,Hyderabad,31,4.5,4.8
2026-06-30,12,Pune,33,2.7,3.3
2026-06-30,12,Ahmedabad,63,15.0,33.4
2026-06-30,13,Delhi,623,204.9,1162.3
2026-06-30,13,Mumbai,53,12.4,19.8
2026-06-30,13,Bengaluru,23,4.2,6.9
2026-06-30,13,Kolkata,113,34.3,34.7
2026-06-30,13,Chennai,50,13.2,17.6
2026-06-30,13,Hyderabad,30,4.0,4.2
2026-06-30,13,Pune,33,2.7,3.4
2026-06-30,13,Ahmedabad,63,14.3,30.6
2026-06-30,14,Delhi,640,167.2,918.3
2026-06-30,14,Mumbai,53,11.6,18.6
2026-06-30,14,Bengaluru,25,3.7,5.8
2026-06-30,14,Kolkata,114,31.5,31.9
2026-06-30,14,Chennai,48,13.0,17.7
2026-06-30,14,Hyderabad,29,3.7,4.0
2026-06-30,14,Pune,32,2.1,2.5
2026-06-30,14,Ahmedabad,62,13.6,27.9
2026-06-30,15,Delhi,648,137.4,713.4
2026-06-30,15,Mumbai,53,10.5,17.3
2026-06-30,15,Bengaluru,27,3.6,4.8
2026-06-30,15,Kolkata,114,30.9,31.2
2026-06-30,15,Chennai,47,12.9,17.8
2026-06-30,15,Hyderabad,28,3.7,3.9
2026-06-30,15,Pune,32,2.6,3.1
2026-06-30,15,Ahmedabad,62,12.7,24.9
2026-06-30,16,Delhi,648,117.8,562.5
2026-06-30,16,Mumbai,52,9.8,16.5
2026-06-30,16,Bengaluru,28,3.3,4.0
2026-06-30,16,Kolkata,114,28.5,28.9
2026-06-30,16,Chennai,47,13.2,18.3
2026-06-30,16,Hyderabad,30,3.8,4.0
2026-06-30,16,Pune,32,2.9,3.5
2026-06-30,16,Ahmedabad,62,12.0,22.6
2026-06-30,17,Delhi,640,110.4,631.4
2026-06-30,17,Mumbai,52,9.6,16.5
2026-06-30,17,Bengaluru,29,5.0,6.4
2026-06-30,17,Kolkata,114,32.6,33.4
2026-06-30,17,Chennai,47,15.0,20.2
2026-06-30,17,Hyderabad,32,6.1,7.0
2026-06-30,17,Pune,31,4.9,6.4
2026-06-30,17,Ahmedabad,61,14.8,28.5
2026-06-30,18,Delhi,640,76.1,340.9
2026-06-30,18,Mumbai,51,9.2,15.8
2026-06-30,18,Bengaluru,29,6.2,7.3
2026-06-30,18,Kolkata,114,34.9,35.4
2026-06-30,18,Chennai,49,15.7,21.4
2026-06-30,18,Hyderabad,33,7.4,8.3
2026-06-30,18,Pune,30,4.9,6.0
2026-06-30,18,Ahmedabad,61,14.3,25.9
2026-06-30,19,Delhi,632,63.8,281.3
2026-06-30,19,Mumbai,51,9.7,16.6
2026-06-30,19,Bengaluru,29,6.9,7.9
2026-06-30,19,Kolkata,113,42.4,43.0
2026-06-30,19,Chennai,50,15.9,21.5
2026-06-30,19,Hyderabad,34,8.7,9.8
2026-06-30,19,Pune,28,4.6,5.3
2026-06-30,19,Ahmedabad,61,14.4,22.5
2026-06-30,20,Delhi,622,65.0,295.2
2026-06-30,20,Mumbai,50,9.8,17.4
2026-06-30,20,Bengaluru,27,6.8,7.9
2026-06-30,20,Kolkata,114,41.0,41.4
2026-06-30,20,Chennai,51,15.7,21.1
2026-06-30,20,Hyderabad,34,8.8,10.0
2026-06-30,20,Pune,27,4.5,4.9
2026-06-30,20,Ahmedabad,61,13.0,18.7
2026-06-30,21,Delhi,612,70.1,333.4
2026-06-30,21,Mumbai,50,9.8,18.1
2026-06-30,21,Bengaluru,25,6.0,7.0
2026-06-30,21,Kolkata,115,44.8,45.2
2026-06-30,21,Chennai,51,12.0,15.1
2026-06-30,21,Hyderabad,33,8.4,9.6
2026-06-30,21,Pune,25,4.1,4.3
2026-06-30,21,Ahmedabad,61,10.1,14.0
2026-06-30,22,Delhi,604,74.0,362.3
2026-06-30,22,Mumbai,50,10.0,18.9
2026-06-30,22,Bengaluru,23,5.2,6.1
2026-06-30,22,Kolkata,115,48.4,49.1
2026-06-30,22,Chennai,51,9.3,10.6
2026-06-30,22,Hyderabad,32,7.9,9.2
2026-06-30,22,Pune,23,3.2,3.3
2026-06-30,22,Ahmedabad,60,9.4,12.2
2026-06-30,23,Delhi,597,75.0,362.3
2026-06-30,23,Mumbai,50,8.8,16.8
2026-06-30,23,Bengaluru,22,4.5,5.1
2026-06-30,23,Kolkata,117,46.8,47.4
2026-06-30,23,Chennai,50,10.2,11.1
2026-06-30,23,Hyderabad,30,7.4,8.9
2026-06-30,23,Pune,22,2.9,3.0
2026-06-30,23,Ahmedabad,60,9.8,12.5
2026-07-01,00,Delhi,591,72.6,333.4
2026-07-01,00,Mumbai,50,7.9,15.4
2026-07-01,00,Bengaluru,23,3.4,3.8
2026-07-01,00,Kolkata,118,35.0,36.1
2026-07-01,00,Chennai,50,11.2,12.2
2026-07-01,00,Hyderabad,29,6.1,7.4
2026-07-01,00,Pune,20,2.0,2.1
2026-07-01,00,Ahmedabad,59,10.2,12.9
2026-07-01,01,Delhi,583,70.5,301.7
2026-07-01,01,Mumbai,50,8.1,16.4
2026-07-01,01,Bengaluru,23,2.7,3.1
2026-07-01,01,Kolkata,117,33.9,35.0
2026-07-01,01,Chennai,50,11.4,12.5
2026-07-01,01,Hyderabad,28,5.4,6.5
2026-07-01,01,Pune,19,1.5,1.6
2026-07-01,01,Ahmedabad,58,10.8,13.7
2026-07-01,02,Delhi,574,74.3,308.3
2026-07-01,02,Mumbai,50,8.7,18.3
2026-07-01,02,Bengaluru,23,2.4,2.7
2026-07-01,02,Kolkata,115,35.0,36.2
2026-07-01,02,Chennai,51,10.0,11.0
2026-07-01,02,Hyderabad,28,5.0,5.9
2026-07-01,02,Pune,18,1.4,1.6
2026-07-01,02,Ahmedabad,58,12.0,16.8
2026-07-01,03,Delhi,567,78.5,315.7
2026-07-01,03,Mumbai,51,8.4,17.6
2026-07-01,03,Bengaluru,23,2.2,2.6
2026-07-01,03,Kolkata,113,36.0,37.3
2026-07-01,03,Chennai,51,8.0,9.0
2026-07-01,03,Hyderabad,28,4.5,5.2
2026-07-01,03,Pune,19,1.3,1.5
2026-07-01,03,Ahmedabad,58,13.9,22.4
2026-07-01,04,Delhi,564,69.6,247.7
2026-07-01,04,Mumbai,51,8.4,17.2
2026-07-01,04,Bengaluru,23,2.1,2.4
2026-07-01,04,Kolkata,111,37.4,38.6
2026-07-01,04,Chennai,51,7.0,7.9
2026-07-01,04,Hyderabad,28,4.0,4.5
2026-07-01,04,Pune,19,1.3,1.4
2026-07-01,04,Ahmedabad,58,15.3,26.6
2026-07-01,05,Delhi,559,40.2,72.6
2026-07-01,05,Mumbai,51,6.6,13.2
2026-07-01,05,Bengaluru,23,2.2,2.6
2026-07-01,05,Kolkata,109,37.3,38.4
2026-07-01,05,Chennai,51,5.3,5.9
2026-07-01,05,Hyderabad,29,1.8,1.9
2026-07-01,05,Pune,19,1.4,1.4
2026-07-01,05,Ahmedabad,58,16.4,28.4
2026-07-01,06,Delhi,545,38.3,80.8
2026-07-01,06,Mumbai,51,6.9,13.2
2026-07-01,06,Bengaluru,23,2.2,2.4
2026-07-01,06,Kolkata,107,40.4,41.7
2026-07-01,06,Chennai,52,5.5,6.0
2026-07-01,06,Hyderabad,28,2.3,2.3
2026-07-01,06,Pune,20,1.8,1.8
2026-07-01,06,Ahmedabad,58,16.0,29.3
2026-07-01,07,Delhi,531,38.6,76.4
2026-07-01,07,Mumbai,51,7.4,13.6
2026-07-01,07,Bengaluru,23,3.4,3.5
2026-07-01,07,Kolkata,106,34.2,36.2
2026-07-01,07,Chennai,52,5.8,6.3
2026-07-01,07,Hyderabad,28,3.1,3.2
2026-07-01,07,Pune,20,2.4,2.5
2026-07-01,07,Ahmedabad,58,15.4,31.0
2026-07-01,08,Delhi,509,43.9,104.1
2026-07-01,08,Mumbai,51,8.0,14.0
2026-07-01,08,Bengaluru,23,3.3,3.4
2026-07-01,08,Kolkata,105,27.1,29.3
2026-07-01,08,Chennai,52,5.5,6.1
2026-07-01,08,Hyderabad,28,3.4,4.0
2026-07-01,08,Pune,20,3.1,3.4
2026-07-01,08,Ahmedabad,58,14.6,31.0
2026-07-01,09,Delhi,468,48.7,163.0
2026-07-01,09,Mumbai,51,8.4,14.4
2026-07-01,09,Bengaluru,23,2.9,3.2
2026-07-01,09,Kolkata,103,25.1,27.1
2026-07-01,09,Chennai,52,5.3,5.8
2026-07-01,09,Hyderabad,28,4.0,5.6
2026-07-01,09,Pune,20,3.5,4.0
2026-07-01,09,Ahmedabad,58,14.8,32.2
2026-07-01,10,Delhi,415,58.8,224.4
2026-07-01,10,Mumbai,51,7.9,14.3
2026-07-01,10,Bengaluru,23,2.7,2.9
2026-07-01,10,Kolkata,102,21.5,22.8
2026-07-01,10,Chennai,52,5.4,5.8
2026-07-01,10,Hyderabad,28,4.6,7.2
2026-07-01,10,Pune,20,2.4,2.8
2026-07-01,10,Ahmedabad,58,15.2,32.9
2026-07-01,11,Delhi,351,62.6,224.0
2026-07-01,11,Mumbai,51,9.3,16.4
2026-07-01,11,Bengaluru,22,2.5,2.8
2026-07-01,11,Kolkata,100,20.3,20.8
2026-07-01,11,Chennai,52,5.8,6.1
2026-07-01,11,Hyderabad,28,5.4,8.5
2026-07-01,11,Pune,20,2.0,2.5
2026-07-01,11,Ahmedabad,58,15.3,32.6
2026-07-01,12,Delhi,278,57.9,175.1
2026-07-01,12,Mumbai,50,8.4,14.4
2026-07-01,12,Bengaluru,21,2.7,3.5
2026-07-01,12,Kolkata,99,19.7,20.3
2026-07-01,12,Chennai,52,6.5,6.9
2026-07-01,12,Hyderabad,29,6.2,9.6
2026-07-01,12,Pune,21,2.4,2.9
2026-07-01,12,Ahmedabad,58,14.9,31.4
2026-07-01,13,Delhi,204,61.0,187.2
2026-07-01,13,Mumbai,50,6.9,11.2
2026-07-01,13,Bengaluru,21,2.9,4.2
2026-07-01,13,Kolkata,97,19.2,19.7
2026-07-01,13,Chennai,52,7.7,7.9
2026-07-01,13,Hyderabad,29,6.6,10.5
2026-07-01,13,Pune,21,2.8,3.5
2026-07-01,13,Ahmedabad,58,14.6,30.2
2026-07-01,14,Delhi,181,67.1,225.4
2026-07-01,14,Mumbai,49,6.2,10.0
2026-07-01,14,Bengaluru,22,3.1,4.4
2026-07-01,14,Kolkata,96,18.6,19.2
2026-07-01,14,Chennai,51,8.1,8.5
2026-07-01,14,Hyderabad,30,6.6,10.3
2026-07-01,14,Pune,22,2.8,3.2
2026-07-01,14,Ahmedabad,58,14.0,28.2
2026-07-01,15,Delhi,167,74.5,257.0
2026-07-01,15,Mumbai,47,6.6,10.2
2026-07-01,15,Bengaluru,24,3.1,4.2
2026-07-01,15,Kolkata,95,18.3,19.0
2026-07-01,15,Chennai,51,8.9,10.7
2026-07-01,15,Hyderabad,30,6.8,9.8
2026-07-01,15,Pune,22,2.9,3.3
2026-07-01,15,Ahmedabad,58,13.6,26.8
2026-07-01,16,Delhi,158,78.9,264.5
2026-07-01,16,Mumbai,46,7.2,11.4
2026-07-01,16,Bengaluru,25,2.8,3.6
2026-07-01,16,Kolkata,98,18.7,19.5
2026-07-01,16,Chennai,51,8.6,10.2
2026-07-01,16,Hyderabad,31,6.5,9.1
2026-07-01,16,Pune,22,2.9,3.2
2026-07-01,16,Ahmedabad,59,12.4,24.0
2026-07-01,17,Delhi,157,59.8,209.5
2026-07-01,17,Mumbai,46,7.4,11.8
2026-07-01,17,Bengaluru,26,4.5,6.4
2026-07-01,17,Kolkata,103,26.5,27.6
2026-07-01,17,Chennai,50,13.4,16.9
2026-07-01,17,Hyderabad,32,6.1,8.0
2026-07-01,17,Pune,22,3.9,5.3
2026-07-01,17,Ahmedabad,59,14.6,27.1
2026-07-01,18,Delhi,156,59.1,196.5
2026-07-01,18,Mumbai,45,8.1,13.9
2026-07-01,18,Bengaluru,27,5.8,7.7
2026-07-01,18,Kolkata,100,28.2,29.3
2026-07-01,18,Chennai,50,13.4,15.7
2026-07-01,18,Hyderabad,32,5.6,6.4
2026-07-01,18,Pune,23,4.5,6.4
2026-07-01,18,Ahmedabad,59,12.2,19.8
2026-07-01,19,Delhi,155,60.3,179.3
2026-07-01,19,Mumbai,45,9.7,18.7
2026-07-01,19,Bengaluru,26,6.1,7.8
2026-07-01,19,Kolkata,92,30.9,31.9
2026-07-01,19,Chennai,50,14.3,16.2
2026-07-01,19,Hyderabad,31,4.9,5.2
2026-07-01,19,Pune,23,5.2,6.6
2026-07-01,19,Ahmedabad,58,10.0,15.3
2026-07-01,20,Delhi,155,64.5,176.5
2026-07-01,20,Mumbai,45,11.2,22.6
2026-07-01,20,Bengaluru,25,5.8,7.4
2026-07-01,20,Kolkata,92,29.9,30.7
2026-07-01,20,Chennai,50,15.8,17.8
2026-07-01,20,Hyderabad,30,4.7,5.2
2026-07-01,20,Pune,22,4.6,5.4
2026-07-01,20,Ahmedabad,58,7.8,10.9
2026-07-01,21,Delhi,155,67.3,180.2
2026-07-01,21,Mumbai,45,12.0,24.2
2026-07-01,21,Bengaluru,24,5.6,6.7
2026-07-01,21,Kolkata,91,29.1,30.3
2026-07-01,21,Chennai,50,13.2,15.1
2026-07-01,21,Hyderabad,29,4.7,5.3
2026-07-01,21,Pune,21,3.8,4.2
2026-07-01,21,Ahmedabad,58,7.8,10.9
2026-07-01,22,Delhi,155,69.2,189.5
2026-07-01,22,Mumbai,46,12.1,24.0
2026-07-01,22,Bengaluru,22,5.3,6.0
2026-07-01,22,Kolkata,89,28.6,29.7
2026-07-01,22,Chennai,50,11.4,13.0
2026-07-01,22,Hyderabad,29,4.2,4.9
2026-07-01,22,Pune,21,3.7,4.3
2026-07-01,22,Ahmedabad,57,9.2,12.9
2026-07-01,23,Delhi,155,70.1,193.7
2026-07-01,23,Mumbai,46,12.0,23.8
2026-07-01,23,Bengaluru,20,4.5,4.9
2026-07-01,23,Kolkata,88,26.3,27.3
2026-07-01,23,Chennai,50,10.3,11.6
2026-07-01,23,Hyderabad,28,3.8,4.4
2026-07-01,23,Pune,20,3.2,3.9
2026-07-01,23,Ahmedabad,57,10.8,15.3
2026-07-02,00,Delhi,155,68.0,194.2
2026-07-02,00,Mumbai,47,11.3,22.6
2026-07-02,00,Bengaluru,19,3.3,3.5
2026-07-02,00,Kolkata,86,24.9,25.9
2026-07-02,00,Chennai,50,9.4,10.7
2026-07-02,00,Hyderabad,27,3.1,3.7
2026-07-02,00,Pune,20,2.6,3.1
2026-07-02,00,Ahmedabad,58,11.9,16.7
2026-07-02,01,Delhi,154,72.6,197.9
2026-07-02,01,Mumbai,48,10.6,22.2
2026-07-02,01,Bengaluru,19,2.5,2.6
2026-07-02,01,Kolkata,85,22.3,23.5
2026-07-02,01,Chennai,50,8.6,10.0
2026-07-02,01,Hyderabad,26,2.8,3.3
2026-07-02,01,Pune,20,1.9,2.3
2026-07-02,01,Ahmedabad,58,12.9,18.0
2026-07-02,02,Delhi,155,67.8,158.8
2026-07-02,02,Mumbai,49,10.7,22.3
2026-07-02,02,Bengaluru,19,2.1,2.2
2026-07-02,02,Kolkata,85,20.0,21.1
2026-07-02,02,Chennai,49,7.7,9.2
2026-07-02,02,Hyderabad,26,2.7,3.1
2026-07-02,02,Pune,19,1.8,2.3
2026-07-02,02,Ahmedabad,58,15.1,22.7
2026-07-02,03,Delhi,154,61.5,122.9
2026-07-02,03,Mumbai,49,10.0,20.5
2026-07-02,03,Bengaluru,19,1.9,2.0
2026-07-02,03,Kolkata,83,20.5,21.4
2026-07-02,03,Chennai,49,6.9,8.2
2026-07-02,03,Hyderabad,25,2.5,2.8
2026-07-02,03,Pune,19,1.7,2.0
2026-07-02,03,Ahmedabad,58,17.1,27.1
2026-07-02,04,Delhi,154,58.9,107.3
2026-07-02,04,Mumbai,49,9.6,19.3
2026-07-02,04,Bengaluru,19,1.8,1.8
2026-07-02,04,Kolkata,82,19.6,20.4
2026-07-02,04,Chennai,49,6.1,7.1
2026-07-02,04,Hyderabad,25,2.5,2.6
2026-07-02,04,Pune,19,1.6,1.8
2026-07-02,04,Ahmedabad,58,18.3,30.0
2026-07-02,05,Delhi,154,61.0,129.9
2026-07-02,05,Mumbai,50,7.1,13.0
2026-07-02,05,Bengaluru,19,1.7,1.7
2026-07-02,05,Kolkata,81,16.9,18.0
2026-07-02,05,Chennai,48,4.4,4.7
2026-07-02,05,Hyderabad,24,2.4,2.7
2026-07-02,05,Pune,19,1.7,1.9
2026-07-02,05,Ahmedabad,59,11.1,14.9
2026-07-02,06,Delhi,154,59.1,132.7
2026-07-02,06,Mumbai,50,7.0,12.7
2026-07-02,06,Bengaluru,19,1.8,1.9
2026-07-02,06,Kolkata,79,15.8,17.0
2026-07-02,06,Chennai,48,4.7,4.8
2026-07-02,06,Hyderabad,24,2.9,3.2
2026-07-02,06,Pune,19,2.3,2.6
2026-07-02,06,Ahmedabad,58,12.6,19.6
2026-07-02,07,Delhi,155,60.1,132.2
2026-07-02,07,Mumbai,50,7.8,13.7
2026-07-02,07,Bengaluru,19,2.9,3.0
2026-07-02,07,Kolkata,77,13.5,15.0
2026-07-02,07,Chennai,48,5.1,5.3
2026-07-02,07,Hyderabad,25,3.8,4.1
2026-07-02,07,Pune,19,2.8,3.3
2026-07-02,07,Ahmedabad,58,14.4,24.0
2026-07-02,08,Delhi,155,60.8,137.4
2026-07-02,08,Mumbai,50,7.8,13.6
2026-07-02,08,Bengaluru,19,2.8,2.9
2026-07-02,08,Kolkata,76,12.4,13.9
2026-07-02,08,Chennai,48,5.1,5.3
2026-07-02,08,Hyderabad,25,4.5,4.9
2026-07-02,08,Pune,19,3.3,3.8
2026-07-02,08,Ahmedabad,58,16.6,32.9
2026-07-02,09,Delhi,156,58.9,134.1
2026-07-02,09,Mumbai,50,8.5,15.0
2026-07-02,09,Bengaluru,19,2.4,2.6
2026-07-02,09,Kolkata,74,11.4,12.7
2026-07-02,09,Chennai,48,4.9,4.9
2026-07-02,09,Hyderabad,25,4.1,5.4
2026-07-02,09,Pune,19,3.2,3.6
2026-07-02,09,Ahmedabad,58,19.3,44.1
2026-07-02,10,Delhi,156,54.1,124.8
2026-07-02,10,Mumbai,50,8.8,15.4
2026-07-02,10,Bengaluru,19,2.4,2.6
2026-07-02,10,Kolkata,73,10.6,11.7
2026-07-02,10,Chennai,48,5.8,5.9
2026-07-02,10,Hyderabad,25,4.9,7.8
2026-07-02,10,Pune,19,2.8,3.3
2026-07-02,10,Ahmedabad,58,20.3,49.2
2026-07-02,11,Delhi,156,50.5,112.2
2026-07-02,11,Mumbai,50,8.9,15.9
2026-07-02,11,Bengaluru,19,2.7,3.0
2026-07-02,11,Kolkata,73,9.6,10.4
2026-07-02,11,Chennai,48,7.1,7.4
2026-07-02,11,Hyderabad,25,6.0,10.3
2026-07-02,11,Pune,18,3.5,5.1
2026-07-02,11,Ahmedabad,59,20.4,49.5
2026-07-02,12,Delhi,156,45.3,102.7
2026-07-02,12,Mumbai,50,8.0,14.3
2026-07-02,12,Bengaluru,21,2.8,3.2
2026-07-02,12,Kolkata,72,10.2,10.9
2026-07-02,12,Chennai,48,7.8,8.6
2026-07-02,12,Hyderabad,25,6.7,12.0
2026-07-02,12,Pune,19,4.5,8.1
2026-07-02,12,Ahmedabad,59,20.0,47.7
2026-07-02,13,Delhi,155,39.9,89.6
2026-07-02,13,Mumbai,50,7.1,12.0
2026-07-02,13,Bengaluru,22,2.5,3.0
2026-07-02,13,Kolkata,71,9.4,10.0
2026-07-02,13,Chennai,48,10.3,13.0
2026-07-02,13,Hyderabad,25,7.2,12.7
2026-07-02,13,Pune,19,5.7,10.6
2026-07-02,13,Ahmedabad,60,18.8,44.0
2026-07-02,14,Delhi,155,37.3,79.9
2026-07-02,14,Mumbai,50,8.1,14.0
2026-07-02,14,Bengaluru,24,2.7,3.1
2026-07-02,14,Kolkata,70,9.3,9.8
2026-07-02,14,Chennai,49,12.8,16.9
2026-07-02,14,Hyderabad,25,7.9,12.8
2026-07-02,14,Pune,19,5.5,9.6
2026-07-02,14,Ahmedabad,60,21.4,47.8
2026-07-02,15,Delhi,154,37.3,85.9
2026-07-02,15,Mumbai,50,8.8,15.1
2026-07-02,15,Bengaluru,25,2.4,2.7
2026-07-02,15,Kolkata,69,10.4,11.1
2026-07-02,15,Chennai,50,13.7,18.2
2026-07-02,15,Hyderabad,26,8.9,13.9
2026-07-02,15,Pune,20,5.5,8.3
2026-07-02,15,Ahmedabad,60,18.3,39.9
2026-07-02,16,Delhi,153,35.6,74.5
2026-07-02,16,Mumbai,50,9.0,15.7
2026-07-02,16,Bengaluru,26,2.3,2.6
2026-07-02,16,Kolkata,69,11.7,12.4
2026-07-02,16,Chennai,50,13.2,17.4
2026-07-02,16,Hyderabad,26,9.5,14.1
2026-07-02,16,Pune,20,4.4,6.2
2026-07-02,16,Ahmedabad,61,16.1,33.3
2026-07-02,17,Delhi,151,34.3,95.7
2026-07-02,17,Mumbai,50,13.9,27.8
2026-07-02,17,Bengaluru,27,4.6,5.4
2026-07-02,17,Kolkata,68,12.5,13.3
2026-07-02,17,Chennai,51,17.0,22.1
2026-07-02,17,Hyderabad,28,10.0,15.5
2026-07-02,17,Pune,21,4.1,7.0
2026-07-02,17,Ahmedabad,61,22.4,40.9
2026-07-02,18,Delhi,151,33.6,89.4
2026-07-02,18,Mumbai,51,13.5,27.2
2026-07-02,18,Bengaluru,27,5.4,6.1
2026-07-02,18,Kolkata,67,20.5,21.3
2026-07-02,18,Chennai,51,16.8,21.9
2026-07-02,18,Hyderabad,29,10.0,14.2
2026-07-02,18,Pune,21,4.4,5.8
2026-07-02,18,Ahmedabad,62,15.8,24.2
2026-07-02,19,Delhi,153,35.0,76.6
2026-07-02,19,Mumbai,51,13.4,27.0
2026-07-02,19,Bengaluru,26,5.2,5.8
2026-07-02,19,Kolkata,67,25.1,26.1
2026-07-02,19,Chennai,51,16.7,21.1
2026-07-02,19,Hyderabad,30,8.2,10.8
2026-07-02,19,Pune,22,4.4,5.3
2026-07-02,19,Ahmedabad,62,11.0,15.4
2026-07-02,20,Delhi,150,37.1,71.2
2026-07-02,20,Mumbai,52,12.3,24.1
2026-07-02,20,Bengaluru,25,5.2,6.1
2026-07-02,20,Kolkata,66,27.6,28.7
2026-07-02,20,Chennai,51,16.4,20.0
2026-07-02,20,Hyderabad,30,6.5,7.6
2026-07-02,20,Pune,22,4.6,5.3
2026-07-02,20,Ahmedabad,62,9.3,12.6
2026-07-02,21,Delhi,144,38.3,66.4
2026-07-02,21,Mumbai,52,10.7,20.4
2026-07-02,21,Bengaluru,23,5.2,6.7
2026-07-02,21,Kolkata,66,27.4,28.5
2026-07-02,21,Chennai,52,16.2,19.4
2026-07-02,21,Hyderabad,30,5.4,5.9
2026-07-02,21,Pune,21,3.8,4.1
2026-07-02,21,Ahmedabad,62,9.3,12.7
2026-07-02,22,Delhi,141,39.5,73.3
2026-07-02,22,Mumbai,52,9.8,18.5
2026-07-02,22,Bengaluru,22,5.5,7.5
2026-07-02,22,Kolkata,66,24.8,25.9
2026-07-02,22,Chennai,52,14.6,16.5
2026-07-02,22,Hyderabad,30,5.0,5.6
2026-07-02,22,Pune,21,3.9,4.2
2026-07-02,22,Ahmedabad,62,10.2,14.1
2026-07-02,23,Delhi,138,41.6,89.4
2026-07-02,23,Mumbai,51,10.1,19.4
2026-07-02,23,Bengaluru,21,5.4,7.9
2026-07-02,23,Kolkata,65,22.2,23.4
2026-07-02,23,Chennai,52,12.7,13.6
2026-07-02,23,Hyderabad,30,4.7,5.6
2026-07-02,23,Pune,20,3.5,3.7
2026-07-02,23,Ahmedabad,62,10.9,15.4
2026-07-03,00,Delhi,135,43.0,94.3
2026-07-03,00,Mumbai,51,10.7,21.5
2026-07-03,00,Bengaluru,19,5.3,8.6
2026-07-03,00,Kolkata,65,23.1,24.3
2026-07-03,00,Chennai,52,11.7,12.6
2026-07-03,00,Hyderabad,31,4.2,5.2
2026-07-03,00,Pune,19,2.7,2.8
2026-07-03,00,Ahmedabad,62,11.4,16.6
2026-07-03,01,Delhi,132,45.4,99.7
2026-07-03,01,Mumbai,51,11.6,24.3
2026-07-03,01,Bengaluru,18,4.5,7.6
2026-07-03,01,Kolkata,65,25.2,26.4
2026-07-03,01,Chennai,52,11.7,12.6
2026-07-03,01,Hyderabad,31,3.9,5.2
2026-07-03,01,Pune,19,2.1,2.4
2026-07-03,01,Ahmedabad,62,12.2,18.0
2026-07-03,02,Delhi,130,47.8,104.8
2026-07-03,02,Mumbai,51,12.1,26.5
2026-07-03,02,Bengaluru,19,4.4,7.9
2026-07-03,02,Kolkata,65,24.4,25.6
2026-07-03,02,Chennai,53,12.1,12.8
2026-07-03,02,Hyderabad,31,3.9,5.6
2026-07-03,02,Pune,19,2.1,2.4
2026-07-03,02,Ahmedabad,62,13.1,20.3
2026-07-03,03,Delhi,127,46.0,80.1
2026-07-03,03,Mumbai,51,12.3,26.8
2026-07-03,03,Bengaluru,19,4.3,7.7
2026-07-03,03,Kolkata,66,23.1,24.2
2026-07-03,03,Chennai,53,12.3,13.1
2026-07-03,03,Hyderabad,31,4.1,6.3
2026-07-03,03,Pune,19,1.8,2.4
2026-07-03,03,Ahmedabad,62,13.8,22.1
2026-07-03,04,Delhi,126,41.1,58.7
2026-07-03,04,Mumbai,52,12.5,27.0
2026-07-03,04,Bengaluru,20,3.7,6.4
2026-07-03,04,Kolkata,66,20.7,21.8
2026-07-03,04,Chennai,53,12.0,12.8
2026-07-03,04,Hyderabad,32,4.2,6.8
2026-07-03,04,Pune,19,1.6,2.2
2026-07-03,04,Ahmedabad,62,13.9,22.3
2026-07-03,05,Delhi,124,21.8,26.2
2026-07-03,05,Mumbai,52,9.2,18.6
2026-07-03,05,Bengaluru,20,3.2,5.7
2026-07-03,05,Kolkata,66,17.3,18.4
2026-07-03,05,Chennai,54,7.5,9.8
2026-07-03,05,Hyderabad,32,3.6,5.7
2026-07-03,05,Pune,19,2.8,5.0
2026-07-03,05,Ahmedabad,62,13.8,23.9
2026-07-03,06,Delhi,120,21.4,27.7
2026-07-03,06,Mumbai,52,8.6,17.3
2026-07-03,06,Bengaluru,21,2.8,4.3
2026-07-03,06,Kolkata,66,13.5,14.6
2026-07-03,06,Chennai,54,8.7,13.6
2026-07-03,06,Hyderabad,32,4.0,5.5
2026-07-03,06,Pune,20,2.9,4.2
2026-07-03,06,Ahmedabad,62,14.8,24.5
2026-07-03,07,Delhi,116,23.3,31.8
2026-07-03,07,Mumbai,52,9.1,17.8
2026-07-03,07,Bengaluru,21,3.6,4.7
2026-07-03,07,Kolkata,66,10.5,11.5
2026-07-03,07,Chennai,54,10.9,18.7
2026-07-03,07,Hyderabad,33,4.6,5.9
2026-07-03,07,Pune,20,3.1,3.8
2026-07-03,07,Ahmedabad,62,15.5,27.2
2026-07-03,08,Delhi,112,24.6,35.5
2026-07-03,08,Mumbai,52,9.3,17.0
2026-07-03,08,Bengaluru,21,3.4,4.5
2026-07-03,08,Kolkata,65,9.0,10.0
2026-07-03,08,Chennai,55,13.0,23.8
2026-07-03,08,Hyderabad,33,4.1,5.3
2026-07-03,08,Pune,20,2.9,3.0
2026-07-03,08,Ahmedabad,62,17.1,34.0
2026-07-03,09,Delhi,108,27.2,49.5
2026-07-03,09,Mumbai,52,9.2,15.9
2026-07-03,09,Bengaluru,21,3.7,6.0
2026-07-03,09,Kolkata,65,8.4,9.5
2026-07-03,09,Chennai,55,13.9,25.8
2026-07-03,09,Hyderabad,33,4.1,5.6
2026-07-03,09,Pune,20,3.0,3.0
2026-07-03,09,Ahmedabad,62,19.7,45.4
2026-07-03,10,Delhi,105,29.3,56.5
2026-07-03,10,Mumbai,52,8.7,15.9
2026-07-03,10,Bengaluru,22,4.9,8.9
2026-07-03,10,Kolkata,65,7.7,8.7
2026-07-03,10,Chennai,56,14.8,27.2
2026-07-03,10,Hyderabad,33,4.2,5.7
2026-07-03,10,Pune,20,2.9,3.2
2026-07-03,10,Ahmedabad,62,23.2,59.3
2026-07-03,11,Delhi,103,31.2,56.2
2026-07-03,11,Mumbai,52,9.3,17.5
2026-07-03,11,Bengaluru,22,5.6,10.5
2026-07-03,11,Kolkata,65,7.3,8.2
2026-07-03,11,Chennai,57,14.9,25.2
2026-07-03,11,Hyderabad,33,3.4,4.7
2026-07-03,11,Pune,20,2.8,3.9
2026-07-03,11,Ahmedabad,62,25.8,68.2
2026-07-03,12,Delhi,101,32.4,56.8
2026-07-03,12,Mumbai,52,10.0,17.9
2026-07-03,12,Bengaluru,23,6.1,12.0
2026-07-03,12,Kolkata,65,6.8,7.8
2026-07-03,12,Chennai,58,14.7,23.1
2026-07-03,12,Hyderabad,32,3.6,5.2
2026-07-03,12,Pune,22,3.5,5.0
2026-07-03,12,Ahmedabad,63,27.2,72.2
2026-07-03,13,Delhi,99,33.8,70.8
2026-07-03,13,Mumbai,53,10.8,19.4
2026-07-03,13,Bengaluru,24,5.8,11.3
2026-07-03,13,Kolkata,64,6.9,7.9
2026-07-03,13,Chennai,58,15.4,23.1
2026-07-03,13,Hyderabad,31,4.5,5.9
2026-07-03,13,Pune,22,2.8,3.6
2026-07-03,13,Ahmedabad,63,27.8,72.4
2026-07-03,14,Delhi,99,34.9,70.8
2026-07-03,14,Mumbai,53,10.6,19.4
2026-07-03,14,Bengaluru,25,6.1,12.0
2026-07-03,14,Kolkata,64,7.2,8.4
2026-07-03,14,Chennai,58,15.7,23.3
2026-07-03,14,Hyderabad,31,4.8,6.0
2026-07-03,14,Pune,23,2.7,3.2
2026-07-03,14,Ahmedabad,64,28.3,72.4
2026-07-03,15,Delhi,106,38.1,99.7
2026-07-03,15,Mumbai,53,10.1,18.7
2026-07-03,15,Bengaluru,28,5.6,10.6
2026-07-03,15,Kolkata,64,6.6,7.7
2026-07-03,15,Chennai,59,16.5,24.2
2026-07-03,15,Hyderabad,30,4.8,5.5
2026-07-03,15,Pune,23,2.8,3.3
2026-07-03,15,Ahmedabad,65,28.8,72.4
2026-07-03,16,Delhi,120,40.6,104.8
2026-07-03,16,Mumbai,53,10.1,18.6
2026-07-03,16,Bengaluru,30,6.5,10.0
2026-07-03,16,Kolkata,64,9.8,10.6
2026-07-03,16,Chennai,59,17.1,24.3
2026-07-03,16,Hyderabad,29,4.7,5.3
2026-07-03,16,Pune,24,2.5,2.9
2026-07-03,16,Ahmedabad,65,28.8,70.8
2026-07-03,17,Delhi,133,45.2,87.8
2026-07-03,17,Mumbai,53,8.4,15.3
2026-07-03,17,Bengaluru,31,8.8,14.6
2026-07-03,17,Kolkata,63,10.0,11.7
2026-07-03,17,Chennai,59,11.8,16.1
2026-07-03,17,Hyderabad,28,6.7,8.1
2026-07-03,17,Pune,24,3.4,4.0
2026-07-03,17,Ahmedabad,66,24.1,50.3
2026-07-03,18,Delhi,147,50.1,90.6
2026-07-03,18,Mumbai,53,8.2,15.1
2026-07-03,18,Bengaluru,31,8.1,11.7
2026-07-03,18,Kolkata,63,11.9,13.5
2026-07-03,18,Chennai,59,10.8,14.5
2026-07-03,18,Hyderabad,27,7.4,9.3
2026-07-03,18,Pune,24,3.8,4.3
2026-07-03,18,Ahmedabad,66,18.6,33.4
2026-07-03,19,Delhi,150,57.0,94.1
2026-07-03,19,Mumbai,52,8.8,15.9
2026-07-03,19,Bengaluru,31,5.8,7.7
2026-07-03,19,Kolkata,63,13.2,14.7
2026-07-03,19,Chennai,58,10.8,14.3
2026-07-03,19,Hyderabad,27,6.9,8.5
2026-07-03,19,Pune,23,4.0,4.5
2026-07-03,19,Ahmedabad,67,15.1,23.3
2026-07-03,20,Delhi,139,65.4,96.2
2026-07-03,20,Mumbai,52,8.9,16.2
2026-07-03,20,Bengaluru,29,4.9,6.0
2026-07-03,20,Kolkata,62,13.6,15.1
2026-07-03,20,Chennai,58,11.1,15.1
2026-07-03,20,Hyderabad,26,5.9,7.0
2026-07-03,20,Pune,22,3.5,3.7
2026-07-03,20,Ahmedabad,67,12.6,17.6
2026-07-03,21,Delhi,121,66.4,95.2
2026-07-03,21,Mumbai,52,8.9,16.2
2026-07-03,21,Bengaluru,29,4.5,5.1
2026-07-03,21,Kolkata,61,13.2,14.4
2026-07-03,21,Chennai,57,11.1,15.3
2026-07-03,21,Hyderabad,26,4.9,5.6
2026-07-03,21,Pune,21,2.5,2.6
2026-07-03,21,Ahmedabad,67,12.4,16.7
2026-07-03,22,Delhi,110,65.7,94.5
2026-07-03,22,Mumbai,52,9.1,16.8
2026-07-03,22,Bengaluru,28,3.9,4.2
2026-07-03,22,Kolkata,59,12.3,13.4
2026-07-03,22,Chennai,57,12.0,16.8
2026-07-03,22,Hyderabad,26,3.8,4.2
2026-07-03,22,Pune,20,2.3,2.4
2026-07-03,22,Ahmedabad,68,13.0,17.1
2026-07-03,23,Delhi,113,63.1,90.1
2026-07-03,23,Mumbai,52,8.3,14.9
2026-07-03,23,Bengaluru,28,3.4,3.7
2026-07-03,23,Kolkata,58,11.2,12.2
2026-07-03,23,Chennai,57,11.9,17.2
2026-07-03,23,Hyderabad,26,3.1,3.4
2026-07-03,23,Pune,20,2.2,2.3
2026-07-03,23,Ahmedabad,68,12.4,16.1
2026-07-04,00,Delhi,115,59.4,84.1
2026-07-04,00,Mumbai,51,7.9,15.3
2026-07-04,00,Bengaluru,28,2.5,2.9
2026-07-04,00,Kolkata,58,10.5,11.5
2026-07-04,00,Chennai,57,9.7,13.9
2026-07-04,00,Hyderabad,25,2.8,3.1
2026-07-04,00,Pune,19,1.7,1.8
2026-07-04,00,Ahmedabad,68,11.4,15.1
2026-07-04,01,Delhi,117,56.7,79.4
2026-07-04,01,Mumbai,51,7.5,14.7
2026-07-04,01,Bengaluru,27,2.0,2.3
2026-07-04,01,Kolkata,57,9.5,10.4
2026-07-04,01,Chennai,57,7.2,9.3
2026-07-04,01,Hyderabad,25,2.5,2.8
2026-07-04,01,Pune,19,1.2,1.3
2026-07-04,01,Ahmedabad,68,11.3,16.6
2026-07-04,02,Delhi,118,55.5,76.4
2026-07-04,02,Mumbai,51,6.8,14.2
2026-07-04,02,Bengaluru,26,1.7,1.8
2026-07-04,02,Kolkata,55,9.2,9.9
2026-07-04,02,Chennai,56,5.1,6.4
2026-07-04,02,Hyderabad,25,2.4,2.7
2026-07-04,02,Pune,19,1.1,1.2
2026-07-04,02,Ahmedabad,68,12.7,21.2
2026-07-04,03,Delhi,119,54.9,73.1
2026-07-04,03,Mumbai,51,7.9,16.9
2026-07-04,03,Bengaluru,26,1.5,1.6
2026-07-04,03,Kolkata,54,9.6,10.2
2026-07-04,03,Chennai,56,4.5,5.7
2026-07-04,03,Hyderabad,24,2.4,2.8
2026-07-04,03,Pune,20,1.2,1.3
2026-07-04,03,Ahmedabad,68,13.0,22.6
2026-07-04,04,Delhi,119,54.6,69.6
2026-07-04,04,Mumbai,50,8.7,18.6
2026-07-04,04,Bengaluru,25,1.5,1.8
2026-07-04,04,Kolkata,53,9.4,10.1
2026-07-04,04,Chennai,55,4.4,5.6
2026-07-04,04,Hyderabad,24,2.2,2.5
2026-07-04,04,Pune,20,1.1,1.2
2026-07-04,04,Ahmedabad,68,13.0,23.2
2026-07-04,05,Delhi,121,55.9,91.3
2026-07-04,05,Mumbai,50,6.5,12.4
2026-07-04,05,Bengaluru,25,1.3,1.4
2026-07-04,05,Kolkata,52,8.5,9.3
2026-07-04,05,Chennai,55,5.2,7.5
2026-07-04,05,Hyderabad,23,2.4,2.7
2026-07-04,05,Pune,21,1.4,1.4
2026-07-04,05,Ahmedabad,68,10.1,14.5
2026-07-04,06,Delhi,124,57.7,82.7
2026-07-04,06,Mumbai,49,5.0,8.6
2026-07-04,06,Bengaluru,24,1.7,2.2
2026-07-04,06,Kolkata,52,8.8,9.5
2026-07-04,06,Chennai,54,5.0,6.6
2026-07-04,06,Hyderabad,23,2.6,2.9
2026-07-04,06,Pune,21,1.6,1.8
2026-07-04,06,Ahmedabad,67,10.3,19.6
2026-07-04,07,Delhi,128,55.1,81.7
2026-07-04,07,Mumbai,48,4.5,6.2
2026-07-04,07,Bengaluru,24,2.8,3.3
2026-07-04,07,Kolkata,51,8.7,9.5
2026-07-04,07,Chennai,54,5.9,7.2
2026-07-04,07,Hyderabad,23,3.2,3.4
2026-07-04,07,Pune,21,2.3,2.4
2026-07-04,07,Ahmedabad,67,11.2,21.3
2026-07-04,08,Delhi,132,48.2,84.8
2026-07-04,08,Mumbai,47,4.9,5.5
2026-07-04,08,Bengaluru,24,3.8,4.2
2026-07-04,08,Kolkata,51,8.9,10.2
2026-07-04,08,Chennai,54,7.0,8.1
2026-07-04,08,Hyderabad,23,3.6,3.8
2026-07-04,08,Pune,21,3.4,3.7
2026-07-04,08,Ahmedabad,67,12.4,24.6
2026-07-04,09,Delhi,134,39.9,63.6
2026-07-04,09,Mumbai,46,6.2,6.6
2026-07-04,09,Bengaluru,24,4.2,4.7
2026-07-04,09,Kolkata,51,9.1,10.7
2026-07-04,09,Chennai,53,8.3,9.5
2026-07-04,09,Hyderabad,22,3.6,3.9
2026-07-04,09,Pune,21,3.1,3.4
2026-07-04,09,Ahmedabad,66,14.3,27.6
2026-07-04,10,Delhi,135,36.9,69.8
2026-07-04,10,Mumbai,45,7.0,7.4
2026-07-04,10,Bengaluru,24,4.0,4.8
2026-07-04,10,Kolkata,51,8.1,9.7
2026-07-04,10,Chennai,53,8.8,10.3
2026-07-04,10,Hyderabad,22,4.6,4.8
2026-07-04,10,Pune,20,3.4,3.5
2026-07-04,10,Ahmedabad,66,15.9,29.5
2026-07-04,11,Delhi,136,34.5,66.6
2026-07-04,11,Mumbai,45,6.9,7.7
2026-07-04,11,Bengaluru,24,4.2,6.0
2026-07-04,11,Kolkata,51,8.8,10.7
2026-07-04,11,Chennai,52,8.7,10.1
2026-07-04,11,Hyderabad,22,4.2,4.3
2026-07-04,11,Pune,20,2.4,2.4
2026-07-04,11,Ahmedabad,65,17.0,32.6
2026-07-04,12,Delhi,136,32.4,59.1
2026-07-04,12,Mumbai,44,7.2,9.5
2026-07-04,12,Bengaluru,23,5.3,9.6
2026-07-04,12,Kolkata,51,7.5,8.8
2026-07-04,12,Chennai,52,9.3,10.7
2026-07-04,12,Hyderabad,23,3.3,3.6
2026-07-04,12,Pune,21,2.1,2.2
2026-07-04,12,Ahmedabad,65,18.5,34.9
2026-07-04,13,Delhi,136,33.6,55.1
2026-07-04,13,Mumbai,44,7.7,11.8
2026-07-04,13,Bengaluru,23,6.2,12.4
2026-07-04,13,Kolkata,51,7.9,8.9
2026-07-04,13,Chennai,51,9.4,11.3
2026-07-04,13,Hyderabad,23,3.4,3.8
2026-07-04,13,Pune,21,2.4,2.5
2026-07-04,13,Ahmedabad,64,20.1,40.9
2026-07-04,14,Delhi,136,36.4,57.9
2026-07-04,14,Mumbai,43,6.7,10.2
2026-07-04,14,Bengaluru,23,5.7,10.9
2026-07-04,14,Kolkata,51,7.7,8.5
2026-07-04,14,Chennai,51,9.8,12.3
2026-07-04,14,Hyderabad,22,3.5,3.8
2026-07-04,14,Pune,21,2.3,2.5
2026-07-04,14,Ahmedabad,63,20.5,44.0
2026-07-04,15,Delhi,137,39.2,61.0
2026-07-04,15,Mumbai,42,6.1,9.5
2026-07-04,15,Bengaluru,23,5.0,8.8
2026-07-04,15,Kolkata,51,8.9,10.0
2026-07-04,15,Chennai,50,9.4,12.4
2026-07-04,15,Hyderabad,22,3.4,3.8
2026-07-04,15,Pune,21,1.7,1.8
2026-07-04,15,Ahmedabad,63,21.4,41.7
2026-07-04,16,Delhi,154,41.9,72.2
2026-07-04,16,Mumbai,41,5.9,9.1
2026-07-04,16,Bengaluru,24,4.8,8.4
2026-07-04,16,Kolkata,52,9.1,10.3
2026-07-04,16,Chennai,50,10.5,14.1
2026-07-04,16,Hyderabad,22,3.5,4.2
2026-07-04,16,Pune,21,1.7,1.8
2026-07-04,16,Ahmedabad,62,20.5,41.0
2026-07-04,17,Delhi,169,58.2,89.2
2026-07-04,17,Mumbai,40,8.6,15.8
2026-07-04,17,Bengaluru,26,8.2,15.7
2026-07-04,17,Kolkata,52,9.0,10.3
2026-07-04,17,Chennai,48,13.2,16.5
2026-07-04,17,Hyderabad,23,4.4,5.2
2026-07-04,17,Pune,21,4.9,7.8
2026-07-04,17,Ahmedabad,61,25.9,52.3
2026-07-04,18,Delhi,172,60.8,90.3
2026-07-04,18,Mumbai,40,8.1,15.3
2026-07-04,18,Bengaluru,27,8.6,14.6
2026-07-04,18,Kolkata,51,11.1,12.4
2026-07-04,18,Chennai,48,14.0,17.2
2026-07-04,18,Hyderabad,23,4.4,5.1
2026-07-04,18,Pune,21,4.2,5.8
2026-07-04,18,Ahmedabad,62,28.6,53.7
2026-07-04,19,Delhi,169,66.6,89.4
2026-07-04,19,Mumbai,40,8.4,16.4
2026-07-04,19,Bengaluru,27,9.2,14.8
2026-07-04,19,Kolkata,51,13.1,14.4
2026-07-04,19,Chennai,49,15.3,18.6
2026-07-04,19,Hyderabad,24,4.3,5.2
2026-07-04,19,Pune,21,3.2,3.9
2026-07-04,19,Ahmedabad,62,26.5,41.6
2026-07-04,20,Delhi,158,73.1,95.5
2026-07-04,20,Mumbai,40,8.7,17.8
2026-07-04,20,Bengaluru,27,8.0,12.2
2026-07-04,20,Kolkata,51,13.4,14.8
2026-07-04,20,Chennai,50,15.3,18.6
2026-07-04,20,Hyderabad,24,4.1,5.3
2026-07-04,20,Pune,21,2.8,3.2
2026-07-04,20,Ahmedabad,63,23.7,34.7
2026-07-04,21,Delhi,141,79.4,101.3
2026-07-04,21,Mumbai,40,7.7,15.5
2026-07-04,21,Bengaluru,26,5.2,7.1
2026-07-04,21,Kolkata,51,12.4,13.4
2026-07-04,21,Chennai,50,15.0,18.7
2026-07-04,21,Hyderabad,24,4.0,5.3
2026-07-04,21,Pune,20,2.6,3.0
2026-07-04,21,Ahmedabad,64,23.1,35.9
2026-07-04,22,Delhi,142,83.6,130.9
2026-07-04,22,Mumbai,40,7.3,14.3
2026-07-04,22,Bengaluru,25,3.8,4.7
2026-07-04,22,Kolkata,51,11.3,12.3
2026-07-04,22,Chennai,51,13.8,17.5
2026-07-04,22,Hyderabad,24,3.9,5.4
2026-07-04,22,Pune,20,2.3,2.6
2026-07-04,22,Ahmedabad,65,22.1,34.7
2026-07-04,23,Delhi,144,78.0,119.2
2026-07-04,23,Mumbai,39,6.4,12.3
2026-07-04,23,Bengaluru,24,3.1,4.0
2026-07-04,23,Kolkata,51,10.1,11.0
2026-07-04,23,Chennai,51,12.9,16.7
2026-07-04,23,Hyderabad,23,3.6,4.9
2026-07-04,23,Pune,20,1.8,2.0
2026-07-04,23,Ahmedabad,66,21.1,31.1
2026-07-05,00,Delhi,146,73.3,105.2
2026-07-05,00,Mumbai,39,8.1,15.2
2026-07-05,00,Bengaluru,24,2.5,3.5
2026-07-05,00,Kolkata,51,10.0,11.1
2026-07-05,00,Chennai,51,12.0,15.4
2026-07-05,00,Hyderabad,22,3.0,3.8
2026-07-05,00,Pune,20,1.2,1.4
2026-07-05,00,Ahmedabad,66,20.0,30.7
2026-07-05,01,Delhi,147,69.6,99.0
2026-07-05,01,Mumbai,39,8.7,16.6
2026-07-05,01,Bengaluru,24,2.0,2.7
2026-07-05,01,Kolkata,51,11.1,12.2
2026-07-05,01,Chennai,51,11.5,14.9
2026-07-05,01,Hyderabad,21,2.5,2.9
2026-07-05,01,Pune,20,0.9,1.1
2026-07-05,01,Ahmedabad,67,18.0,26.5
2026-07-05,02,Delhi,149,67.8,99.0
2026-07-05,02,Mumbai,39,8.1,15.8
2026-07-05,02,Bengaluru,24,2.2,3.7
2026-07-05,02,Kolkata,51,11.8,13.1
2026-07-05,02,Chennai,51,11.0,14.5
2026-07-05,02,Hyderabad,20,2.2,2.5
2026-07-05,02,Pune,20,0.8,0.9
2026-07-05,02,Ahmedabad,68,15.7,22.9
2026-07-05,03,Delhi,150,67.5,92.0
2026-07-05,03,Mumbai,40,7.4,14.3
2026-07-05,03,Bengaluru,24,2.1,3.5
2026-07-05,03,Kolkata,51,11.7,13.0
2026-07-05,03,Chennai,52,9.8,13.0
2026-07-05,03,Hyderabad,20,2.0,2.4
2026-07-05,03,Pune,20,0.7,0.8
2026-07-05,03,Ahmedabad,68,14.3,22.4
2026-07-05,04,Delhi,150,66.4,83.4
2026-07-05,04,Mumbai,40,6.7,12.8
2026-07-05,04,Bengaluru,24,1.7,2.5
2026-07-05,04,Kolkata,52,10.9,12.1
2026-07-05,04,Chennai,52,7.5,10.2
2026-07-05,04,Hyderabad,19,1.9,2.3
2026-07-05,04,Pune,20,0.7,0.7
2026-07-05,04,Ahmedabad,68,14.3,22.7
2026-07-05,05,Delhi,151,54.5,59.8
2026-07-05,05,Mumbai,39,1.6,2.0
2026-07-05,05,Bengaluru,24,3.0,5.0
2026-07-05,05,Kolkata,52,9.1,10.1
2026-07-05,05,Chennai,53,7.3,11.4
2026-07-05,05,Hyderabad,19,1.9,2.4
2026-07-05,05,Pune,20,0.5,0.5
2026-07-05,05,Ahmedabad,68,13.8,28.6
2026-07-05,06,Delhi,151,43.8,46.0
2026-07-05,06,Mumbai,38,2.2,2.6
2026-07-05,06,Bengaluru,25,3.0,5.1
2026-07-05,06,Kolkata,52,9.1,10.0
2026-07-05,06,Chennai,53,6.9,10.8
2026-07-05,06,Hyderabad,19,2.2,2.6
2026-07-05,06,Pune,21,0.9,1.0
2026-07-05,06,Ahmedabad,68,16.6,36.7
2026-07-05,07,Delhi,150,36.0,38.4
2026-07-05,07,Mumbai,37,3.9,4.4
2026-07-05,07,Bengaluru,25,3.8,6.7
2026-07-05,07,Kolkata,52,9.6,10.6
2026-07-05,07,Chennai,53,7.4,11.5
2026-07-05,07,Hyderabad,19,2.6,3.0
2026-07-05,07,Pune,21,1.5,1.5
2026-07-05,07,Ahmedabad,69,19.4,45.3
2026-07-05,08,Delhi,149,31.5,34.2
2026-07-05,08,Mumbai,37,6.0,6.4
2026-07-05,08,Bengaluru,25,4.8,7.5
2026-07-05,08,Kolkata,52,10.2,11.3
2026-07-05,08,Chennai,53,8.1,12.4
2026-07-05,08,Hyderabad,19,2.9,3.2
2026-07-05,08,Pune,21,1.8,1.9
2026-07-05,08,Ahmedabad,69,21.9,53.1
2026-07-05,09,Delhi,147,32.6,42.6
2026-07-05,09,Mumbai,37,6.9,7.2
2026-07-05,09,Bengaluru,26,4.1,6.2
2026-07-05,09,Kolkata,52,10.0,11.0
2026-07-05,09,Chennai,53,8.9,13.6
2026-07-05,09,Hyderabad,18,3.0,4.2
2026-07-05,09,Pune,21,2.0,2.1
2026-07-05,09,Ahmedabad,70,26.0,64.7
2026-07-05,10,Delhi,146,33.6,43.1
2026-07-05,10,Mumbai,38,6.5,6.8
2026-07-05,10,Bengaluru,26,4.1,6.6
2026-07-05,10,Kolkata,52,9.0,10.0
2026-07-05,10,Chennai,53,10.9,16.6
2026-07-05,10,Hyderabad,19,3.5,5.3
2026-07-05,10,Pune,21,1.9,2.0
2026-07-05,10,Ahmedabad,71,29.1,73.6
2026-07-05,11,Delhi,146,34.0,48.8
2026-07-05,11,Mumbai,37,5.6,6.2
2026-07-05,11,Bengaluru,26,4.8,8.7
2026-07-05,11,Kolkata,52,8.6,9.5
2026-07-05,11,Chennai,53,14.1,21.4
2026-07-05,11,Hyderabad,20,3.8,5.7
2026-07-05,11,Pune,21,2.0,2.0
2026-07-05,11,Ahmedabad,72,31.2,79.4
2026-07-05,12,Delhi,146,34.6,51.9
2026-07-05,12,Mumbai,37,5.5,7.3
2026-07-05,12,Bengaluru,26,6.2,12.3
2026-07-05,12,Kolkata,52,8.6,9.5
2026-07-05,12,Chennai,54,16.8,25.7
2026-07-05,12,Hyderabad,21,4.7,8.2
2026-07-05,12,Pune,22,1.7,1.7
2026-07-05,12,Ahmedabad,73,31.9,81.5
2026-07-05,13,Delhi,146,34.9,54.2
2026-07-05,13,Mumbai,37,5.6,8.3
2026-07-05,13,Bengaluru,26,7.9,15.6
2026-07-05,13,Kolkata,52,9.3,10.2
2026-07-05,13,Chennai,54,17.8,27.4
2026-07-05,13,Hyderabad,22,4.7,7.6
2026-07-05,13,Pune,22,2.2,2.6
2026-07-05,13,Ahmedabad,74,32.8,83.6
2026-07-05,14,Delhi,146,34.8,53.2
2026-07-05,14,Mumbai,36,5.7,8.7
2026-07-05,14,Bengaluru,26,8.8,17.3
2026-07-05,14,Kolkata,52,10.1,11.1
2026-07-05,14,Chennai,55,17.3,27.0
2026-07-05,14,Hyderabad,24,5.8,9.2
2026-07-05,14,Pune,22,1.6,2.0
2026-07-05,14,Ahmedabad,75,33.4,83.6
2026-07-05,15,Delhi,164,36.2,57.5
2026-07-05,15,Mumbai,36,6.9,12.0
2026-07-05,15,Bengaluru,27,9.7,18.9
2026-07-05,15,Kolkata,52,12.1,13.3
2026-07-05,15,Chennai,56,16.4,25.8
2026-07-05,15,Hyderabad,26,6.2,10.2
2026-07-05,15,Pune,22,1.6,1.7
2026-07-05,15,Ahmedabad,76,33.4,82.4
2026-07-05,16,Delhi,185,36.4,56.0
2026-07-05,16,Mumbai,36,8.6,16.6
2026-07-05,16,Bengaluru,28,10.0,18.5
2026-07-05,16,Kolkata,53,12.8,14.3
2026-07-05,16,Chennai,56,16.7,26.3
2026-07-05,16,Hyderabad,27,5.4,8.1
2026-07-05,16,Pune,22,1.7,1.8
2026-07-05,16,Ahmedabad,77,33.2,80.8
2026-07-05,17,Delhi,201,40.4,80.8
2026-07-05,17,Mumbai,37,10.9,28.6
2026-07-05,17,Bengaluru,30,11.2,20.3
2026-07-05,17,Kolkata,53,9.8,10.5
2026-07-05,17,Chennai,57,14.8,23.4
2026-07-05,17,Hyderabad,28,8.3,13.5
2026-07-05,17,Pune,22,4.0,7.7
2026-07-05,17,Ahmedabad,78,27.9,70.3
2026-07-05,18,Delhi,205,48.2,87.8
2026-07-05,18,Mumbai,37,11.5,28.4
2026-07-05,18,Bengaluru,31,12.0,20.4
2026-07-05,18,Kolkata,53,11.5,12.3
2026-07-05,18,Chennai,57,14.4,22.2
2026-07-05,18,Hyderabad,29,8.8,14.7
2026-07-05,18,Pune,22,3.4,5.8
2026-07-05,18,Ahmedabad,78,29.6,71.5
2026-07-05,19,Delhi,203,56.7,95.2
2026-07-05,19,Mumbai,38,11.3,25.3
2026-07-05,19,Bengaluru,31,12.3,19.7
2026-07-05,19,Kolkata,53,13.1,14.0
2026-07-05,19,Chennai,57,14.9,22.2
2026-07-05,19,Hyderabad,28,8.4,13.8
2026-07-05,19,Pune,22,2.7,3.6
2026-07-05,19,Ahmedabad,79,40.6,79.4
2026-07-05,20,Delhi,193,66.6,103.8
2026-07-05,20,Mumbai,39,12.0,26.1
2026-07-05,20,Bengaluru,32,11.6,18.0
2026-07-05,20,Kolkata,53,13.5,14.5
2026-07-05,20,Chennai,57,15.1,22.2
2026-07-05,20,Hyderabad,28,7.1,10.9
2026-07-05,20,Pune,22,2.3,2.6
2026-07-05,20,Ahmedabad,80,42.3,72.9
2026-07-05,21,Delhi,171,74.7,109.2
2026-07-05,21,Mumbai,40,11.4,23.7
2026-07-05,21,Bengaluru,32,10.6,16.5
2026-07-05,21,Kolkata,53,13.0,14.2
2026-07-05,21,Chennai,57,14.4,21.1
2026-07-05,21,Hyderabad,27,5.8,8.6
2026-07-05,21,Pune,21,2.1,2.2
2026-07-05,21,Ahmedabad,81,36.9,56.8
2026-07-05,22,Delhi,145,76.4,113.2
2026-07-05,22,Mumbai,40,12.3,24.8
2026-07-05,22,Bengaluru,34,8.8,13.6
2026-07-05,22,Kolkata,53,11.4,12.7
2026-07-05,22,Chennai,57,13.4,20.0
2026-07-05,22,Hyderabad,26,5.7,8.9
2026-07-05,22,Pune,21,1.9,1.9
2026-07-05,22,Ahmedabad,82,32.0,46.4
2026-07-05,23,Delhi,139,72.4,140.2
2026-07-05,23,Mumbai,42,13.6,28.2
2026-07-05,23,Bengaluru,35,7.9,12.5
2026-07-05,23,Kolkata,53,9.3,10.6
2026-07-05,23,Chennai,57,13.1,19.8
2026-07-05,23,Hyderabad,25,5.3,8.4
2026-07-05,23,Pune,21,1.5,1.8
2026-07-05,23,Ahmedabad,83,29.4,43.2
2026-07-06,00,Delhi,139,57.3,86.4
2026-07-06,00,Mumbai,43,11.6,24.2
2026-07-06,00,Bengaluru,36,6.6,10.6
2026-07-06,00,Kolkata,53,9.1,10.4
2026-07-06,00,Chennai,57,13.2,20.3
2026-07-06,00,Hyderabad,25,4.2,6.5
2026-07-06,00,Pune,21,2.1,3.4
2026-07-06,00,Ahmedabad,84,27.6,42.8
2026-07-06,01,Delhi,137,52.6,75.0
2026-07-06,01,Mumbai,44,11.2,24.0
2026-07-06,01,Bengaluru,37,5.3,8.5
2026-07-06,01,Kolkata,53,9.1,10.3
2026-07-06,01,Chennai,57,13.4,20.4
2026-07-06,01,Hyderabad,25,3.7,5.5
2026-07-06,01,Pune,21,2.8,4.8
2026-07-06,01,Ahmedabad,84,25.6,44.1
2026-07-06,02,Delhi,135,48.5,63.3
2026-07-06,02,Mumbai,45,10.5,23.1
2026-07-06,02,Bengaluru,38,3.8,6.0
2026-07-06,02,Kolkata,53,9.1,10.1
2026-07-06,02,Chennai,57,13.3,20.2
2026-07-06,02,Hyderabad,25,3.2,4.4
2026-07-06,02,Pune,21,2.5,3.9
2026-07-06,02,Ahmedabad,85,24.8,45.2
2026-07-06,03,Delhi,133,42.7,49.9
2026-07-06,03,Mumbai,45,10.0,20.9
2026-07-06,03,Bengaluru,38,2.7,4.2
2026-07-06,03,Kolkata,53,9.3,10.3
2026-07-06,03,Chennai,57,12.9,20.0
2026-07-06,03,Hyderabad,26,2.7,3.4
2026-07-06,03,Pune,22,1.5,2.1
2026-07-06,03,Ahmedabad,86,24.6,45.6
2026-07-06,04,Delhi,131,38.9,42.4
2026-07-06,04,Mumbai,46,8.9,17.5
2026-07-06,04,Bengaluru,38,2.2,3.4
2026-07-06,04,Kolkata,52,9.1,10.1
2026-07-06,04,Chennai,57,12.4,19.8
2026-07-06,04,Hyderabad,26,2.2,2.5
2026-07-06,04,Pune,22,1.2,1.6
2026-07-06,04,Ahmedabad,86,25.1,47.1
2026-07-06,05,Delhi,128,26.5,26.5
2026-07-06,05,Mumbai,46,9.4,22.6
2026-07-06,05,Bengaluru,38,2.9,5.1
2026-07-06,05,Kolkata,52,10.3,11.7
2026-07-06,05,Chennai,58,12.4,20.1
2026-07-06,05,Hyderabad,26,4.1,6.4
2026-07-06,05,Pune,22,1.8,2.2
2026-07-06,05,Ahmedabad,87,34.9,55.1
2026-07-06,06,Delhi,125,25.6,25.6
2026-07-06,06,Mumbai,48,8.5,19.2
2026-07-06,06,Bengaluru,38,3.0,5.1
2026-07-06,06,Kolkata,52,11.2,12.6
2026-07-06,06,Chennai,58,13.1,20.5
2026-07-06,06,Hyderabad,26,4.6,7.2
2026-07-06,06,Pune,23,1.9,2.5
2026-07-06,06,Ahmedabad,89,34.6,54.6
2026-07-06,07,Delhi,123,24.5,25.1
2026-07-06,07,Mumbai,50,9.8,21.7
2026-07-06,07,Bengaluru,38,3.7,5.5
2026-07-06,07,Kolkata,53,11.9,12.9
2026-07-06,07,Chennai,59,14.6,22.1
2026-07-06,07,Hyderabad,27,5.0,7.8
2026-07-06,07,Pune,23,2.6,3.8
2026-07-06,07,Ahmedabad,90,31.9,54.4
2026-07-06,08,Delhi,122,21.8,23.4
2026-07-06,08,Mumbai,50,9.5,17.4
2026-07-06,08,Bengaluru,38,3.9,5.7
2026-07-06,08,Kolkata,53,12.2,13.1
2026-07-06,08,Chennai,59,15.8,24.0
2026-07-06,08,Hyderabad,28,5.4,8.4
2026-07-06,08,Pune,23,4.0,6.5
2026-07-06,08,Ahmedabad,91,33.3,63.6
2026-07-06,09,Delhi,121,22.0,23.9
2026-07-06,09,Mumbai,51,7.7,12.6
2026-07-06,09,Bengaluru,38,3.5,5.1
2026-07-06,09,Kolkata,53,12.0,13.1
2026-07-06,09,Chennai,60,16.8,25.8
2026-07-06,09,Hyderabad,28,5.4,8.4
2026-07-06,09,Pune,22,6.2,10.9
2026-07-06,09,Ahmedabad,92,35.4,72.4
2026-07-06,10,Delhi,120,22.9,24.7
2026-07-06,10,Mumbai,51,6.0,8.8
2026-07-06,10,Bengaluru,38,3.5,5.7
2026-07-06,10,Kolkata,53,11.9,13.4
2026-07-06,10,Chennai,60,18.1,27.9
2026-07-06,10,Hyderabad,29,5.1,7.6
2026-07-06,10,Pune,22,7.1,13.9
2026-07-06,10,Ahmedabad,93,37.3,80.8
2026-07-06,11,Delhi,118,23.8,25.6
2026-07-06,11,Mumbai,51,4.2,6.0
2026-07-06,11,Bengaluru,38,4.8,8.9
2026-07-06,11,Kolkata,53,12.3,14.7
2026-07-06,11,Chennai,61,19.7,30.0
2026-07-06,11,Hyderabad,29,4.7,6.6
2026-07-06,11,Pune,22,6.7,15.1
2026-07-06,11,Ahmedabad,94,39.1,89.6
2026-07-06,12,Delhi,117,25.4,27.0
2026-07-06,12,Mumbai,51,3.4,4.7
2026-07-06,12,Bengaluru,38,5.2,9.6
2026-07-06,12,Kolkata,54,13.9,17.8
2026-07-06,12,Chennai,61,20.8,31.3
2026-07-06,12,Hyderabad,29,4.7,6.4
2026-07-06,12,Pune,22,5.0,8.2
2026-07-06,12,Ahmedabad,94,40.6,98.0
2026-07-06,13,Delhi,116,26.8,28.2
2026-07-06,13,Mumbai,50,4.3,5.9
2026-07-06,13,Bengaluru,37,5.5,12.0
2026-07-06,13,Kolkata,54,15.7,21.6
2026-07-06,13,Chennai,62,20.3,30.7
2026-07-06,13,Hyderabad,29,5.3,7.2
2026-07-06,13,Pune,23,4.0,5.7
2026-07-06,13,Ahmedabad,95,41.2,100.8
2026-07-06,14,Delhi,116,29.4,31.3
2026-07-06,14,Mumbai,50,6.4,8.9
2026-07-06,14,Bengaluru,37,6.0,14.1
2026-07-06,14,Kolkata,55,17.3,24.8
2026-07-06,14,Chennai,62,18.9,29.6
2026-07-06,14,Hyderabad,29,5.9,8.9
2026-07-06,14,Pune,23,2.5,4.0
2026-07-06,14,Ahmedabad,95,42.3,102.9
2026-07-06,15,Delhi,115,31.5,33.2
2026-07-06,15,Mumbai,50,9.7,13.9
2026-07-06,15,Bengaluru,36,4.8,9.3
2026-07-06,15,Kolkata,55,18.5,26.1
2026-07-06,15,Chennai,62,18.7,30.4
2026-07-06,15,Hyderabad,29,7.2,11.8
2026-07-06,15,Pune,24,3.0,4.7
2026-07-06,15,Ahmedabad,96,43.7,105.9
2026-07-06,16,Delhi,134,33.1,34.6
2026-07-06,16,Mumbai,51,13.7,21.7
2026-07-06,16,Bengaluru,35,4.3,7.3
2026-07-06,16,Kolkata,56,20.4,27.9
2026-07-06,16,Chennai,62,19.1,31.0
2026-07-06,16,Hyderabad,30,8.3,13.7
2026-07-06,16,Pune,24,2.8,3.9
2026-07-06,16,Ahmedabad,97,43.7,104.3
2026-07-06,17,Delhi,162,33.1,42.4
2026-07-06,17,Mumbai,51,10.1,15.7
2026-07-06,17,Bengaluru,34,7.6,10.2
2026-07-06,17,Kolkata,56,19.0,24.6
2026-07-06,17,Chennai,62,25.0,39.9
2026-07-06,17,Hyderabad,30,5.1,8.7
2026-07-06,17,Pune,24,19.9,45.1
2026-07-06,17,Ahmedabad,98,40.6,93.1
2026-07-06,18,Delhi,179,37.7,46.7
2026-07-06,18,Mumbai,51,9.2,16.8
2026-07-06,18,Bengaluru,33,8.7,12.3
2026-07-06,18,Kolkata,57,20.3,25.1
2026-07-06,18,Chennai,63,23.8,36.8
2026-07-06,18,Hyderabad,30,5.6,9.0
2026-07-06,18,Pune,25,21.7,43.1
2026-07-06,18,Ahmedabad,99,39.5,80.6
2026-07-06,19,Delhi,185,52.0,60.1
2026-07-06,19,Mumbai,51,7.9,14.3
2026-07-06,19,Bengaluru,33,7.7,10.2
2026-07-06,19,Kolkata,58,21.5,26.1
2026-07-06,19,Chennai,64,23.2,35.4
2026-07-06,19,Hyderabad,29,7.9,13.8
2026-07-06,19,Pune,25,18.1,32.2
2026-07-06,19,Ahmedabad,100,40.7,75.9
2026-07-06,20,Delhi,179,61.7,69.4
2026-07-06,20,Mumbai,50,8.0,14.3
2026-07-06,20,Bengaluru,32,7.2,10.0
2026-07-06,20,Kolkata,58,21.8,26.3
2026-07-06,20,Chennai,65,21.8,32.6
2026-07-06,20,Hyderabad,29,9.8,17.0
2026-07-06,20,Pune,29,9.9,15.7
2026-07-06,20,Ahmedabad,100,47.0,83.4
2026-07-06,21,Delhi,161,63.8,71.9
2026-07-06,21,Mumbai,50,9.4,16.4
2026-07-06,21,Bengaluru,30,6.0,8.6
2026-07-06,21,Kolkata,59,21.2,25.6
2026-07-06,21,Chennai,65,19.8,29.4
2026-07-06,21,Hyderabad,29,10.2,17.2
2026-07-06,21,Pune,31,3.6,4.7
2026-07-06,21,Ahmedabad,100,52.5,87.8
2026-07-06,22,Delhi,132,66.1,74.7
2026-07-06,22,Mumbai,50,11.0,19.8
2026-07-06,22,Bengaluru,29,4.8,6.7
2026-07-06,22,Kolkata,60,19.6,23.5
2026-07-06,22,Chennai,66,18.8,27.4
2026-07-06,22,Hyderabad,30,10.1,16.6
2026-07-06,22,Pune,31,1.8,2.2
2026-07-06,22,Ahmedabad,102,54.6,87.5
2026-07-06,23,Delhi,109,67.5,75.9
2026-07-06,23,Mumbai,50,12.6,25.1
2026-07-06,23,Bengaluru,28,4.7,7.5
2026-07-06,23,Kolkata,60,18.7,22.5
2026-07-06,23,Chennai,66,17.1,24.4
2026-07-06,23,Hyderabad,31,8.5,13.7
2026-07-06,23,Pune,31,1.5,2.0
2026-07-06,23,Ahmedabad,104,47.6,75.2
2026-07-07,00,Delhi,109,67.1,74.7
2026-07-07,00,Mumbai,49,14.9,32.2
2026-07-07,00,Bengaluru,27,4.6,8.0
2026-07-07,00,Kolkata,61,19.2,23.3
2026-07-07,00,Chennai,66,14.8,20.8
2026-07-07,00,Hyderabad,32,5.3,7.7
2026-07-07,00,Pune,31,1.1,1.3
2026-07-07,00,Ahmedabad,106,37.5,59.8
2026-07-07,01,Delhi,110,66.1,73.6
2026-07-07,01,Mumbai,50,15.3,33.9
2026-07-07,01,Bengaluru,27,3.9,6.8
2026-07-07,01,Kolkata,62,18.8,22.9
2026-07-07,01,Chennai,66,12.5,17.8
2026-07-07,01,Hyderabad,32,3.2,4.3
2026-07-07,01,Pune,31,0.8,0.9
2026-07-07,01,Ahmedabad,107,30.9,50.3
2026-07-07,02,Delhi,111,65.2,72.9
2026-07-07,02,Mumbai,50,13.9,30.4
2026-07-07,02,Bengaluru,27,3.1,5.2
2026-07-07,02,Kolkata,63,18.0,21.9
2026-07-07,02,Chennai,66,10.6,15.7
2026-07-07,02,Hyderabad,32,2.8,4.2
2026-07-07,02,Pune,30,0.7,0.8
2026-07-07,02,Ahmedabad,107,26.4,45.9
2026-07-07,03,Delhi,113,64.3,71.9
2026-07-07,03,Mumbai,51,12.1,26.4
2026-07-07,03,Bengaluru,26,2.8,4.6
2026-07-07,03,Kolkata,63,17.8,21.7
2026-07-07,03,Chennai,66,9.2,14.3
2026-07-07,03,Hyderabad,32,2.8,4.3
2026-07-07,03,Pune,30,0.8,0.8
2026-07-07,03,Ahmedabad,108,24.6,45.9
2026-07-07,04,Delhi,115,65.0,72.9
2026-07-07,04,Mumbai,51,12.4,27.1
2026-07-07,04,Bengaluru,26,3.0,5.3
2026-07-07,04,Kolkata,64,17.2,21.2
2026-07-07,04,Chennai,66,8.4,14.2
2026-07-07,04,Hyderabad,32,2.6,3.9
2026-07-07,04,Pune,30,0.9,0.9
2026-07-07,04,Ahmedabad,108,24.2,47.8
2026-07-07,05,Delhi,118,49.0,77.8
2026-07-07,05,Mumbai,51,17.5,37.5
2026-07-07,05,Bengaluru,27,4.2,7.7
2026-07-07,05,Kolkata,65,12.7,15.7
2026-07-07,05,Chennai,66,14.6,20.8
2026-07-07,05,Hyderabad,32,4.6,8.1
2026-07-07,05,Pune,30,2.7,4.7
2026-07-07,05,Ahmedabad,108,28.8,46.3
2026-07-07,06,Delhi,120,49.0,74.3
2026-07-07,06,Mumbai,52,17.1,36.8
2026-07-07,06,Bengaluru,27,3.9,6.7
2026-07-07,06,Kolkata,65,12.6,15.5
2026-07-07,06,Chennai,66,15.4,21.8
2026-07-07,06,Hyderabad,32,5.4,9.6
2026-07-07,06,Pune,30,3.0,5.5
2026-07-07,06,Ahmedabad,107,27.2,45.5
2026-07-07,07,Delhi,123,41.2,68.0
2026-07-07,07,Mumbai,52,16.9,35.9
2026-07-07,07,Bengaluru,27,4.1,5.8
2026-07-07,07,Kolkata,65,12.9,16.1
2026-07-07,07,Chennai,66,16.0,22.6
2026-07-07,07,Hyderabad,33,6.4,11.0
2026-07-07,07,Pune,30,4.3,7.6
2026-07-07,07,Ahmedabad,106,27.6,48.0
2026-07-07,08,Delhi,124,43.2,70.8
2026-07-07,08,Mumbai,53,16.1,33.3
2026-07-07,08,Bengaluru,27,3.6,4.8
2026-07-07,08,Kolkata,65,15.0,19.7
2026-07-07,08,Chennai,66,16.5,23.7
2026-07-07,08,Hyderabad,33,6.2,10.5
2026-07-07,08,Pune,31,4.4,7.5
2026-07-07,08,Ahmedabad,106,29.3,55.4
2026-07-07,09,Delhi,127,45.5,75.0
2026-07-07,09,Mumbai,53,15.6,31.3
2026-07-07,09,Bengaluru,27,3.5,4.7
2026-07-07,09,Kolkata,65,17.6,23.5
2026-07-07,09,Chennai,66,17.2,25.5
2026-07-07,09,Hyderabad,33,5.2,8.2
2026-07-07,09,Pune,31,4.4,6.7
2026-07-07,09,Ahmedabad,105,33.1,66.1
2026-07-07,10,Delhi,129,45.4,72.9
2026-07-07,10,Mumbai,54,15.9,32.5
2026-07-07,10,Bengaluru,27,3.5,5.3
2026-07-07,10,Kolkata,66,19.3,26.0
2026-07-07,10,Chennai,66,18.7,28.2
2026-07-07,10,Hyderabad,33,4.3,6.5
2026-07-07,10,Pune,30,3.4,5.0
2026-07-07,10,Ahmedabad,105,35.4,72.2
2026-07-07,11,Delhi,131,42.5,63.6
2026-07-07,11,Mumbai,55,14.9,30.6
2026-07-07,11,Bengaluru,27,4.4,7.5
2026-07-07,11,Kolkata,66,20.0,27.2
2026-07-07,11,Chennai,66,19.5,29.5
2026-07-07,11,Hyderabad,33,3.7,5.4
2026-07-07,11,Pune,29,3.3,3.9
2026-07-07,11,Ahmedabad,105,35.6,71.0
2026-07-07,12,Delhi,133,41.9,57.9
2026-07-07,12,Mumbai,56,14.0,26.6
2026-07-07,12,Bengaluru,27,4.5,7.9
2026-07-07,12,Kolkata,67,19.8,27.2
2026-07-07,12,Chennai,66,18.9,28.5
2026-07-07,12,Hyderabad,33,5.0,9.8
2026-07-07,12,Pune,29,2.7,3.1
2026-07-07,12,Ahmedabad,104,34.5,67.3
2026-07-07,13,Delhi,135,43.7,57.2
2026-07-07,13,Mumbai,57,13.5,25.3
2026-07-07,13,Bengaluru,27,4.2,8.0
2026-07-07,13,Kolkata,67,20.7,28.9
2026-07-07,13,Chennai,66,19.0,29.2
2026-07-07,13,Hyderabad,33,7.5,16.4
2026-07-07,13,Pune,28,2.6,3.5
2026-07-07,13,Ahmedabad,104,33.3,64.3
2026-07-07,14,Delhi,137,46.6,58.9
2026-07-07,14,Mumbai,57,13.0,23.6
2026-07-07,14,Bengaluru,28,4.9,9.9
2026-07-07,14,Kolkata,68,20.7,29.2
2026-07-07,14,Chennai,66,19.0,28.4
2026-07-07,14,Hyderabad,33,7.8,16.4
2026-07-07,14,Pune,28,2.7,3.4
2026-07-07,14,Ahmedabad,103,34.3,64.0
2026-07-07,15,Delhi,139,48.7,59.5
2026-07-07,15,Mumbai,58,12.5,22.6
2026-07-07,15,Bengaluru,29,5.0,9.8
2026-07-07,15,Kolkata,68,19.4,26.4
2026-07-07,15,Chennai,66,19.6,29.7
2026-07-07,15,Hyderabad,34,6.0,11.5
2026-07-07,15,Pune,28,2.5,3.2
2026-07-07,15,Ahmedabad,102,32.9,61.2
2026-07-07,16,Delhi,149,47.8,56.8
2026-07-07,16,Mumbai,58,13.6,26.5
2026-07-07,16,Bengaluru,31,6.5,12.5
2026-07-07,16,Kolkata,68,17.1,22.0
2026-07-07,16,Chennai,66,18.5,28.6
2026-07-07,16,Hyderabad,33,4.5,7.8
2026-07-07,16,Pune,28,2.4,2.9
2026-07-07,16,Ahmedabad,101,33.6,62.4
2026-07-07,17,Delhi,181,46.9,92.0
2026-07-07,17,Mumbai,58,9.5,19.0
2026-07-07,17,Bengaluru,32,11.1,22.8
2026-07-07,17,Kolkata,68,20.6,26.7
2026-07-07,17,Chennai,66,25.0,38.5
2026-07-07,17,Hyderabad,33,13.0,22.2
2026-07-07,17,Pune,28,3.3,6.5
2026-07-07,17,Ahmedabad,100,32.1,51.8
2026-07-07,18,Delhi,184,41.3,60.3
2026-07-07,18,Mumbai,58,9.1,15.7
2026-07-07,18,Bengaluru,33,11.7,20.7
2026-07-07,18,Kolkata,68,20.7,25.9
2026-07-07,18,Chennai,66,23.0,35.4
2026-07-07,18,Hyderabad,34,10.3,15.4
2026-07-07,18,Pune,24,4.1,6.4
2026-07-07,18,Ahmedabad,99,30.9,49.1
2026-07-07,19,Delhi,179,41.1,52.2
2026-07-07,19,Mumbai,58,9.9,16.4
2026-07-07,19,Bengaluru,32,13.6,24.0
2026-07-07,19,Kolkata,68,21.9,26.5
2026-07-07,19,Chennai,66,21.5,33.1
2026-07-07,19,Hyderabad,35,8.5,12.1
2026-07-07,19,Pune,24,5.3,8.8
2026-07-07,19,Ahmedabad,99,30.2,46.7
2026-07-07,20,Delhi,165,43.5,49.5
2026-07-07,20,Mumbai,58,11.7,19.3
2026-07-07,20,Bengaluru,31,13.3,23.0
2026-07-07,20,Kolkata,68,21.5,26.2
2026-07-07,20,Chennai,66,20.4,31.7
2026-07-07,20,Hyderabad,36,7.8,11.4
2026-07-07,20,Pune,24,4.9,7.7
2026-07-07,20,Ahmedabad,98,31.2,47.6
2026-07-07,21,Delhi,141,50.4,52.4
2026-07-07,21,Mumbai,58,13.5,23.4
2026-07-07,21,Bengaluru,31,12.0,21.7
2026-07-07,21,Kolkata,68,21.4,26.7
2026-07-07,21,Chennai,66,20.0,31.0
2026-07-07,21,Hyderabad,35,6.8,10.0
2026-07-07,21,Pune,23,3.7,5.2
2026-07-07,21,Ahmedabad,97,33.5,51.0
2026-07-07,22,Delhi,139,58.4,58.6
2026-07-07,22,Mumbai,59,14.3,26.1
2026-07-07,22,Bengaluru,33,11.8,20.9
2026-07-07,22,Kolkata,68,21.8,27.9
2026-07-07,22,Chennai,66,19.0,29.5
2026-07-07,22,Hyderabad,34,5.5,7.8
2026-07-07,22,Pune,23,3.2,4.2
2026-07-07,22,Ahmedabad,95,34.9,52.5
2026-07-07,23,Delhi,138,60.1,60.1
2026-07-07,23,Mumbai,59,14.6,28.5
2026-07-07,23,Bengaluru,34,10.4,17.5
2026-07-07,23,Kolkata,68,21.2,27.9
2026-07-07,23,Chennai,66,18.2,28.4
2026-07-07,23,Hyderabad,33,4.8,7.3
2026-07-07,23,Pune,23,2.5,3.4
2026-07-07,23,Ahmedabad,94,33.3,49.4
2026-07-08,00,Delhi,138,58.8,60.8
2026-07-08,00,Mumbai,59,15.1,31.4
2026-07-08,00,Bengaluru,36,8.0,13.0
2026-07-08,00,Kolkata,68,19.9,26.7
2026-07-08,00,Chennai,66,16.2,26.1
2026-07-08,00,Hyderabad,32,5.0,7.9
2026-07-08,00,Pune,23,1.6,1.9
2026-07-08,00,Ahmedabad,92,28.8,43.3
2026-07-08,01,Delhi,137,57.2,62.4
2026-07-08,01,Mumbai,59,14.5,29.8
2026-07-08,01,Bengaluru,36,6.3,10.8
2026-07-08,01,Kolkata,68,19.6,26.7
2026-07-08,01,Chennai,66,14.8,25.1
2026-07-08,01,Hyderabad,32,5.3,8.6
2026-07-08,01,Pune,24,1.3,1.4
2026-07-08,01,Ahmedabad,92,25.0,39.8
2026-07-08,02,Delhi,136,52.5,62.4
2026-07-08,02,Mumbai,59,14.1,29.2
2026-07-08,02,Bengaluru,37,4.1,6.5
2026-07-08,02,Kolkata,68,19.4,26.6
2026-07-08,02,Chennai,66,14.4,25.7
2026-07-08,02,Hyderabad,33,5.4,8.8
2026-07-08,02,Pune,24,1.1,1.1
2026-07-08,02,Ahmedabad,91,23.3,40.0
2026-07-08,03,Delhi,135,48.3,62.6
2026-07-08,03,Mumbai,59,14.6,30.3
2026-07-08,03,Bengaluru,37,3.5,5.7
2026-07-08,03,Kolkata,68,19.4,26.8
2026-07-08,03,Chennai,66,14.5,26.5
2026-07-08,03,Hyderabad,33,4.6,7.2
2026-07-08,03,Pune,24,1.0,1.1
2026-07-08,03,Ahmedabad,91,22.6,41.3
2026-07-08,04,Delhi,133,39.5,43.0
2026-07-08,04,Mumbai,59,16.8,33.6
2026-07-08,04,Bengaluru,37,2.9,4.7
2026-07-08,04,Kolkata,69,19.9,27.6
2026-07-08,04,Chennai,67,14.4,26.1
2026-07-08,04,Hyderabad,34,3.6,5.2
2026-07-08,04,Pune,24,0.8,0.8
2026-07-08,04,Ahmedabad,91,22.4,42.1
2026-07-08,05,Delhi,130,49.4,49.6
2026-07-08,05,Mumbai,60,18.1,39.2
2026-07-08,05,Bengaluru,37,3.0,4.2
2026-07-08,05,Kolkata,69,18.7,26.6
2026-07-08,05,Chennai,67,15.8,29.1
2026-07-08,05,Hyderabad,34,3.6,5.4
2026-07-08,05,Pune,24,2.8,4.8
2026-07-08,05,Ahmedabad,91,20.4,37.8
2026-07-08,06,Delhi,130,46.1,46.3
2026-07-08,06,Mumbai,60,17.3,39.8
2026-07-08,06,Bengaluru,37,2.2,2.7
2026-07-08,06,Kolkata,69,19.9,27.8
2026-07-08,06,Chennai,67,16.1,28.1
2026-07-08,06,Hyderabad,34,4.8,8.3
2026-07-08,06,Pune,24,3.3,5.5
2026-07-08,06,Ahmedabad,90,19.0,35.6
2026-07-08,07,Delhi,130,46.6,46.8
2026-07-08,07,Mumbai,60,17.9,41.1
2026-07-08,07,Bengaluru,37,3.0,3.4
2026-07-08,07,Kolkata,70,20.3,29.0
2026-07-08,07,Chennai,67,16.8,27.9
2026-07-08,07,Hyderabad,34,4.1,5.3
2026-07-08,07,Pune,23,3.8,5.7
2026-07-08,07,Ahmedabad,89,19.2,36.6
2026-07-08,08,Delhi,131,39.2,39.5
2026-07-08,08,Mumbai,60,17.6,39.3
2026-07-08,08,Bengaluru,36,3.1,3.8
2026-07-08,08,Kolkata,70,21.0,31.0
2026-07-08,08,Chennai,67,16.8,27.6
2026-07-08,08,Hyderabad,33,3.8,5.5
2026-07-08,08,Pune,22,3.3,4.6
2026-07-08,08,Ahmedabad,89,20.7,43.5
2026-07-08,09,Delhi,130,34.8,35.0
2026-07-08,09,Mumbai,60,16.8,33.9
2026-07-08,09,Bengaluru,36,3.6,6.3
2026-07-08,09,Kolkata,71,20.8,32.1
2026-07-08,09,Chennai,67,17.3,27.6
2026-07-08,09,Hyderabad,33,4.8,7.9
2026-07-08,09,Pune,22,4.2,7.5
2026-07-08,09,Ahmedabad,88,22.2,49.8
2026-07-08,10,Delhi,129,27.6,27.9
2026-07-08,10,Mumbai,60,18.1,35.4
2026-07-08,10,Bengaluru,36,4.6,8.7
2026-07-08,10,Kolkata,71,20.8,32.6
2026-07-08,10,Chennai,67,18.7,29.0
2026-07-08,10,Hyderabad,33,6.0,9.9
2026-07-08,10,Pune,21,5.7,11.1
2026-07-08,10,Ahmedabad,87,23.7,55.1
2026-07-08,11,Delhi,127,25.9,26.2
2026-07-08,11,Mumbai,60,18.1,35.5
2026-07-08,11,Bengaluru,37,6.3,13.7
2026-07-08,11,Kolkata,71,20.4,31.3
2026-07-08,11,Chennai,67,20.4,30.9
2026-07-08,11,Hyderabad,33,6.8,11.5
2026-07-08,11,Pune,22,6.9,14.2
2026-07-08,11,Ahmedabad,86,25.2,58.7
2026-07-08,12,Delhi,125,25.3,25.6
2026-07-08,12,Mumbai,60,18.4,37.4
2026-07-08,12,Bengaluru,37,5.7,11.4
2026-07-08,12,Kolkata,71,21.9,30.6
2026-07-08,12,Chennai,67,20.6,30.6
2026-07-08,12,Hyderabad,34,7.7,13.3
2026-07-08,12,Pune,22,6.6,12.5
2026-07-08,12,Ahmedabad,85,26.1,60.1
2026-07-08,13,Delhi,124,26.5,27.1
2026-07-08,13,Mumbai,61,17.8,37.8
2026-07-08,13,Bengaluru,37,5.7,10.4
2026-07-08,13,Kolkata,71,21.9,30.7
2026-07-08,13,Chennai,68,21.4,31.9
2026-07-08,13,Hyderabad,34,8.6,14.8
2026-07-08,13,Pune,23,7.3,11.9
2026-07-08,13,Ahmedabad,85,26.3,59.8
2026-07-08,14,Delhi,122,29.3,30.0
2026-07-08,14,Mumbai,61,18.0,38.6
2026-07-08,14,Bengaluru,38,4.4,7.1
2026-07-08,14,Kolkata,72,23.2,31.2
2026-07-08,14,Chennai,68,24.5,37.8
2026-07-08,14,Hyderabad,35,8.6,15.0
2026-07-08,14,Pune,24,6.7,11.5
2026-07-08,14,Ahmedabad,84,26.3,59.5
2026-07-08,15,Delhi,120,30.3,31.2
2026-07-08,15,Mumbai,61,17.6,37.6
2026-07-08,15,Bengaluru,37,4.0,5.6
2026-07-08,15,Kolkata,72,22.4,30.7
2026-07-08,15,Chennai,68,25.3,39.9
2026-07-08,15,Hyderabad,35,8.2,14.0
2026-07-08,15,Pune,24,6.2,9.7
2026-07-08,15,Ahmedabad,84,26.4,59.4
2026-07-08,16,Delhi,118,29.5,30.5
2026-07-08,16,Mumbai,62,18.2,39.5
2026-07-08,16,Bengaluru,37,4.5,6.3
2026-07-08,16,Kolkata,72,21.9,29.4
2026-07-08,16,Chennai,69,24.9,39.8
2026-07-08,16,Hyderabad,35,7.6,13.4
2026-07-08,16,Pune,25,4.8,7.2
2026-07-08,16,Ahmedabad,83,26.7,61.0
2026-07-08,17,Delhi,116,41.7,42.4
2026-07-08,17,Mumbai,62,16.8,39.6
2026-07-08,17,Bengaluru,37,7.5,11.6
2026-07-08,17,Kolkata,72,28.7,37.5
2026-07-08,17,Chennai,69,33.3,53.3
2026-07-08,17,Hyderabad,36,9.0,16.2
2026-07-08,17,Pune,25,6.5,11.4
2026-07-08,17,Ahmedabad,83,30.2,61.5
2026-07-08,18,Delhi,116,39.3,40.0
2026-07-08,18,Mumbai,63,17.3,42.5
2026-07-08,18,Bengaluru,36,8.4,11.9
2026-07-08,18,Kolkata,73,27.4,35.3
2026-07-08,18,Chennai,70,29.8,46.0
2026-07-08,18,Hyderabad,37,10.1,15.6
2026-07-08,18,Pune,25,5.7,7.8
2026-07-08,18,Ahmedabad,82,32.5,60.1
2026-07-08,19,Delhi,116,38.5,39.1
2026-07-08,19,Mumbai,63,17.6,43.3
2026-07-08,19,Bengaluru,35,9.1,12.4
2026-07-08,19,Kolkata,74,25.3,32.4
2026-07-08,19,Chennai,70,26.0,38.5
2026-07-08,19,Hyderabad,37,11.6,17.3
2026-07-08,19,Pune,25,4.5,5.3
2026-07-08,19,Ahmedabad,83,33.9,59.6
2026-07-08,20,Delhi,115,38.4,39.0
2026-07-08,20,Mumbai,64,17.8,44.0
2026-07-08,20,Bengaluru,34,9.3,12.9
2026-07-08,20,Kolkata,74,23.1,30.0
2026-07-08,20,Chennai,71,25.4,36.9
2026-07-08,20,Hyderabad,37,12.9,20.6
2026-07-08,20,Pune,24,3.9,4.8
2026-07-08,20,Ahmedabad,83,33.3,57.5
2026-07-08,21,Delhi,115,36.3,36.7
2026-07-08,21,Mumbai,65,18.4,44.7
2026-07-08,21,Bengaluru,33,8.8,12.9
2026-07-08,21,Kolkata,74,23.1,30.6
2026-07-08,21,Chennai,71,24.4,35.0
2026-07-08,21,Hyderabad,37,12.3,19.7
2026-07-08,21,Pune,23,4.4,6.2
2026-07-08,21,Ahmedabad,83,31.7,56.0
2026-07-08,22,Delhi,113,32.0,32.2
2026-07-08,22,Mumbai,65,18.0,42.3
2026-07-08,22,Bengaluru,32,7.9,12.0
2026-07-08,22,Kolkata,74,22.5,30.3
2026-07-08,22,Chennai,71,22.4,32.6
2026-07-08,22,Hyderabad,38,9.2,13.8
2026-07-08,22,Pune,23,5.1,8.1
2026-07-08,22,Ahmedabad,83,30.4,55.6
2026-07-08,23,Delhi,111,25.0,25.1
2026-07-08,23,Mumbai,65,17.2,39.9
2026-07-08,23,Bengaluru,32,6.8,10.4
2026-07-08,23,Kolkata,74,20.7,28.3
2026-07-08,23,Chennai,72,20.8,30.3
2026-07-08,23,Hyderabad,39,5.8,8.1
2026-07-08,23,Pune,23,6.1,10.8
2026-07-08,23,Ahmedabad,83,29.4,55.1
2026-07-09,00,Delhi,107,21.0,21.1
2026-07-09,00,Mumbai,65,16.5,38.4
2026-07-09,00,Bengaluru,31,5.6,8.5
2026-07-09,00,Kolkata,74,19.4,26.8
2026-07-09,00,Chennai,72,18.7,26.7
2026-07-09,00,Hyderabad,39,3.9,5.0
2026-07-09,00,Pune,24,4.8,8.8
2026-07-09,00,Ahmedabad,82,28.5,54.1
2026-07-09,01,Delhi,103,19.6,19.7
2026-07-09,01,Mumbai,66,16.2,37.8
2026-07-09,01,Bengaluru,30,4.7,7.2
2026-07-09,01,Kolkata,74,18.2,24.8
2026-07-09,01,Chennai,72,16.5,22.8
2026-07-09,01,Hyderabad,39,3.5,4.2
2026-07-09,01,Pune,25,3.0,5.2
2026-07-09,01,Ahmedabad,82,27.9,52.7
2026-07-09,02,Delhi,99,18.0,18.0
2026-07-09,02,Mumbai,66,15.7,36.7
2026-07-09,02,Bengaluru,30,4.0,6.1
2026-07-09,02,Kolkata,74,17.6,23.7
2026-07-09,02,Chennai,72,14.8,19.8
2026-07-09,02,Hyderabad,39,3.1,3.6
2026-07-09,02,Pune,25,1.9,3.1
2026-07-09,02,Ahmedabad,82,27.6,51.7
2026-07-09,03,Delhi,97,16.6,16.7
2026-07-09,03,Mumbai,66,15.6,37.4
2026-07-09,03,Bengaluru,30,3.8,5.9
2026-07-09,03,Kolkata,74,17.2,22.9
2026-07-09,03,Chennai,72,13.6,18.0
2026-07-09,03,Hyderabad,38,2.9,3.4
2026-07-09,03,Pune,25,2.0,3.8
2026-07-09,03,Ahmedabad,83,27.4,51.3
2026-07-09,04,Delhi,94,16.0,16.0
2026-07-09,04,Mumbai,66,16.0,39.9
2026-07-09,04,Bengaluru,30,3.4,5.5
2026-07-09,04,Kolkata,74,17.4,22.8
2026-07-09,04,Chennai,72,12.7,17.2
2026-07-09,04,Hyderabad,38,3.0,3.4
2026-07-09,04,Pune,26,2.2,4.3
2026-07-09,04,Ahmedabad,83,27.2,51.7
2026-07-09,05,Delhi,92,25.8,26.5
2026-07-09,05,Mumbai,66,16.0,41.3
2026-07-09,05,Bengaluru,30,2.4,2.9
2026-07-09,05,Kolkata,73,17.3,23.2
2026-07-09,05,Chennai,72,11.8,16.1
2026-07-09,05,Hyderabad,37,3.2,3.8
2026-07-09,05,Pune,26,3.4,8.3
2026-07-09,05,Ahmedabad,84,23.7,43.7
2026-07-09,06,Delhi,90,23.2,24.0
2026-07-09,06,Mumbai,66,15.5,37.0
2026-07-09,06,Bengaluru,30,2.3,2.7
2026-07-09,06,Kolkata,73,18.6,24.6
2026-07-09,06,Chennai,72,11.7,16.1
2026-07-09,06,Hyderabad,37,3.5,3.8
2026-07-09,06,Pune,26,3.5,8.0
2026-07-09,06,Ahmedabad,84,21.1,40.4
2026-07-09,07,Delhi,89,23.1,24.3
2026-07-09,07,Mumbai,65,15.3,32.7
2026-07-09,07,Bengaluru,30,2.7,3.5
2026-07-09,07,Kolkata,73,18.7,24.4
2026-07-09,07,Chennai,71,12.1,17.3
2026-07-09,07,Hyderabad,37,3.8,4.5
2026-07-09,07,Pune,26,4.6,11.0
2026-07-09,07,Ahmedabad,84,21.1,44.7
2026-07-09,08,Delhi,87,26.3,27.5
2026-07-09,08,Mumbai,65,14.7,29.0
2026-07-09,08,Bengaluru,30,3.6,5.2
2026-07-09,08,Kolkata,73,17.6,22.9
2026-07-09,08,Chennai,71,12.2,18.2
2026-07-09,08,Hyderabad,37,4.1,5.9
2026-07-09,08,Pune,26,6.9,16.5
2026-07-09,08,Ahmedabad,84,20.7,45.5
2026-07-09,09,Delhi,86,26.3,27.5
2026-07-09,09,Mumbai,65,15.0,29.9
2026-07-09,09,Bengaluru,30,4.5,7.4
2026-07-09,09,Kolkata,73,17.0,21.3
2026-07-09,09,Chennai,71,13.4,19.8
2026-07-09,09,Hyderabad,37,5.3,10.2
2026-07-09,09,Pune,27,8.1,17.8
2026-07-09,09,Ahmedabad,84,20.0,47.3
2026-07-09,10,Delhi,85,29.3,41.1
2026-07-09,10,Mumbai,65,15.8,33.6
2026-07-09,10,Bengaluru,30,4.8,8.8
2026-07-09,10,Kolkata,73,16.4,19.8
2026-07-09,10,Chennai,70,15.8,22.9
2026-07-09,10,Hyderabad,37,7.5,16.1
2026-07-09,10,Pune,28,8.5,19.1
2026-07-09,10,Ahmedabad,84,21.9,57.2
2026-07-09,11,Delhi,85,29.2,56.0
2026-07-09,11,Mumbai,65,16.7,34.8
2026-07-09,11,Bengaluru,30,5.9,11.5
2026-07-09,11,Kolkata,72,15.0,18.3
2026-07-09,11,Chennai,70,17.8,25.1
2026-07-09,11,Hyderabad,38,9.1,19.5
2026-07-09,11,Pune,29,8.8,20.0
2026-07-09,11,Ahmedabad,84,22.3,61.9
2026-07-09,12,Delhi,85,32.1,84.3
2026-07-09,12,Mumbai,65,17.2,32.8
2026-07-09,12,Bengaluru,30,6.4,13.1
2026-07-09,12,Kolkata,72,14.8,18.7
2026-07-09,12,Chennai,70,19.4,27.9
2026-07-09,12,Hyderabad,38,10.2,22.1
2026-07-09,12,Pune,29,7.8,17.2
2026-07-09,12,Ahmedabad,84,23.1,64.5
2026-07-09,13,Delhi,86,27.4,74.3
2026-07-09,13,Mumbai,65,17.1,36.6
2026-07-09,13,Bengaluru,30,7.0,14.6
2026-07-09,13,Kolkata,71,15.3,19.0
2026-07-09,13,Chennai,70,19.8,27.9
2026-07-09,13,Hyderabad,39,11.7,25.9
2026-07-09,13,Pune,29,7.0,14.6
2026-07-09,13,Ahmedabad,83,23.5,64.7
2026-07-09,14,Delhi,86,26.2,60.1
2026-07-09,14,Mumbai,64,17.1,33.4
2026-07-09,14,Bengaluru,31,7.5,15.5
2026-07-09,14,Kolkata,71,15.9,20.2
2026-07-09,14,Chennai,70,19.6,27.6
2026-07-09,14,Hyderabad,39,12.7,28.3
2026-07-09,14,Pune,29,6.8,12.8
2026-07-09,14,Ahmedabad,83,24.4,66.8
2026-07-09,15,Delhi,86,24.1,41.3
2026-07-09,15,Mumbai,64,16.4,34.5
2026-07-09,15,Bengaluru,31,7.7,15.5
2026-07-09,15,Kolkata,70,16.4,20.3
2026-07-09,15,Chennai,69,18.6,26.6
2026-07-09,15,Hyderabad,40,13.5,30.5
2026-07-09,15,Pune,29,7.2,14.3
2026-07-09,15,Ahmedabad,83,25.3,68.7
2026-07-09,16,Delhi,85,23.0,47.8
2026-07-09,16,Mumbai,64,15.9,33.6
2026-07-09,16,Bengaluru,32,7.7,13.9
2026-07-09,16,Kolkata,70,16.5,20.2
2026-07-09,16,Chennai,69,18.5,27.1
2026-07-09,16,Hyderabad,42,14.2,33.1
2026-07-09,16,Pune,30,8.1,16.3
2026-07-09,16,Ahmedabad,83,25.9,68.2
2026-07-09,17,Delhi,85,35.9,49.9
2026-07-09,17,Mumbai,64,18.2,36.4
2026-07-09,17,Bengaluru,33,10.5,17.2
2026-07-09,17,Kolkata,69,18.8,21.0
2026-07-09,17,Chennai,68,21.7,30.9
2026-07-09,17,Hyderabad,43,20.4,45.3
2026-07-09,17,Pune,30,12.3,26.4
2026-07-09,17,Ahmedabad,83,32.7,83.8
2026-07-09,18,Delhi,84,40.5,55.2
2026-07-09,18,Mumbai,64,17.7,36.2
2026-07-09,18,Bengaluru,34,11.2,16.5
2026-07-09,18,Kolkata,68,20.9,23.1
2026-07-09,18,Chennai,67,21.9,30.5
2026-07-09,18,Hyderabad,46,22.6,44.0
2026-07-09,18,Pune,32,12.6,25.7
2026-07-09,18,Ahmedabad,83,32.7,72.6
2026-07-09,19,Delhi,84,54.4,64.7
2026-07-09,19,Mumbai,64,17.5,38.1
2026-07-09,19,Bengaluru,34,12.4,18.0
2026-07-09,19,Kolkata,68,21.8,24.5
2026-07-09,19,Chennai,67,21.9,29.4
2026-07-09,19,Hyderabad,49,24.6,43.8
2026-07-09,19,Pune,33,13.0,24.7
2026-07-09,19,Ahmedabad,83,32.9,65.7
2026-07-09,20,Delhi,86,68.5,75.4
2026-07-09,20,Mumbai,64,17.6,38.4
2026-07-09,20,Bengaluru,35,12.8,18.1
2026-07-09,20,Kolkata,68,22.8,27.0
2026-07-09,20,Chennai,66,22.2,29.2
2026-07-09,20,Hyderabad,51,25.8,43.2
2026-07-09,20,Pune,35,12.0,21.8
2026-07-09,20,Ahmedabad,83,32.4,61.0
2026-07-09,21,Delhi,88,72.2,77.1
2026-07-09,21,Mumbai,64,16.7,37.4
2026-07-09,21,Bengaluru,36,12.8,18.3
2026-07-09,21,Kolkata,68,24.4,29.3
2026-07-09,21,Chennai,66,21.4,27.7
2026-07-09,21,Hyderabad,52,25.4,41.6
2026-07-09,21,Pune,37,10.3,17.3
2026-07-09,21,Ahmedabad,83,30.2,56.5
2026-07-09,22,Delhi,91,78.5,82.0
2026-07-09,22,Mumbai,64,16.1,36.1
2026-07-09,22,Bengaluru,37,12.6,18.3
2026-07-09,22,Kolkata,68,24.1,29.3
2026-07-09,22,Chennai,66,20.4,26.6
2026-07-09,22,Hyderabad,53,23.6,38.4
2026-07-09,22,Pune,38,8.1,13.0
2026-07-09,22,Ahmedabad,83,27.8,52.6
2026-07-09,23,Delhi,95,80.3,83.1
2026-07-09,23,Mumbai,64,15.7,37.7
2026-07-09,23,Bengaluru,38,11.6,17.1
2026-07-09,23,Kolkata,68,22.9,28.0
2026-07-09,23,Chennai,66,19.9,26.6
2026-07-09,23,Hyderabad,54,21.0,34.2
2026-07-09,23,Pune,39,5.0,8.8
2026-07-09,23,Ahmedabad,83,25.6,48.5
2026-07-10,00,Delhi,99,83.4,85.2
2026-07-10,00,Mumbai,64,15.3,37.7
2026-07-10,00,Bengaluru,39,10.3,15.5
2026-07-10,00,Kolkata,68,21.9,26.9
2026-07-10,00,Chennai,66,18.7,25.4
2026-07-10,00,Hyderabad,55,18.9,31.1
2026-07-10,00,Pune,39,3.7,6.4
2026-07-10,00,Ahmedabad,82,23.2,44.1
2026-07-10,01,Delhi,105,82.0,85.9
2026-07-10,01,Mumbai,64,15.0,37.7
2026-07-10,01,Bengaluru,40,9.2,14.0
2026-07-10,01,Kolkata,68,19.7,23.9
2026-07-10,01,Chennai,66,17.8,24.2
2026-07-10,01,Hyderabad,56,18.0,29.0
2026-07-10,01,Pune,39,3.0,4.8
2026-07-10,01,Ahmedabad,82,21.5,40.3
2026-07-10,02,Delhi,111,78.2,87.1
2026-07-10,02,Mumbai,64,15.3,39.6
2026-07-10,02,Bengaluru,41,8.2,12.4
2026-07-10,02,Kolkata,68,18.8,22.4
2026-07-10,02,Chennai,66,17.2,23.2
2026-07-10,02,Hyderabad,57,17.2,27.0
2026-07-10,02,Pune,39,2.4,4.6
2026-07-10,02,Ahmedabad,81,20.3,37.8
2026-07-10,03,Delhi,118,77.8,85.7
2026-07-10,03,Mumbai,64,15.3,39.6
2026-07-10,03,Bengaluru,42,7.6,11.5
2026-07-10,03,Kolkata,68,19.7,22.6
2026-07-10,03,Chennai,66,16.6,22.2
2026-07-10,03,Hyderabad,58,15.9,25.3
2026-07-10,03,Pune,39,2.3,4.3
2026-07-10,03,Ahmedabad,81,18.6,34.7
2026-07-10,04,Delhi,124,81.3,89.2
2026-07-10,04,Mumbai,64,15.5,39.5
2026-07-10,04,Bengaluru,43,7.4,11.3
2026-07-10,04,Kolkata,69,21.0,23.5
2026-07-10,04,Chennai,66,16.1,21.1
2026-07-10,04,Hyderabad,59,14.5,23.7
2026-07-10,04,Pune,39,2.4,4.8
2026-07-10,04,Ahmedabad,80,15.5,29.5
2026-07-10,05,Delhi,131,48.1,62.2
2026-07-10,05,Mumbai,64,15.0,40.2
2026-07-10,05,Bengaluru,44,6.9,11.1
2026-07-10,05,Kolkata,69,14.1,16.3
2026-07-10,05,Chennai,67,17.5,23.3
2026-07-10,05,Hyderabad,60,13.2,21.1
2026-07-10,05,Pune,39,3.3,6.4
2026-07-10,05,Ahmedabad,79,14.4,27.1
2026-07-10,06,Delhi,133,47.7,63.8
2026-07-10,06,Mumbai,63,15.0,39.5
2026-07-10,06,Bengaluru,45,6.7,10.7
2026-07-10,06,Kolkata,69,17.4,19.3
2026-07-10,06,Chennai,67,18.0,23.9
2026-07-10,06,Hyderabad,61,11.8,19.6
2026-07-10,06,Pune,39,3.4,5.7
2026-07-10,06,Ahmedabad,78,13.7,26.1
2026-07-10,07,Delhi,136,41.8,63.6
2026-07-10,07,Mumbai,63,15.8,41.3
2026-07-10,07,Bengaluru,46,6.5,11.1
2026-07-10,07,Kolkata,69,20.4,22.6
2026-07-10,07,Chennai,67,19.2,25.0
2026-07-10,07,Hyderabad,62,12.2,21.5
2026-07-10,07,Pune,39,3.3,6.3
2026-07-10,07,Ahmedabad,78,15.0,32.4
2026-07-10,08,Delhi,138,39.3,86.6
2026-07-10,08,Mumbai,63,16.5,39.1
2026-07-10,08,Bengaluru,47,7.7,14.5
2026-07-10,08,Kolkata,69,20.7,23.6
2026-07-10,08,Chennai,68,20.3,26.4
2026-07-10,08,Hyderabad,62,12.5,23.7
2026-07-10,08,Pune,38,4.8,10.6
2026-07-10,08,Ahmedabad,77,18.0,41.4
2026-07-10,09,Delhi,139,45.6,112.0
2026-07-10,09,Mumbai,64,16.9,39.3
2026-07-10,09,Bengaluru,48,6.7,12.1
2026-07-10,09,Kolkata,69,21.9,24.4
2026-07-10,09,Chennai,69,20.0,27.0
2026-07-10,09,Hyderabad,63,13.1,27.2
2026-07-10,09,Pune,38,7.3,17.6
2026-07-10,09,Ahmedabad,77,19.8,49.6
2026-07-10,10,Delhi,141,52.2,141.6
2026-07-10,10,Mumbai,64,17.1,36.9
2026-07-10,10,Bengaluru,48,6.8,13.0
2026-07-10,10,Kolkata,69,21.4,23.2
2026-07-10,10,Chennai,69,20.5,28.9
2026-07-10,10,Hyderabad,64,14.3,32.2
2026-07-10,10,Pune,38,9.4,23.6
2026-07-10,10,Ahmedabad,77,21.1,55.5
2026-07-10,11,Delhi,144,57.6,156.5
2026-07-10,11,Mumbai,64,17.7,35.4
2026-07-10,11,Bengaluru,49,7.0,14.0
2026-07-10,11,Kolkata,70,21.6,23.4
2026-07-10,11,Chennai,70,21.4,31.5
2026-07-10,11,Hyderabad,64,15.3,37.1
2026-07-10,11,Pune,38,10.4,26.4
2026-07-10,11,Ahmedabad,77,22.4,60.8
2026-07-10,12,Delhi,146,63.3,204.9
2026-07-10,12,Mumbai,64,17.3,35.4
2026-07-10,12,Bengaluru,49,7.2,14.5
2026-07-10,12,Kolkata,70,21.2,22.9
2026-07-10,12,Chennai,70,22.5,34.3
2026-07-10,12,Hyderabad,65,16.1,41.1
2026-07-10,12,Pune,38,11.1,27.8
2026-07-10,12,Ahmedabad,77,23.1,63.1
2026-07-10,13,Delhi,150,69.8,242.1
2026-07-10,13,Mumbai,64,16.9,35.2
2026-07-10,13,Bengaluru,49,7.7,15.4
2026-07-10,13,Kolkata,71,23.6,25.1
2026-07-10,13,Chennai,70,23.4,36.7
2026-07-10,13,Hyderabad,65,16.9,44.5
2026-07-10,13,Pune,39,11.4,28.1
2026-07-10,13,Ahmedabad,77,24.3,65.9
2026-07-10,14,Delhi,151,73.1,266.4
2026-07-10,14,Mumbai,64,16.4,34.6
2026-07-10,14,Bengaluru,49,7.8,16.1
2026-07-10,14,Kolkata,71,27.5,29.4
2026-07-10,14,Chennai,70,23.7,37.5
2026-07-10,14,Hyderabad,66,17.9,50.3
2026-07-10,14,Pune,40,12.0,28.8
2026-07-10,14,Ahmedabad,77,25.1,65.7
2026-07-10,15,Delhi,153,77.1,292.4
2026-07-10,15,Mumbai,64,16.1,33.4
2026-07-10,15,Bengaluru,49,9.2,21.7
2026-07-10,15,Kolkata,72,28.9,32.5
2026-07-10,15,Chennai,71,23.7,37.7
2026-07-10,15,Hyderabad,66,18.1,48.8
2026-07-10,15,Pune,41,12.1,28.5
2026-07-10,15,Ahmedabad,77,24.9,61.9
2026-07-10,16,Delhi,154,81.5,318.5
2026-07-10,16,Mumbai,64,15.3,32.4
2026-07-10,16,Bengaluru,50,10.1,19.8
2026-07-10,16,Kolkata,73,32.8,36.4
2026-07-10,16,Chennai,71,23.5,37.5
2026-07-10,16,Hyderabad,66,18.6,48.8
2026-07-10,16,Pune,43,12.7,30.4
2026-07-10,16,Ahmedabad,77,24.7,58.0
2026-07-10,17,Delhi,156,119.2,694.8
2026-07-10,17,Mumbai,64,14.6,29.5
2026-07-10,17,Bengaluru,50,11.3,19.8
2026-07-10,17,Kolkata,75,35.9,40.2
2026-07-10,17,Chennai,72,24.5,38.9
2026-07-10,17,Hyderabad,67,23.2,53.8
2026-07-10,17,Pune,44,12.2,31.5
2026-07-10,17,Ahmedabad,77,31.5,76.8
2026-07-10,18,Delhi,158,122.9,612.8
2026-07-10,18,Mumbai,64,14.6,30.3
2026-07-10,18,Bengaluru,50,12.2,19.4
2026-07-10,18,Kolkata,76,37.8,41.2
2026-07-10,18,Chennai,72,25.8,39.3
2026-07-10,18,Hyderabad,67,24.7,50.8
2026-07-10,18,Pune,44,11.2,26.7
2026-07-10,18,Ahmedabad,77,29.7,62.6
2026-07-10,19,Delhi,161,128.1,556.9
2026-07-10,19,Mumbai,63,15.3,34.0
2026-07-10,19,Bengaluru,50,13.5,20.5
2026-07-10,19,Kolkata,77,39.0,42.8
2026-07-10,19,Chennai,72,27.6,39.8
2026-07-10,19,Hyderabad,67,27.2,50.6
2026-07-10,19,Pune,43,10.7,23.1
2026-07-10,19,Ahmedabad,77,28.3,55.3
2026-07-10,20,Delhi,163,124.8,465.7
2026-07-10,20,Mumbai,63,15.5,34.8
2026-07-10,20,Bengaluru,50,14.1,21.5
2026-07-10,20,Kolkata,79,38.3,42.8
2026-07-10,20,Chennai,72,26.6,37.4
2026-07-10,20,Hyderabad,67,29.0,52.6
2026-07-10,20,Pune,43,10.3,20.8
2026-07-10,20,Ahmedabad,76,26.7,50.2
2026-07-10,21,Delhi,165,105.9,332.5
2026-07-10,21,Mumbai,63,15.9,36.3
2026-07-10,21,Bengaluru,50,14.0,21.7
2026-07-10,21,Kolkata,80,37.8,43.0
2026-07-10,21,Chennai,73,23.2,32.4
2026-07-10,21,Hyderabad,68,29.9,54.5
2026-07-10,21,Pune,42,10.1,18.9
2026-07-10,21,Ahmedabad,76,25.0,46.7
2026-07-10,22,Delhi,166,88.9,243.1
2026-07-10,22,Mumbai,63,16.2,37.3
2026-07-10,22,Bengaluru,50,13.5,20.5
2026-07-10,22,Kolkata,81,36.7,42.8
2026-07-10,22,Chennai,73,21.4,29.7
2026-07-10,22,Hyderabad,68,30.4,56.2
2026-07-10,22,Pune,42,9.4,17.0
2026-07-10,22,Ahmedabad,75,23.7,44.6
2026-07-10,23,Delhi,166,82.9,203.5
2026-07-10,23,Mumbai,63,15.9,37.4
2026-07-10,23,Bengaluru,51,12.2,18.2
2026-07-10,23,Kolkata,82,34.8,41.6
2026-07-10,23,Chennai,73,18.0,24.2
2026-07-10,23,Hyderabad,68,29.4,55.8
2026-07-10,23,Pune,43,7.3,14.2
2026-07-10,23,Ahmedabad,75,22.4,42.5
2026-07-11,00,Delhi,166,84.8,191.4
2026-07-11,00,Mumbai,63,15.7,39.7
2026-07-11,00,Bengaluru,51,10.2,15.5
2026-07-11,00,Kolkata,83,35.3,42.4
2026-07-11,00,Chennai,73,15.4,20.7
2026-07-11,00,Hyderabad,69,27.9,53.6
2026-07-11,00,Pune,43,5.9,10.6
2026-07-11,00,Ahmedabad,75,21.0,39.9
2026-07-11,01,Delhi,166,80.8,161.1
2026-07-11,01,Mumbai,63,15.3,39.0
2026-07-11,01,Bengaluru,51,8.6,13.4
2026-07-11,01,Kolkata,84,35.7,43.7
2026-07-11,01,Chennai,73,14.1,18.8
2026-07-11,01,Hyderabad,70,25.8,47.1
2026-07-11,01,Pune,44,4.3,8.3
2026-07-11,01,Ahmedabad,75,20.1,38.2
2026-07-11,02,Delhi,166,73.6,139.7
2026-07-11,02,Mumbai,63,15.1,38.9
2026-07-11,02,Bengaluru,51,7.6,12.3
2026-07-11,02,Kolkata,85,35.9,44.2
2026-07-11,02,Chennai,72,13.6,18.0
2026-07-11,02,Hyderabad,70,21.1,34.5
2026-07-11,02,Pune,44,3.7,7.4
2026-07-11,02,Ahmedabad,75,19.4,37.0
2026-07-11,03,Delhi,166,72.9,133.2
2026-07-11,03,Mumbai,63,15.1,39.1
2026-07-11,03,Bengaluru,51,7.2,12.2
2026-07-11,03,Kolkata,86,35.4,44.0
2026-07-11,03,Chennai,72,13.7,17.9
2026-07-11,03,Hyderabad,71,16.1,24.3
2026-07-11,03,Pune,44,3.7,8.7
2026-07-11,03,Ahmedabad,75,18.6,35.7
2026-07-11,04,Delhi,166,79.6,151.8
2026-07-11,04,Mumbai,63,14.8,38.2
2026-07-11,04,Bengaluru,50,7.0,12.8
2026-07-11,04,Kolkata,88,34.9,43.5
2026-07-11,04,Chennai,72,14.3,18.5
2026-07-11,04,Hyderabad,71,13.0,19.4
2026-07-11,04,Pune,45,3.7,8.4
2026-07-11,04,Ahmedabad,75,17.2,33.6
2026-07-11,05,Delhi,166,98.5,238.0
2026-07-11,05,Mumbai,63,13.8,37.1
2026-07-11,05,Bengaluru,50,6.6,11.9
2026-07-11,05,Kolkata,89,36.7,45.2
2026-07-11,05,Chennai,72,14.6,19.3
2026-07-11,05,Hyderabad,71,10.3,16.4
2026-07-11,05,Pune,45,4.5,9.9
2026-07-11,05,Ahmedabad,75,15.0,28.8
2026-07-11,06,Delhi,167,96.2,233.3
2026-07-11,06,Mumbai,63,13.1,34.3
2026-07-11,06,Bengaluru,50,7.1,14.2
2026-07-11,06,Kolkata,91,39.6,48.3
2026-07-11,06,Chennai,71,15.4,19.9
2026-07-11,06,Hyderabad,70,10.1,17.2
2026-07-11,06,Pune,45,4.1,9.4
2026-07-11,06,Ahmedabad,75,13.1,26.0
2026-07-11,07,Delhi,169,100.1,261.7
2026-07-11,07,Mumbai,63,13.1,32.6
2026-07-11,07,Bengaluru,50,8.0,16.5
2026-07-11,07,Kolkata,92,39.9,52.6
2026-07-11,07,Chennai,71,17.0,21.9
2026-07-11,07,Hyderabad,70,10.4,19.6
2026-07-11,07,Pune,45,4.5,11.1
2026-07-11,07,Ahmedabad,75,13.2,27.4
2026-07-11,08,Delhi,170,111.5,373.5
2026-07-11,08,Mumbai,62,13.3,31.8
2026-07-11,08,Bengaluru,51,8.6,18.7
2026-07-11,08,Kolkata,94,36.7,57.6
2026-07-11,08,Chennai,71,17.8,24.7
2026-07-11,08,Hyderabad,70,10.4,20.9
2026-07-11,08,Pune,46,5.5,12.8
2026-07-11,08,Ahmedabad,75,11.9,25.0
2026-07-11,09,Delhi,173,125.7,508.5
2026-07-11,09,Mumbai,62,13.2,30.7
2026-07-11,09,Bengaluru,51,9.4,22.2
2026-07-11,09,Kolkata,95,40.6,71.7
2026-07-11,09,Chennai,71,19.0,30.6
2026-07-11,09,Hyderabad,70,10.7,22.8
2026-07-11,09,Pune,46,8.5,22.4
2026-07-11,09,Ahmedabad,74,11.6,26.7
2026-07-11,10,Delhi,175,137.4,612.8
2026-07-11,10,Mumbai,62,13.3,30.0
2026-07-11,10,Bengaluru,51,10.7,28.2
2026-07-11,10,Kolkata,97,43.0,78.5
2026-07-11,10,Chennai,71,21.8,38.2
2026-07-11,10,Hyderabad,70,11.5,26.8
2026-07-11,10,Pune,46,14.4,44.1
2026-07-11,10,Ahmedabad,73,13.8,35.3
2026-07-11,11,Delhi,181,149.5,739.5
2026-07-11,11,Mumbai,62,13.9,31.3
2026-07-11,11,Bengaluru,51,12.2,34.5
2026-07-11,11,Kolkata,98,41.0,75.7
2026-07-11,11,Chennai,71,25.1,46.0
2026-07-11,11,Hyderabad,69,12.5,31.5
2026-07-11,11,Pune,47,12.6,36.7
2026-07-11,11,Ahmedabad,73,15.3,40.3
2026-07-11,12,Delhi,193,165.8,905.2
2026-07-11,12,Mumbai,61,14.3,32.2
2026-07-11,12,Bengaluru,52,13.3,37.8
2026-07-11,12,Kolkata,100,42.1,79.9
2026-07-11,12,Chennai,71,28.4,53.4
2026-07-11,12,Hyderabad,69,13.6,36.7
2026-07-11,12,Pune,48,13.1,37.7
2026-07-11,12,Ahmedabad,72,17.0,45.4
2026-07-11,13,Delhi,221,181.1,1050.5
2026-07-11,13,Mumbai,61,14.8,32.9
2026-07-11,13,Bengaluru,52,13.8,39.8
2026-07-11,13,Kolkata,102,40.5,75.4
2026-07-11,13,Chennai,72,28.8,53.2
2026-07-11,13,Hyderabad,69,15.4,44.1
2026-07-11,13,Pune,48,12.8,35.5
2026-07-11,13,Ahmedabad,72,19.4,51.9
2026-07-11,14,Delhi,269,184.9,1084.1
2026-07-11,14,Mumbai,61,15.0,32.6
2026-07-11,14,Bengaluru,53,14.8,42.5
2026-07-11,14,Kolkata,104,39.9,73.6
2026-07-11,14,Chennai,72,27.3,50.8
2026-07-11,14,Hyderabad,69,16.9,49.2
2026-07-11,14,Pune,48,11.8,32.9
2026-07-11,14,Ahmedabad,71,21.9,58.4
2026-07-11,15,Delhi,316,180.7,1043.1
2026-07-11,15,Mumbai,61,15.0,31.5
2026-07-11,15,Bengaluru,53,14.9,43.2
2026-07-11,15,Kolkata,105,40.5,71.0
2026-07-11,15,Chennai,72,26.1,50.1
2026-07-11,15,Hyderabad,69,17.7,49.7
2026-07-11,15,Pune,48,11.0,26.9
2026-07-11,15,Ahmedabad,71,23.1,59.1
2026-07-11,16,Delhi,355,168.6,925.7
2026-07-11,16,Mumbai,61,14.6,31.3
2026-07-11,16,Bengaluru,54,14.5,39.8
2026-07-11,16,Kolkata,106,40.2,65.2
2026-07-11,16,Chennai,73,25.4,49.4
2026-07-11,16,Hyderabad,69,18.4,51.5
2026-07-11,16,Pune,48,10.5,24.2
2026-07-11,16,Ahmedabad,71,23.2,55.3
2026-07-11,17,Delhi,387,141.6,661.2
2026-07-11,17,Mumbai,61,14.7,32.5
2026-07-11,17,Bengaluru,54,17.8,47.4
2026-07-11,17,Kolkata,107,62.2,92.4
2026-07-11,17,Chennai,74,30.9,63.8
2026-07-11,17,Hyderabad,69,21.5,52.3
2026-07-11,17,Pune,48,11.0,28.2
2026-07-11,17,Ahmedabad,71,23.8,55.1
2026-07-11,18,Delhi,385,150.4,506.6
2026-07-11,18,Mumbai,61,14.3,31.1
2026-07-11,18,Bengaluru,54,18.3,39.3
2026-07-11,18,Kolkata,110,60.5,85.2
2026-07-11,18,Chennai,81,32.5,59.8
2026-07-11,18,Hyderabad,69,22.2,48.2
2026-07-11,18,Pune,47,9.9,22.9
2026-07-11,18,Ahmedabad,70,23.7,49.4
2026-07-11,19,Delhi,379,173.7,506.6
2026-07-11,19,Mumbai,61,14.4,32.0
2026-07-11,19,Bengaluru,55,18.5,33.9
2026-07-11,19,Kolkata,112,60.3,82.7
2026-07-11,19,Chennai,84,31.8,54.5
2026-07-11,19,Hyderabad,69,23.1,46.1
2026-07-11,19,Pune,47,10.0,20.7
2026-07-11,19,Ahmedabad,70,23.7,46.9
2026-07-11,20,Delhi,377,197.4,530.9
2026-07-11,20,Mumbai,61,14.3,32.0
2026-07-11,20,Bengaluru,55,17.3,29.3
2026-07-11,20,Kolkata,114,62.4,85.2
2026-07-11,20,Chennai,81,29.0,47.7
2026-07-11,20,Hyderabad,68,23.6,45.1
2026-07-11,20,Pune,47,10.3,20.7
2026-07-11,20,Ahmedabad,69,23.6,45.3
2026-07-11,21,Delhi,380,208.6,508.5
2026-07-11,21,Mumbai,60,13.8,32.2
2026-07-11,21,Bengaluru,56,16.6,27.8
2026-07-11,21,Kolkata,117,65.9,87.8
2026-07-11,21,Chennai,76,25.5,41.1
2026-07-11,21,Hyderabad,68,22.9,43.3
2026-07-11,21,Pune,47,9.6,19.2
2026-07-11,21,Ahmedabad,69,23.1,43.9
2026-07-11,22,Delhi,389,206.8,482.4
2026-07-11,22,Mumbai,60,13.6,31.9
2026-07-11,22,Bengaluru,56,14.7,23.1
2026-07-11,22,Kolkata,120,66.6,88.9
2026-07-11,22,Chennai,74,21.9,35.4
2026-07-11,22,Hyderabad,67,21.5,40.3
2026-07-11,22,Pune,47,9.4,18.0
2026-07-11,22,Ahmedabad,69,22.2,42.5
2026-07-11,23,Delhi,401,193.2,446.1
2026-07-11,23,Mumbai,60,13.0,31.5
2026-07-11,23,Bengaluru,56,12.5,18.9
2026-07-11,23,Kolkata,123,58.0,78.7
2026-07-11,23,Chennai,74,19.4,31.9
2026-07-11,23,Hyderabad,67,19.1,35.6
2026-07-11,23,Pune,47,7.7,14.3
2026-07-11,23,Ahmedabad,69,21.1,40.5
2026-07-12,00,Delhi,411,177.9,402.3
2026-07-12,00,Mumbai,60,12.1,30.0
2026-07-12,00,Bengaluru,56,10.6,16.2
2026-07-12,00,Kolkata,125,52.6,70.8
2026-07-12,00,Chennai,75,18.1,29.7
2026-07-12,00,Hyderabad,66,16.9,31.2
2026-07-12,00,Pune,47,5.5,10.0
2026-07-12,00,Ahmedabad,69,19.7,38.0
2026-07-12,01,Delhi,420,163.0,359.5
2026-07-12,01,Mumbai,60,11.4,28.4
2026-07-12,01,Bengaluru,56,9.5,15.2
2026-07-12,01,Kolkata,127,52.9,70.3
2026-07-12,01,Chennai,75,18.9,29.7
2026-07-12,01,Hyderabad,65,15.5,28.2
2026-07-12,01,Pune,47,4.3,8.9
2026-07-12,01,Ahmedabad,69,18.2,35.3
2026-07-12,02,Delhi,429,150.4,339.9
2026-07-12,02,Mumbai,59,10.5,25.9
2026-07-12,02,Bengaluru,56,8.9,15.1
2026-07-12,02,Kolkata,129,51.7,68.5
2026-07-12,02,Chennai,75,21.1,31.0
2026-07-12,02,Hyderabad,64,14.4,26.0
2026-07-12,02,Pune,47,4.0,8.4
2026-07-12,02,Ahmedabad,69,16.6,32.2
2026-07-12,03,Delhi,437,142.0,341.8
2026-07-12,03,Mumbai,59,10.0,24.7
2026-07-12,03,Bengaluru,56,8.6,15.0
2026-07-12,03,Kolkata,130,50.8,66.8
2026-07-12,03,Chennai,76,22.7,32.0
2026-07-12,03,Hyderabad,63,13.5,24.9
2026-07-12,03,Pune,47,4.0,8.0
2026-07-12,03,Ahmedabad,68,15.1,29.7
2026-07-12,04,Delhi,446,137.8,362.3
2026-07-12,04,Mumbai,59,10.3,26.4
2026-07-12,04,Bengaluru,56,8.4,14.8
2026-07-12,04,Kolkata,132,50.2,66.4
2026-07-12,04,Chennai,76,23.3,32.2
2026-07-12,04,Hyderabad,63,12.9,24.3
2026-07-12,04,Pune,47,3.8,7.5
2026-07-12,04,Ahmedabad,68,13.5,27.2
2026-07-12,05,Delhi,454,132.2,592.3
2026-07-12,05,Mumbai,58,10.5,27.8
2026-07-12,05,Bengaluru,56,7.7,14.4
2026-07-12,05,Kolkata,134,43.7,55.6
2026-07-12,05,Chennai,77,23.1,32.1
2026-07-12,05,Hyderabad,63,12.3,23.3
2026-07-12,05,Pune,47,4.4,9.3
2026-07-12,05,Ahmedabad,68,12.3,24.9
2026-07-12,06,Delhi,469,151.3,715.3
2026-07-12,06,Mumbai,58,10.9,29.0
2026-07-12,06,Bengaluru,56,7.8,14.5
2026-07-12,06,Kolkata,134,45.2,57.5
2026-07-12,06,Chennai,78,22.6,31.2
2026-07-12,06,Hyderabad,63,12.3,23.7
2026-07-12,06,Pune,47,4.6,10.7
2026-07-12,06,Ahmedabad,68,11.1,23.4
2026-07-12,07,Delhi,489,170.0,741.3
2026-07-12,07,Mumbai,58,11.6,30.2
2026-07-12,07,Bengaluru,56,8.3,15.9
2026-07-12,07,Kolkata,135,48.2,62.6
2026-07-12,07,Chennai,78,21.3,29.8
2026-07-12,07,Hyderabad,64,12.6,25.4
2026-07-12,07,Pune,47,5.5,12.4
2026-07-12,07,Ahmedabad,67,12.5,27.5
2026-07-12,08,Delhi,509,189.5,933.2
2026-07-12,08,Mumbai,58,12.4,30.5
2026-07-12,08,Bengaluru,56,8.6,19.3
2026-07-12,08,Kolkata,136,51.2,72.6
2026-07-12,08,Chennai,79,18.6,29.5
2026-07-12,08,Hyderabad,64,12.6,26.5
2026-07-12,08,Pune,47,7.5,19.2
2026-07-12,08,Ahmedabad,67,13.8,33.9
2026-07-12,09,Delhi,532,195.6,1005.8
2026-07-12,09,Mumbai,58,12.4,29.3
2026-07-12,09,Bengaluru,56,9.9,23.9
2026-07-12,09,Kolkata,137,56.2,81.3
2026-07-12,09,Chennai,79,18.0,32.5
2026-07-12,09,Hyderabad,64,13.1,28.9
2026-07-12,09,Pune,48,9.4,24.9
2026-07-12,09,Ahmedabad,68,16.2,43.5
2026-07-12,10,Delhi,553,212.8,1169.7
2026-07-12,10,Mumbai,57,12.9,29.2
2026-07-12,10,Bengaluru,56,11.2,28.2
2026-07-12,10,Kolkata,139,56.2,81.0
2026-07-12,10,Chennai,79,20.3,39.1
2026-07-12,10,Hyderabad,64,13.9,33.1
2026-07-12,10,Pune,48,10.6,29.1
2026-07-12,10,Ahmedabad,68,19.5,55.5
2026-07-12,11,Delhi,576,230.0,1333.7
2026-07-12,11,Mumbai,57,12.9,29.4
2026-07-12,11,Bengaluru,57,12.3,32.7
2026-07-12,11,Kolkata,140,54.7,79.6
2026-07-12,11,Chennai,79,23.9,46.9
2026-07-12,11,Hyderabad,64,14.8,36.8
2026-07-12,11,Pune,47,10.9,29.5
2026-07-12,11,Ahmedabad,68,22.1,64.5
2026-07-12,12,Delhi,601,233.3,1397.0
2026-07-12,12,Mumbai,57,13.1,30.2
2026-07-12,12,Bengaluru,57,13.0,35.0
2026-07-12,12,Kolkata,142,55.2,79.6
2026-07-12,12,Chennai,79,28.0,53.2
2026-07-12,12,Hyderabad,65,15.7,39.7
2026-07-12,12,Pune,47,10.9,29.5
2026-07-12,12,Ahmedabad,69,23.9,68.2
2026-07-12,13,Delhi,622,220.3,1307.6
2026-07-12,13,Mumbai,57,13.4,31.3
2026-07-12,13,Bengaluru,56,13.2,35.6
2026-07-12,13,Kolkata,143,55.1,78.9
2026-07-12,13,Chennai,78,27.9,51.8
2026-07-12,13,Hyderabad,65,16.4,41.6
2026-07-12,13,Pune,46,10.7,29.2
2026-07-12,13,Ahmedabad,69,23.9,65.4
2026-07-12,14,Delhi,632,203.5,1192.1
2026-07-12,14,Mumbai,57,13.6,32.5
2026-07-12,14,Bengaluru,56,13.6,35.9
2026-07-12,14,Kolkata,145,54.2,76.8
2026-07-12,14,Chennai,78,26.5,50.1
2026-07-12,14,Hyderabad,65,17.0,43.1
2026-07-12,14,Pune,46,13.0,39.5
2026-07-12,14,Ahmedabad,70,23.6,61.7
2026-07-12,15,Delhi,637,185.8,1061.7
2026-07-12,15,Mumbai,57,14.1,34.0
2026-07-12,15,Bengaluru,56,14.1,36.7
2026-07-12,15,Kolkata,146,50.9,71.5
2026-07-12,15,Chennai,78,25.1,48.3
2026-07-12,15,Hyderabad,65,17.3,43.1
2026-07-12,15,Pune,46,10.5,29.6
2026-07-12,15,Ahmedabad,70,23.2,58.6
2026-07-12,16,Delhi,638,167.6,851.2
2026-07-12,16,Mumbai,57,14.6,35.6
2026-07-12,16,Bengaluru,56,14.3,35.7
2026-07-12,16,Kolkata,147,47.8,65.2
2026-07-12,16,Chennai,78,24.0,47.5
2026-07-12,16,Hyderabad,65,17.1,42.0
2026-07-12,16,Pune,46,10.5,29.1
2026-07-12,16,Ahmedabad,70,22.9,56.5
2026-07-12,17,Delhi,635,185.3,810.3
2026-07-12,17,Mumbai,57,14.1,33.5
2026-07-12,17,Bengaluru,56,18.2,43.7
2026-07-12,17,Kolkata,148,49.9,68.7
2026-07-12,17,Chennai,78,18.2,37.1
2026-07-12,17,Hyderabad,65,22.2,52.2
2026-07-12,17,Pune,46,12.7,33.6
2026-07-12,17,Ahmedabad,70,32.5,84.8
2026-07-12,18,Delhi,641,187.7,687.3
2026-07-12,18,Mumbai,57,14.9,35.3
2026-07-12,18,Bengaluru,56,18.9,39.2
2026-07-12,18,Kolkata,147,50.1,63.3
2026-07-12,18,Chennai,84,18.2,31.0
2026-07-12,18,Hyderabad,65,21.8,43.7
2026-07-12,18,Pune,46,10.6,25.2
2026-07-12,18,Ahmedabad,71,30.4,73.3
2026-07-12,19,Delhi,648,200.7,709.7
2026-07-12,19,Mumbai,57,15.5,35.9
2026-07-12,19,Bengaluru,56,19.0,35.3
2026-07-12,19,Kolkata,146,48.5,59.0
2026-07-12,19,Chennai,87,17.4,26.0
2026-07-12,19,Hyderabad,65,22.8,41.1
2026-07-12,19,Pune,46,9.1,18.9
2026-07-12,19,Ahmedabad,71,28.3,64.5
2026-07-12,20,Delhi,657,213.3,732.0
2026-07-12,20,Mumbai,57,15.4,34.5
2026-07-12,20,Bengaluru,56,17.2,30.0
2026-07-12,20,Kolkata,144,48.3,57.7
2026-07-12,20,Chennai,84,17.3,24.8
2026-07-12,20,Hyderabad,65,23.6,39.9
2026-07-12,20,Pune,46,8.6,17.3
2026-07-12,20,Ahmedabad,71,25.1,53.8
2026-07-12,21,Delhi,665,219.3,735.7
2026-07-12,21,Mumbai,57,14.8,32.1
2026-07-12,21,Bengaluru,56,14.9,25.3
2026-07-12,21,Kolkata,143,52.5,61.7
2026-07-12,21,Chennai,78,16.6,24.6
2026-07-12,21,Hyderabad,65,22.8,37.5
2026-07-12,21,Pune,46,9.1,17.8
2026-07-12,21,Ahmedabad,72,21.5,43.5
2026-07-12,22,Delhi,675,223.1,746.9
2026-07-12,22,Mumbai,57,14.1,29.7
2026-07-12,22,Bengaluru,56,13.7,23.5
2026-07-12,22,Kolkata,142,56.6,65.7
2026-07-12,22,Chennai,73,16.1,24.9
2026-07-12,22,Hyderabad,65,20.7,33.8
2026-07-12,22,Pune,46,9.1,17.5
2026-07-12,22,Ahmedabad,71,18.5,36.4
2026-07-12,23,Delhi,686,220.7,707.8
2026-07-12,23,Mumbai,57,13.3,26.7
2026-07-12,23,Bengaluru,56,12.4,22.1
2026-07-12,23,Kolkata,140,56.9,66.1
2026-07-12,23,Chennai,73,15.9,25.6
2026-07-12,23,Hyderabad,65,18.2,30.2
2026-07-12,23,Pune,46,8.0,15.4
2026-07-12,23,Ahmedabad,71,16.3,31.7
2026-07-13,00,Delhi,697,207.7,663.1
2026-07-13,00,Mumbai,57,12.3,23.7
2026-07-13,00,Bengaluru,56,11.2,20.9
2026-07-13,00,Kolkata,140,55.9,65.7
2026-07-13,00,Chennai,73,15.9,26.1
2026-07-13,00,Hyderabad,64,16.9,29.0
2026-07-13,00,Pune,46,6.4,12.5
2026-07-13,00,Ahmedabad,71,14.5,28.3
2026-07-13,01,Delhi,707,195.1,622.1
2026-07-13,01,Mumbai,57,11.3,20.8
2026-07-13,01,Bengaluru,56,10.4,19.8
2026-07-13,01,Kolkata,141,55.1,65.9
2026-07-13,01,Chennai,72,16.7,26.6
2026-07-13,01,Hyderabad,64,16.5,29.0
2026-07-13,01,Pune,46,5.1,10.0
2026-07-13,01,Ahmedabad,70,13.3,26.0
2026-07-13,02,Delhi,718,175.6,577.4
2026-07-13,02,Mumbai,57,10.7,19.0
2026-07-13,02,Bengaluru,56,9.5,18.2
2026-07-13,02,Kolkata,141,56.3,68.5
2026-07-13,02,Chennai,72,17.9,27.0
2026-07-13,02,Hyderabad,65,15.9,28.3
2026-07-13,02,Pune,46,4.4,8.4
2026-07-13,02,Ahmedabad,70,12.5,24.2
2026-07-13,03,Delhi,728,152.7,534.6
2026-07-13,03,Mumbai,57,10.2,17.9
2026-07-13,03,Bengaluru,56,8.6,16.1
2026-07-13,03,Kolkata,141,59.1,72.9
2026-07-13,03,Chennai,72,19.6,27.8
2026-07-13,03,Hyderabad,65,15.0,27.1
2026-07-13,03,Pune,46,4.1,7.6
2026-07-13,03,Ahmedabad,70,11.8,22.6
2026-07-13,04,Delhi,736,137.8,519.7
2026-07-13,04,Mumbai,57,9.8,17.5
2026-07-13,04,Bengaluru,56,7.6,14.0
2026-07-13,04,Kolkata,142,58.7,72.9
2026-07-13,04,Chennai,72,21.2,29.3
2026-07-13,04,Hyderabad,65,13.8,25.7
2026-07-13,04,Pune,46,4.1,7.1
2026-07-13,04,Ahmedabad,69,11.3,21.5
2026-07-13,05,Delhi,743,140.6,516.0
2026-07-13,05,Mumbai,57,9.3,17.2
2026-07-13,05,Bengaluru,56,8.1,14.4
2026-07-13,05,Kolkata,143,44.6,58.8
2026-07-13,05,Chennai,72,22.0,31.1
2026-07-13,05,Hyderabad,65,12.4,23.3
2026-07-13,05,Pune,46,3.4,5.3
2026-07-13,05,Ahmedabad,69,11.1,20.2
2026-07-13,06,Delhi,740,142.5,510.4
2026-07-13,06,Mumbai,57,10.0,18.8
2026-07-13,06,Bengaluru,56,8.1,13.9
2026-07-13,06,Kolkata,143,45.4,56.6
2026-07-13,06,Chennai,71,22.9,33.4
2026-07-13,06,Hyderabad,65,11.5,22.2
2026-07-13,06,Pune,46,3.7,5.4
2026-07-13,06,Ahmedabad,69,11.4,20.8
2026-07-13,07,Delhi,731,144.4,488.0
2026-07-13,07,Mumbai,57,11.2,21.3
2026-07-13,07,Bengaluru,56,8.0,14.7
2026-07-13,07,Kolkata,143,46.4,58.7
2026-07-13,07,Chennai,72,22.1,34.6
2026-07-13,07,Hyderabad,65,11.3,22.3
2026-07-13,07,Pune,46,4.7,6.4
2026-07-13,07,Ahmedabad,69,12.3,22.4
2026-07-13,08,Delhi,721,138.8,555.1
2026-07-13,08,Mumbai,57,12.6,24.0
2026-07-13,08,Bengaluru,56,8.6,18.3
2026-07-13,08,Kolkata,143,48.7,63.8
2026-07-13,08,Chennai,72,19.4,35.6
2026-07-13,08,Hyderabad,65,11.5,24.2
2026-07-13,08,Pune,46,5.9,8.8
2026-07-13,08,Ahmedabad,69,13.0,26.5
2026-07-13,09,Delhi,705,127.1,564.4
2026-07-13,09,Mumbai,57,14.1,27.0
2026-07-13,09,Bengaluru,56,10.6,25.0
2026-07-13,09,Kolkata,143,51.2,69.4
2026-07-13,09,Chennai,72,18.2,37.7
2026-07-13,09,Hyderabad,65,12.5,27.6
2026-07-13,09,Pune,45,7.2,11.6
2026-07-13,09,Ahmedabad,69,14.2,31.9
2026-07-13,10,Delhi,686,122.0,590.5
2026-07-13,10,Mumbai,57,15.3,29.2
2026-07-13,10,Bengaluru,56,12.7,30.7
2026-07-13,10,Kolkata,142,55.2,77.5
2026-07-13,10,Chennai,72,18.9,41.8
2026-07-13,10,Hyderabad,65,13.1,28.6
2026-07-13,10,Pune,45,8.3,13.8
2026-07-13,10,Ahmedabad,69,15.5,36.3
2026-07-13,11,Delhi,662,117.3,599.8
2026-07-13,11,Mumbai,57,15.9,30.5
2026-07-13,11,Bengaluru,56,14.3,35.5
2026-07-13,11,Kolkata,142,59.0,84.5
2026-07-13,11,Chennai,72,20.7,47.3
2026-07-13,11,Hyderabad,65,12.9,27.2
2026-07-13,11,Pune,44,9.1,15.8
2026-07-13,11,Ahmedabad,69,16.2,38.3
2026-07-13,12,Delhi,632,112.9,579.3
2026-07-13,12,Mumbai,58,16.2,31.2
2026-07-13,12,Bengaluru,57,15.3,38.9
2026-07-13,12,Kolkata,143,58.4,83.8
2026-07-13,12,Chennai,71,23.3,54.1
2026-07-13,12,Hyderabad,64,12.4,25.4
2026-07-13,12,Pune,44,9.8,17.5
2026-07-13,12,Ahmedabad,68,16.7,38.6
2026-07-13,13,Delhi,598,104.5,519.7
2026-07-13,13,Mumbai,58,16.5,30.7
2026-07-13,13,Bengaluru,57,15.7,39.9
2026-07-13,13,Kolkata,143,57.6,84.1
2026-07-13,13,Chennai,71,26.0,59.8
2026-07-13,13,Hyderabad,64,12.0,23.7
2026-07-13,13,Pune,44,10.7,19.3
2026-07-13,13,Ahmedabad,68,17.1,39.3
2026-07-13,14,Delhi,565,105.0,510.4
2026-07-13,14,Mumbai,58,16.2,29.6
2026-07-13,14,Bengaluru,57,16.1,39.7
2026-07-13,14,Kolkata,143,56.1,81.7
2026-07-13,14,Chennai,71,28.2,60.3
2026-07-13,14,Hyderabad,64,11.7,22.3
2026-07-13,14,Pune,44,11.3,20.6
2026-07-13,14,Ahmedabad,67,17.5,39.5
2026-07-13,15,Delhi,536,103.8,489.9
2026-07-13,15,Mumbai,58,15.4,27.6
2026-07-13,15,Bengaluru,57,16.4,39.2
2026-07-13,15,Kolkata,143,58.2,77.1
2026-07-13,15,Chennai,71,27.5,55.6
2026-07-13,15,Hyderabad,63,11.4,20.7
2026-07-13,15,Pune,43,11.1,20.3
2026-07-13,15,Ahmedabad,67,17.6,38.4
2026-07-13,16,Delhi,513,98.0,448.0
2026-07-13,16,Mumbai,58,15.0,26.2
2026-07-13,16,Bengaluru,57,16.5,38.3
2026-07-13,16,Kolkata,144,60.5,75.0
2026-07-13,16,Chennai,71,27.0,54.0
2026-07-13,16,Hyderabad,63,11.2,19.2
2026-07-13,16,Pune,43,11.1,20.0
2026-07-13,16,Ahmedabad,66,17.6,37.3
2026-07-13,17,Delhi,496,104.3,444.2
2026-07-13,17,Mumbai,58,20.4,36.9
2026-07-13,17,Bengaluru,58,15.5,32.7
2026-07-13,17,Kolkata,146,72.6,82.2
2026-07-13,17,Chennai,71,30.0,60.8
2026-07-13,17,Hyderabad,62,6.0,7.0
2026-07-13,17,Pune,43,16.9,31.5
2026-07-13,17,Ahmedabad,66,21.0,40.9
2026-07-13,18,Delhi,481,111.1,393.0
2026-07-13,18,Mumbai,59,18.9,33.6
2026-07-13,18,Bengaluru,57,17.2,31.4
2026-07-13,18,Kolkata,148,69.2,81.0
2026-07-13,18,Chennai,78,30.5,55.4
2026-07-13,18,Hyderabad,61,5.9,6.3
2026-07-13,18,Pune,44,16.6,29.5
2026-07-13,18,Ahmedabad,65,21.8,43.1
2026-07-13,19,Delhi,468,124.3,417.2
2026-07-13,19,Mumbai,59,18.2,32.6
2026-07-13,19,Bengaluru,57,19.7,31.3
2026-07-13,19,Kolkata,150,75.9,87.8
2026-07-13,19,Chennai,85,27.9,48.3
2026-07-13,19,Hyderabad,60,8.1,8.5
2026-07-13,19,Pune,46,15.5,25.6
2026-07-13,19,Ahmedabad,64,22.5,43.9
2026-07-13,20,Delhi,456,140.6,442.4
2026-07-13,20,Mumbai,60,18.3,33.3
2026-07-13,20,Bengaluru,57,19.5,29.6
2026-07-13,20,Kolkata,151,84.5,95.2
2026-07-13,20,Chennai,86,26.1,44.0
2026-07-13,20,Hyderabad,59,9.9,10.6
2026-07-13,20,Pune,47,14.6,23.0
2026-07-13,20,Ahmedabad,64,22.6,43.0
2026-07-13,21,Delhi,444,158.3,455.4
2026-07-13,21,Mumbai,60,18.9,34.8
2026-07-13,21,Bengaluru,57,17.5,26.1
2026-07-13,21,Kolkata,152,88.2,98.5
2026-07-13,21,Chennai,82,25.0,41.0
2026-07-13,21,Hyderabad,58,10.7,12.0
2026-07-13,21,Pune,49,13.0,19.8
2026-07-13,21,Ahmedabad,64,22.2,42.0
2026-07-13,22,Delhi,432,171.8,446.1
2026-07-13,22,Mumbai,60,19.0,35.3
2026-07-13,22,Bengaluru,58,15.8,23.2
2026-07-13,22,Kolkata,153,92.2,102.2
2026-07-13,22,Chennai,75,23.6,38.2
2026-07-13,22,Hyderabad,57,11.4,13.7
2026-07-13,22,Pune,50,12.4,18.2
2026-07-13,22,Ahmedabad,64,21.8,41.4
2026-07-13,23,Delhi,420,157.4,386.5
2026-07-13,23,Mumbai,60,18.8,34.9
2026-07-13,23,Bengaluru,58,14.5,21.1
2026-07-13,23,Kolkata,154,89.2,97.3
2026-07-13,23,Chennai,76,21.2,34.7
2026-07-13,23,Hyderabad,56,11.8,15.1
2026-07-13,23,Pune,50,11.3,16.2
2026-07-13,23,Ahmedabad,64,21.0,39.9
2026-07-14,00,Delhi,406,132.2,327.8
2026-07-14,00,Mumbai,61,19.0,36.1
2026-07-14,00,Bengaluru,58,12.8,18.7
2026-07-14,00,Kolkata,155,72.6,80.1
2026-07-14,00,Chennai,76,19.1,32.1
2026-07-14,00,Hyderabad,55,12.3,16.2
2026-07-14,00,Pune,50,9.5,14.2
2026-07-14,00,Ahmedabad,64,19.7,37.5
2026-07-14,01,Delhi,391,123.9,333.4
2026-07-14,01,Mumbai,61,20.1,38.8
2026-07-14,01,Bengaluru,58,10.8,15.9
2026-07-14,01,Kolkata,155,52.7,58.0
2026-07-14,01,Chennai,77,19.4,31.5
2026-07-14,01,Hyderabad,55,12.8,17.2
2026-07-14,01,Pune,51,7.0,10.1
2026-07-14,01,Ahmedabad,65,18.6,35.3
2026-07-14,02,Delhi,375,122.0,345.5
2026-07-14,02,Mumbai,62,20.1,39.2
2026-07-14,02,Bengaluru,58,10.0,14.8
2026-07-14,02,Kolkata,155,45.6,53.1
2026-07-14,02,Chennai,77,21.2,31.7
2026-07-14,02,Hyderabad,55,13.2,17.9
2026-07-14,02,Pune,51,4.9,7.3
2026-07-14,02,Ahmedabad,65,17.6,33.4
2026-07-14,03,Delhi,363,121.1,383.7
2026-07-14,03,Mumbai,63,20.9,41.9
2026-07-14,03,Bengaluru,58,9.5,14.6
2026-07-14,03,Kolkata,155,40.9,50.5
2026-07-14,03,Chennai,77,22.7,31.3
2026-07-14,03,Hyderabad,55,13.6,18.7
2026-07-14,03,Pune,51,4.3,6.9
2026-07-14,03,Ahmedabad,65,16.6,31.2
2026-07-14,04,Delhi,356,131.8,493.6
2026-07-14,04,Mumbai,64,20.5,42.4
2026-07-14,04,Bengaluru,58,9.5,14.6
2026-07-14,04,Kolkata,155,40.7,55.2
2026-07-14,04,Chennai,77,22.7,29.8
2026-07-14,04,Hyderabad,55,13.9,19.6
2026-07-14,04,Pune,51,4.7,7.7
2026-07-14,04,Ahmedabad,66,15.5,28.9
2026-07-14,05,Delhi,354,68.0,164.8
2026-07-14,05,Mumbai,65,20.7,43.4
2026-07-14,05,Bengaluru,58,9.5,14.1
2026-07-14,05,Kolkata,154,60.3,71.5
2026-07-14,05,Chennai,77,21.3,27.9
2026-07-14,05,Hyderabad,55,14.3,20.1
2026-07-14,05,Pune,51,5.7,8.9
2026-07-14,05,Ahmedabad,66,14.7,27.8
2026-07-14,06,Delhi,336,63.1,148.5
2026-07-14,06,Mumbai,65,21.0,44.8
2026-07-14,06,Bengaluru,58,10.1,15.1
2026-07-14,06,Kolkata,154,61.5,72.6
2026-07-14,06,Chennai,77,18.6,24.4
2026-07-14,06,Hyderabad,55,14.8,21.2
2026-07-14,06,Pune,51,6.8,10.7
2026-07-14,06,Ahmedabad,66,13.7,25.2
2026-07-14,07,Delhi,317,63.3,152.3
2026-07-14,07,Mumbai,66,21.7,46.4
2026-07-14,07,Bengaluru,59,11.6,17.9
2026-07-14,07,Kolkata,155,58.4,71.7
2026-07-14,07,Chennai,77,16.3,22.0
2026-07-14,07,Hyderabad,55,15.4,22.2
2026-07-14,07,Pune,51,9.0,15.0
2026-07-14,07,Ahmedabad,67,14.1,26.0
2026-07-14,08,Delhi,299,71.2,207.2
2026-07-14,08,Mumbai,67,23.0,50.1
2026-07-14,08,Bengaluru,59,12.9,20.0
2026-07-14,08,Kolkata,155,47.3,64.5
2026-07-14,08,Chennai,77,14.6,21.5
2026-07-14,08,Hyderabad,55,15.1,22.4
2026-07-14,08,Pune,52,11.4,19.2
2026-07-14,08,Ahmedabad,67,13.7,26.2
2026-07-14,09,Delhi,279,86.6,307.3
2026-07-14,09,Mumbai,68,23.9,51.3
2026-07-14,09,Bengaluru,59,14.0,22.5
2026-07-14,09,Kolkata,155,41.4,60.1
2026-07-14,09,Chennai,76,15.0,23.1
2026-07-14,09,Hyderabad,56,14.9,22.2
2026-07-14,09,Pune,52,14.1,23.7
2026-07-14,09,Ahmedabad,67,13.3,26.5
2026-07-14,10,Delhi,263,104.5,427.5
2026-07-14,10,Mumbai,69,25.0,53.3
2026-07-14,10,Bengaluru,60,14.4,24.0
2026-07-14,10,Kolkata,155,39.2,54.9
2026-07-14,10,Chennai,76,16.9,26.4
2026-07-14,10,Hyderabad,56,14.7,22.3
2026-07-14,10,Pune,53,15.8,26.8
2026-07-14,10,Ahmedabad,67,15.2,35.4
2026-07-14,11,Delhi,254,121.1,555.1
2026-07-14,11,Mumbai,69,25.8,54.1
2026-07-14,11,Bengaluru,60,14.6,24.9
2026-07-14,11,Kolkata,154,38.0,50.4
2026-07-14,11,Chennai,76,18.9,29.5
2026-07-14,11,Hyderabad,56,14.8,23.1
2026-07-14,11,Pune,53,16.8,28.4
2026-07-14,11,Ahmedabad,67,15.4,37.3
2026-07-14,12,Delhi,251,133.6,655.7
2026-07-14,12,Mumbai,70,25.2,52.2
2026-07-14,12,Bengaluru,60,14.3,26.0
2026-07-14,12,Kolkata,154,36.1,45.3
2026-07-14,12,Chennai,76,20.3,32.0
2026-07-14,12,Hyderabad,56,15.0,24.0
2026-07-14,12,Pune,54,17.6,30.5
2026-07-14,12,Ahmedabad,67,16.5,41.7
2026-07-14,13,Delhi,256,140.2,704.1
2026-07-14,13,Mumbai,71,24.4,50.8
2026-07-14,13,Bengaluru,60,14.0,26.7
2026-07-14,13,Kolkata,153,36.8,43.7
2026-07-14,13,Chennai,75,23.1,36.6
2026-07-14,13,Hyderabad,56,15.3,24.8
2026-07-14,13,Pune,54,17.9,31.3
2026-07-14,13,Ahmedabad,67,17.2,44.2
2026-07-14,14,Delhi,267,142.5,720.8
2026-07-14,14,Mumbai,72,22.5,47.0
2026-07-14,14,Bengaluru,59,13.7,27.2
2026-07-14,14,Kolkata,153,34.6,39.8
2026-07-14,14,Chennai,75,26.5,41.3
2026-07-14,14,Hyderabad,56,15.4,25.3
2026-07-14,14,Pune,55,17.8,32.1
2026-07-14,14,Ahmedabad,67,18.7,49.5
2026-07-14,15,Delhi,279,138.8,689.2
2026-07-14,15,Mumbai,72,21.4,45.3
2026-07-14,15,Bengaluru,59,13.5,27.6
2026-07-14,15,Kolkata,157,29.0,32.5
2026-07-14,15,Chennai,75,26.3,41.7
2026-07-14,15,Hyderabad,57,15.7,25.9
2026-07-14,15,Pune,55,17.6,33.5
2026-07-14,15,Ahmedabad,67,20.5,56.8
2026-07-14,16,Delhi,291,140.6,691.0
2026-07-14,16,Mumbai,73,20.5,44.1
2026-07-14,16,Bengaluru,59,13.2,26.8
2026-07-14,16,Kolkata,165,23.7,25.4
2026-07-14,16,Chennai,75,26.5,42.5
2026-07-14,16,Hyderabad,57,16.1,26.6
2026-07-14,16,Pune,56,17.7,35.2
2026-07-14,16,Ahmedabad,67,18.8,48.3
2026-07-14,17,Delhi,305,125.7,465.7
2026-07-14,17,Mumbai,73,21.1,48.1
2026-07-14,17,Bengaluru,59,10.4,15.4
2026-07-14,17,Kolkata,162,19.1,22.5
2026-07-14,17,Chennai,86,39.9,60.3
2026-07-14,17,Hyderabad,57,25.8,43.8
2026-07-14,17,Pune,57,18.2,34.6
2026-07-14,17,Ahmedabad,67,28.2,77.8
2026-07-14,18,Delhi,306,111.8,327.8
2026-07-14,18,Mumbai,73,20.5,48.1
2026-07-14,18,Bengaluru,58,14.0,19.5
2026-07-14,18,Kolkata,148,32.7,35.3
2026-07-14,18,Chennai,102,42.1,62.2
2026-07-14,18,Hyderabad,59,26.6,43.0
2026-07-14,18,Pune,57,18.7,37.3
2026-07-14,18,Ahmedabad,68,28.5,71.5
2026-07-14,19,Delhi,303,101.7,260.8
2026-07-14,19,Mumbai,73,20.0,48.2
2026-07-14,19,Bengaluru,58,20.1,25.3
2026-07-14,19,Kolkata,140,49.8,52.9
2026-07-14,19,Chennai,110,42.5,62.9
2026-07-14,19,Hyderabad,61,28.9,43.5
2026-07-14,19,Pune,57,18.9,36.8
2026-07-14,19,Ahmedabad,68,28.3,65.2
2026-07-14,20,Delhi,294,94.8,212.8
2026-07-14,20,Mumbai,73,19.9,48.3
2026-07-14,20,Bengaluru,58,23.3,28.2
2026-07-14,20,Kolkata,138,63.6,66.6
2026-07-14,20,Chennai,113,41.9,62.2
2026-07-14,20,Hyderabad,62,31.1,45.3
2026-07-14,20,Pune,57,18.2,34.2
2026-07-14,20,Ahmedabad,69,32.5,77.1
2026-07-14,21,Delhi,280,81.3,163.0
2026-07-14,21,Mumbai,73,19.6,48.4
2026-07-14,21,Bengaluru,58,22.9,27.4
2026-07-14,21,Kolkata,136,78.5,81.5
2026-07-14,21,Chennai,110,40.9,60.3
2026-07-14,21,Hyderabad,64,31.9,45.8
2026-07-14,21,Pune,57,17.7,32.9
2026-07-14,21,Ahmedabad,69,30.7,72.9
2026-07-14,22,Delhi,263,70.5,129.9
2026-07-14,22,Mumbai,73,19.0,45.6
2026-07-14,22,Bengaluru,59,21.7,25.9
2026-07-14,22,Kolkata,135,94.1,97.3
2026-07-14,22,Chennai,104,39.6,58.0
2026-07-14,22,Hyderabad,66,32.0,45.9
2026-07-14,22,Pune,58,16.4,31.7
2026-07-14,22,Ahmedabad,70,24.9,52.0
2026-07-14,23,Delhi,244,68.9,121.5
2026-07-14,23,Mumbai,73,18.3,43.1
2026-07-14,23,Bengaluru,59,19.8,23.9
2026-07-14,23,Kolkata,135,103.6,107.1
2026-07-14,23,Chennai,95,36.4,53.0
2026-07-14,23,Hyderabad,67,30.9,45.2
2026-07-14,23,Pune,58,14.6,28.5
2026-07-14,23,Ahmedabad,70,20.5,40.6
2026-07-15,00,Delhi,228,66.6,122.5
2026-07-15,00,Mumbai,73,17.8,40.7
2026-07-15,00,Bengaluru,60,17.5,21.5
2026-07-15,00,Kolkata,136,97.8,101.5
2026-07-15,00,Chennai,85,31.1,45.4
2026-07-15,00,Hyderabad,69,29.0,43.0
2026-07-15,00,Pune,58,12.5,25.0
2026-07-15,00,Ahmedabad,70,15.5,28.3
2026-07-15,01,Delhi,216,61.9,118.3
2026-07-15,01,Mumbai,73,17.0,38.3
2026-07-15,01,Bengaluru,60,15.7,19.6
2026-07-15,01,Kolkata,139,84.5,88.2
2026-07-15,01,Chennai,84,26.4,38.9
2026-07-15,01,Hyderabad,70,27.2,39.8
2026-07-15,01,Pune,59,9.9,19.3
2026-07-15,01,Ahmedabad,70,12.6,21.8
2026-07-15,02,Delhi,203,58.8,115.5
2026-07-15,02,Mumbai,73,16.9,38.8
2026-07-15,02,Bengaluru,61,14.8,19.0
2026-07-15,02,Kolkata,142,71.5,75.0
2026-07-15,02,Chennai,84,24.4,36.0
2026-07-15,02,Hyderabad,71,24.0,33.2
2026-07-15,02,Pune,59,7.2,14.0
2026-07-15,02,Ahmedabad,69,11.7,20.0
2026-07-15,03,Delhi,196,58.4,121.1
2026-07-15,03,Mumbai,73,17.5,39.8
2026-07-15,03,Bengaluru,61,14.5,18.9
2026-07-15,03,Kolkata,145,60.3,64.0
2026-07-15,03,Chennai,85,23.2,34.1
2026-07-15,03,Hyderabad,72,20.3,26.3
2026-07-15,03,Pune,59,5.7,11.0
2026-07-15,03,Ahmedabad,69,11.5,19.6
2026-07-15,04,Delhi,191,58.9,127.1
2026-07-15,04,Mumbai,73,17.6,41.3
2026-07-15,04,Bengaluru,61,14.5,19.5
2026-07-15,04,Kolkata,147,50.4,54.0
2026-07-15,04,Chennai,85,21.8,31.5
2026-07-15,04,Hyderabad,73,17.9,22.6
2026-07-15,04,Pune,59,5.2,9.6
2026-07-15,04,Ahmedabad,69,11.4,19.4
2026-07-15,05,Delhi,183,51.5,76.6
2026-07-15,05,Mumbai,72,16.5,38.4
2026-07-15,05,Bengaluru,62,14.0,19.3
2026-07-15,05,Kolkata,148,36.9,40.3
2026-07-15,05,Chennai,84,20.4,27.7
2026-07-15,05,Hyderabad,73,15.9,21.0
2026-07-15,05,Pune,59,6.9,14.1
2026-07-15,05,Ahmedabad,68,9.7,15.8
2026-07-15,06,Delhi,181,53.6,99.0
2026-07-15,06,Mumbai,72,16.4,35.4
2026-07-15,06,Bengaluru,62,15.1,21.0
2026-07-15,06,Kolkata,146,29.0,32.1
2026-07-15,06,Chennai,84,20.7,26.8
2026-07-15,06,Hyderabad,73,16.5,22.6
2026-07-15,06,Pune,59,9.0,20.0
2026-07-15,06,Ahmedabad,68,9.3,15.5
2026-07-15,07,Delhi,180,61.2,115.9
2026-07-15,07,Mumbai,72,16.1,33.2
2026-07-15,07,Bengaluru,62,15.9,23.8
2026-07-15,07,Kolkata,142,18.7,21.5
2026-07-15,07,Chennai,85,22.3,27.7
2026-07-15,07,Hyderabad,73,17.6,25.8
2026-07-15,07,Pune,59,10.5,24.8
2026-07-15,07,Ahmedabad,68,9.5,16.7
2026-07-15,08,Delhi,179,68.7,149.9
2026-07-15,08,Mumbai,71,16.5,35.0
2026-07-15,08,Bengaluru,63,16.0,26.0
2026-07-15,08,Kolkata,138,15.9,19.0
2026-07-15,08,Chennai,85,22.9,28.6
2026-07-15,08,Hyderabad,73,18.7,31.9
2026-07-15,08,Pune,59,10.8,23.2
2026-07-15,08,Ahmedabad,67,10.1,19.4
2026-07-15,09,Delhi,178,82.0,220.7
2026-07-15,09,Mumbai,71,18.7,42.8
2026-07-15,09,Bengaluru,63,15.8,25.2
2026-07-15,09,Kolkata,135,14.2,17.0
2026-07-15,09,Chennai,86,23.3,31.2
2026-07-15,09,Hyderabad,74,20.2,39.3
2026-07-15,09,Pune,59,10.3,20.8
2026-07-15,09,Ahmedabad,67,11.4,24.5
2026-07-15,10,Delhi,176,97.3,321.3
2026-07-15,10,Mumbai,70,19.2,39.5
2026-07-15,10,Bengaluru,63,14.7,22.4
2026-07-15,10,Kolkata,132,12.4,14.5
2026-07-15,10,Chennai,86,24.6,34.6
2026-07-15,10,Hyderabad,74,21.9,47.6
2026-07-15,10,Pune,59,9.0,17.4
2026-07-15,10,Ahmedabad,67,12.9,29.6
2026-07-15,11,Delhi,176,110.6,424.7
2026-07-15,11,Mumbai,70,19.7,43.1
2026-07-15,11,Bengaluru,63,13.2,19.5
2026-07-15,11,Kolkata,129,11.4,12.8
2026-07-15,11,Chennai,87,25.9,37.7
2026-07-15,11,Hyderabad,75,23.5,53.8
2026-07-15,11,Pune,59,9.7,19.3
2026-07-15,11,Ahmedabad,67,14.2,34.8
2026-07-15,12,Delhi,175,122.0,523.4
2026-07-15,12,Mumbai,69,19.8,39.9
2026-07-15,12,Bengaluru,63,11.4,17.0
2026-07-15,12,Kolkata,126,13.0,14.4
2026-07-15,12,Chennai,88,28.5,42.1
2026-07-15,12,Hyderabad,75,24.0,56.5
2026-07-15,12,Pune,58,10.0,20.5
2026-07-15,12,Ahmedabad,66,15.3,39.1
2026-07-15,13,Delhi,175,129.9,599.8
2026-07-15,13,Mumbai,69,19.0,42.7
2026-07-15,13,Bengaluru,63,10.1,15.4
2026-07-15,13,Kolkata,124,13.2,14.4
2026-07-15,13,Chennai,88,31.8,46.9
2026-07-15,13,Hyderabad,76,23.2,54.6
2026-07-15,13,Pune,57,9.8,23.7
2026-07-15,13,Ahmedabad,66,16.5,44.5
2026-07-15,14,Delhi,175,136.0,651.9
2026-07-15,14,Mumbai,69,21.2,59.1
2026-07-15,14,Bengaluru,63,9.6,14.8
2026-07-15,14,Kolkata,121,12.7,13.6
2026-07-15,14,Chennai,89,29.6,43.7
2026-07-15,14,Hyderabad,77,21.8,50.8
2026-07-15,14,Pune,57,9.4,20.4
2026-07-15,14,Ahmedabad,66,18.5,52.6
2026-07-15,15,Delhi,174,142.5,709.7
2026-07-15,15,Mumbai,68,23.0,66.1
2026-07-15,15,Bengaluru,62,9.2,14.0
2026-07-15,15,Kolkata,119,11.9,12.7
2026-07-15,15,Chennai,89,28.1,43.1
2026-07-15,15,Hyderabad,77,19.7,44.7
2026-07-15,15,Pune,56,9.7,21.2
2026-07-15,15,Ahmedabad,66,19.8,56.6
2026-07-15,16,Delhi,175,149.5,733.9
2026-07-15,16,Mumbai,69,24.0,67.1
2026-07-15,16,Bengaluru,62,8.8,13.1
2026-07-15,16,Kolkata,117,12.4,13.2
2026-07-15,16,Chennai,113,27.0,42.1
2026-07-15,16,Hyderabad,77,18.1,40.9
2026-07-15,16,Pune,56,7.6,16.2
2026-07-15,16,Ahmedabad,66,21.0,60.3
2026-07-15,17,Delhi,175,127.1,523.4
2026-07-15,17,Mumbai,69,23.0,57.3
2026-07-15,17,Bengaluru,62,3.2,3.7
2026-07-15,17,Kolkata,116,16.1,19.0
2026-07-15,17,Chennai,133,24.3,36.1
2026-07-15,17,Hyderabad,78,14.5,30.2
2026-07-15,17,Pune,55,11.7,24.4
2026-07-15,17,Ahmedabad,66,23.4,66.1
2026-07-15,18,Delhi,175,130.9,471.2
2026-07-15,18,Mumbai,69,20.5,47.7
2026-07-15,18,Bengaluru,61,5.5,5.8
2026-07-15,18,Kolkata,116,19.4,22.3
2026-07-15,18,Chennai,145,26.0,36.4
2026-07-15,18,Hyderabad,77,15.8,29.5
2026-07-15,18,Pune,54,11.3,22.1
2026-07-15,18,Ahmedabad,66,25.2,63.6
2026-07-15,19,Delhi,175,142.5,441.4
2026-07-15,19,Mumbai,69,18.9,42.0
2026-07-15,19,Bengaluru,60,10.1,10.6
2026-07-15,19,Kolkata,115,21.7,25.3
2026-07-15,19,Chennai,148,26.6,36.6
2026-07-15,19,Hyderabad,76,17.8,31.3
2026-07-15,19,Pune,54,11.0,19.2
2026-07-15,19,Ahmedabad,66,30.3,66.1
2026-07-15,20,Delhi,177,153.2,415.4
2026-07-15,20,Mumbai,69,17.6,38.0
2026-07-15,20,Bengaluru,60,11.7,12.5
2026-07-15,20,Kolkata,112,22.5,26.7
2026-07-15,20,Chennai,145,26.9,37.0
2026-07-15,20,Hyderabad,75,19.7,34.2
2026-07-15,20,Pune,53,10.0,17.2
2026-07-15,20,Ahmedabad,66,29.4,59.0
2026-07-15,21,Delhi,179,149.5,365.1
2026-07-15,21,Mumbai,69,16.8,36.0
2026-07-15,21,Bengaluru,59,11.4,12.8
2026-07-15,21,Kolkata,107,22.3,27.1
2026-07-15,21,Chennai,138,26.3,36.7
2026-07-15,21,Hyderabad,74,21.0,36.0
2026-07-15,21,Pune,52,9.7,16.1
2026-07-15,21,Ahmedabad,66,29.0,55.5
2026-07-15,22,Delhi,183,138.3,353.0
2026-07-15,22,Mumbai,68,16.8,37.0
2026-07-15,22,Bengaluru,58,11.7,13.9
2026-07-15,22,Kolkata,101,21.8,26.8
2026-07-15,22,Chennai,126,25.1,35.9
2026-07-15,22,Hyderabad,73,20.4,34.6
2026-07-15,22,Pune,52,10.1,16.0
2026-07-15,22,Ahmedabad,66,27.8,48.9
2026-07-15,23,Delhi,188,128.1,326.0
2026-07-15,23,Mumbai,68,17.2,37.4
2026-07-15,23,Bengaluru,57,12.6,15.7
2026-07-15,23,Kolkata,95,20.6,25.6
2026-07-15,23,Chennai,111,23.7,34.7
2026-07-15,23,Hyderabad,72,18.3,29.8
2026-07-15,23,Pune,51,10.3,15.7
2026-07-15,23,Ahmedabad,66,27.6,46.8
2026-07-16,00,Delhi,192,116.4,284.1
2026-07-16,00,Mumbai,68,17.3,37.6
2026-07-16,00,Bengaluru,56,12.9,16.8
2026-07-16,00,Kolkata,89,19.4,23.9
2026-07-16,00,Chennai,93,22.0,32.6
2026-07-16,00,Hyderabad,71,15.8,24.9
2026-07-16,00,Pune,51,10.2,15.3
2026-07-16,00,Ahmedabad,66,27.5,46.2
2026-07-16,01,Delhi,195,106.9,244.0
2026-07-16,01,Mumbai,68,17.7,38.4
2026-07-16,01,Bengaluru,56,12.5,16.8
2026-07-16,01,Kolkata,83,18.6,22.7
2026-07-16,01,Chennai,80,21.0,30.7
2026-07-16,01,Hyderabad,70,14.1,22.4
2026-07-16,01,Pune,51,10.1,15.4
2026-07-16,01,Ahmedabad,67,28.6,49.1
2026-07-16,02,Delhi,198,98.5,210.9
2026-07-16,02,Mumbai,68,17.2,39.1
2026-07-16,02,Bengaluru,56,12.8,17.8
2026-07-16,02,Kolkata,78,17.8,21.8
2026-07-16,02,Chennai,80,20.4,28.9
2026-07-16,02,Hyderabad,69,13.0,21.5
2026-07-16,02,Pune,51,9.8,15.8
2026-07-16,02,Ahmedabad,69,30.2,52.0
2026-07-16,03,Delhi,200,90.1,182.1
2026-07-16,03,Mumbai,68,16.9,37.4
2026-07-16,03,Bengaluru,56,13.4,19.4
2026-07-16,03,Kolkata,73,16.9,21.1
2026-07-16,03,Chennai,80,20.1,27.2
2026-07-16,03,Hyderabad,68,13.0,21.7
2026-07-16,03,Pune,51,9.5,15.6
2026-07-16,03,Ahmedabad,70,31.0,52.7
2026-07-16,04,Delhi,203,84.8,172.3
2026-07-16,04,Mumbai,68,16.5,36.9
2026-07-16,04,Bengaluru,56,14.1,21.4
2026-07-16,04,Kolkata,70,16.8,21.5
2026-07-16,04,Chennai,79,20.2,26.0
2026-07-16,04,Hyderabad,68,13.0,21.4
2026-07-16,04,Pune,51,9.4,15.3
2026-07-16,04,Ahmedabad,72,30.6,51.2
2026-07-16,05,Delhi,206,115.9,379.0
2026-07-16,05,Mumbai,68,16.2,38.6
2026-07-16,05,Bengaluru,55,15.5,25.1
2026-07-16,05,Kolkata,67,18.7,22.7
2026-07-16,05,Chennai,79,20.8,26.3
2026-07-16,05,Hyderabad,67,12.8,20.3
2026-07-16,05,Pune,52,5.4,9.8
2026-07-16,05,Ahmedabad,73,29.0,49.5
2026-07-16,06,Delhi,224,118.5,371.6
2026-07-16,06,Mumbai,68,16.0,35.7
2026-07-16,06,Bengaluru,56,17.1,28.2
2026-07-16,06,Kolkata,66,17.5,22.2
2026-07-16,06,Chennai,79,21.8,26.3
2026-07-16,06,Hyderabad,67,11.9,17.5
2026-07-16,06,Pune,51,5.3,9.2
2026-07-16,06,Ahmedabad,75,28.2,46.9
2026-07-16,07,Delhi,240,121.1,345.5
2026-07-16,07,Mumbai,68,16.9,36.0
2026-07-16,07,Bengaluru,56,19.0,34.5
2026-07-16,07,Kolkata,65,15.7,20.1
2026-07-16,07,Chennai,79,23.2,27.1
2026-07-16,07,Hyderabad,67,11.2,16.1
2026-07-16,07,Pune,51,5.2,9.5
2026-07-16,07,Ahmedabad,76,26.7,46.9
2026-07-16,08,Delhi,254,116.9,383.7
2026-07-16,08,Mumbai,68,17.9,38.6
2026-07-16,08,Bengaluru,56,20.6,38.9
2026-07-16,08,Kolkata,65,13.5,17.1
2026-07-16,08,Chennai,79,22.6,26.8
2026-07-16,08,Hyderabad,66,10.4,16.1
2026-07-16,08,Pune,51,5.6,10.6
2026-07-16,08,Ahmedabad,77,24.7,48.0
2026-07-16,09,Delhi,268,102.9,372.5
2026-07-16,09,Mumbai,68,18.8,38.9
2026-07-16,09,Bengaluru,56,20.7,41.6
2026-07-16,09,Kolkata,65,12.7,15.7
2026-07-16,09,Chennai,79,22.1,28.8
2026-07-16,09,Hyderabad,66,11.1,20.4
2026-07-16,09,Pune,50,7.1,15.4
2026-07-16,09,Ahmedabad,79,24.5,53.4
2026-07-16,10,Delhi,277,105.7,451.7
2026-07-16,10,Mumbai,68,21.0,42.0
2026-07-16,10,Bengaluru,57,20.8,44.7
2026-07-16,10,Kolkata,64,12.2,15.1
2026-07-16,10,Chennai,79,23.8,33.9
2026-07-16,10,Hyderabad,65,12.2,25.4
2026-07-16,10,Pune,50,9.2,20.2
2026-07-16,10,Ahmedabad,80,25.2,59.3
2026-07-16,11,Delhi,284,116.9,573.7
2026-07-16,11,Mumbai,68,22.4,44.1
2026-07-16,11,Bengaluru,57,21.8,50.8
2026-07-16,11,Kolkata,64,10.8,12.7
2026-07-16,11,Chennai,79,26.1,38.9
2026-07-16,11,Hyderabad,64,13.4,29.8
2026-07-16,11,Pune,50,11.0,24.2
2026-07-16,11,Ahmedabad,81,25.2,61.9
2026-07-16,12,Delhi,293,127.6,685.5
2026-07-16,12,Mumbai,69,23.4,43.8
2026-07-16,12,Bengaluru,58,22.8,54.8
2026-07-16,12,Kolkata,64,10.1,11.9
2026-07-16,12,Chennai,79,27.3,41.1
2026-07-16,12,Hyderabad,63,13.6,30.9
2026-07-16,12,Pune,50,11.3,23.7
2026-07-16,12,Ahmedabad,81,24.2,61.2
2026-07-16,13,Delhi,302,127.6,692.9
2026-07-16,13,Mumbai,69,24.8,44.5
2026-07-16,13,Bengaluru,59,23.0,54.2
2026-07-16,13,Kolkata,64,9.6,11.4
2026-07-16,13,Chennai,79,27.3,40.9
2026-07-16,13,Hyderabad,63,16.4,37.3
2026-07-16,13,Pune,50,10.8,22.7
2026-07-16,13,Ahmedabad,82,22.9,60.1
2026-07-16,14,Delhi,307,124.3,666.8
2026-07-16,14,Mumbai,69,26.1,47.3
2026-07-16,14,Bengaluru,60,22.0,49.4
2026-07-16,14,Kolkata,64,9.6,11.2
2026-07-16,14,Chennai,79,26.5,40.0
2026-07-16,14,Hyderabad,62,14.8,33.6
2026-07-16,14,Pune,50,10.0,23.1
2026-07-16,14,Ahmedabad,83,21.8,58.7
2026-07-16,15,Delhi,308,117.6,614.7
2026-07-16,15,Mumbai,70,25.2,45.3
2026-07-16,15,Bengaluru,61,20.5,44.0
2026-07-16,15,Kolkata,64,11.0,12.7
2026-07-16,15,Chennai,79,25.9,39.7
2026-07-16,15,Hyderabad,61,14.8,34.8
2026-07-16,15,Pune,50,10.0,22.9
2026-07-16,15,Ahmedabad,83,19.8,51.7
2026-07-16,16,Delhi,303,115.9,573.7
2026-07-16,16,Mumbai,70,23.3,42.1
2026-07-16,16,Bengaluru,62,19.0,39.1
2026-07-16,16,Kolkata,63,11.3,13.2
2026-07-16,16,Chennai,78,25.9,40.4
2026-07-16,16,Hyderabad,61,20.0,44.9
2026-07-16,16,Pune,50,10.9,23.3
2026-07-16,16,Ahmedabad,83,19.5,50.5
2026-07-16,17,Delhi,294,145.3,782.3
2026-07-16,17,Mumbai,70,24.2,48.4
2026-07-16,17,Bengaluru,62,20.8,42.3
2026-07-16,17,Kolkata,63,14.5,17.1
2026-07-16,17,Chennai,89,27.9,43.3
2026-07-16,17,Hyderabad,61,20.5,42.5
2026-07-16,17,Pune,51,14.3,27.8
2026-07-16,17,Ahmedabad,83,24.9,68.9
2026-07-16,18,Delhi,308,158.3,765.5
2026-07-16,18,Mumbai,70,21.4,42.6
2026-07-16,18,Bengaluru,64,20.8,35.7
2026-07-16,18,Kolkata,63,13.4,15.8
2026-07-16,18,Chennai,99,28.9,43.0
2026-07-16,18,Hyderabad,62,21.8,41.3
2026-07-16,18,Pune,51,12.9,23.7
2026-07-16,18,Ahmedabad,83,24.4,58.2
2026-07-16,19,Delhi,324,178.8,819.6
2026-07-16,19,Mumbai,70,20.5,42.5
2026-07-16,19,Bengaluru,65,20.8,32.0
2026-07-16,19,Kolkata,63,13.7,16.4
2026-07-16,19,Chennai,103,29.4,42.4
2026-07-16,19,Hyderabad,62,24.2,43.9
2026-07-16,19,Pune,51,10.7,18.9
2026-07-16,19,Ahmedabad,83,26.4,56.6
2026-07-16,20,Delhi,343,200.7,907.1
2026-07-16,20,Mumbai,70,19.9,43.1
2026-07-16,20,Bengaluru,66,18.9,27.8
2026-07-16,20,Kolkata,62,14.7,17.9
2026-07-16,20,Chennai,101,28.5,40.6
2026-07-16,20,Hyderabad,63,26.8,46.6
2026-07-16,20,Pune,51,10.2,16.9
2026-07-16,20,Ahmedabad,82,27.5,58.6
2026-07-16,21,Delhi,369,221.7,979.8
2026-07-16,21,Mumbai,70,19.7,42.7
2026-07-16,21,Bengaluru,66,16.5,23.9
2026-07-16,21,Kolkata,62,16.5,20.3
2026-07-16,21,Chennai,95,26.5,37.4
2026-07-16,21,Hyderabad,63,30.0,51.8
2026-07-16,21,Pune,51,8.8,14.8
2026-07-16,21,Ahmedabad,82,23.7,44.7
2026-07-16,22,Delhi,401,237.5,1009.6
2026-07-16,22,Mumbai,71,20.1,42.4
2026-07-16,22,Bengaluru,67,14.8,21.5
2026-07-16,22,Kolkata,61,17.6,21.8
2026-07-16,22,Chennai,86,24.0,34.1
2026-07-16,22,Hyderabad,64,31.1,54.2
2026-07-16,22,Pune,51,7.9,12.9
2026-07-16,22,Ahmedabad,82,21.2,36.1
2026-07-16,23,Delhi,428,247.7,1024.5
2026-07-16,23,Mumbai,71,19.8,40.5
2026-07-16,23,Bengaluru,67,13.1,19.2
2026-07-16,23,Kolkata,61,17.4,21.6
2026-07-16,23,Chennai,79,21.8,31.8
2026-07-16,23,Hyderabad,65,29.6,52.3
2026-07-16,23,Pune,51,8.1,12.5
2026-07-16,23,Ahmedabad,81,20.2,33.1
2026-07-17,00,Delhi,457,255.2,1054.3
2026-07-17,00,Mumbai,71,18.7,37.6
2026-07-17,00,Bengaluru,67,10.4,15.6
2026-07-17,00,Kolkata,61,17.1,20.8
2026-07-17,00,Chennai,79,20.8,30.2
2026-07-17,00,Hyderabad,66,26.1,46.2
2026-07-17,00,Pune,51,7.6,11.6
2026-07-17,00,Ahmedabad,81,19.4,31.3
2026-07-17,01,Delhi,489,261.7,1087.8
2026-07-17,01,Mumbai,71,17.5,36.0
2026-07-17,01,Bengaluru,67,8.5,13.0
2026-07-17,01,Kolkata,60,16.9,20.0
2026-07-17,01,Chennai,79,20.7,29.0
2026-07-17,01,Hyderabad,66,22.9,38.9
2026-07-17,01,Pune,50,7.0,10.9
2026-07-17,01,Ahmedabad,80,18.8,30.6
2026-07-17,02,Delhi,524,267.3,1113.9
2026-07-17,02,Mumbai,71,15.9,32.6
2026-07-17,02,Bengaluru,67,7.2,11.0
2026-07-17,02,Kolkata,60,16.3,18.7
2026-07-17,02,Chennai,79,20.8,28.1
2026-07-17,02,Hyderabad,67,19.9,32.8
2026-07-17,02,Pune,50,5.4,8.8
2026-07-17,02,Ahmedabad,79,18.5,30.5
2026-07-17,03,Delhi,562,271.0,1113.9
2026-07-17,03,Mumbai,71,15.3,33.2
2026-07-17,03,Bengaluru,66,6.1,9.5
2026-07-17,03,Kolkata,60,15.3,17.2
2026-07-17,03,Chennai,79,20.7,27.1
2026-07-17,03,Hyderabad,68,17.2,27.4
2026-07-17,03,Pune,49,4.3,6.5
2026-07-17,03,Ahmedabad,78,18.3,30.9
2026-07-17,04,Delhi,601,267.3,1039.4
2026-07-17,04,Mumbai,71,14.1,30.7
2026-07-17,04,Bengaluru,66,5.5,8.6
2026-07-17,04,Kolkata,60,15.4,17.2
2026-07-17,04,Chennai,79,20.4,26.1
2026-07-17,04,Hyderabad,68,16.5,26.6
2026-07-17,04,Pune,48,3.4,4.8
2026-07-17,04,Ahmedabad,77,18.3,30.6
2026-07-17,05,Delhi,637,162.1,489.9
2026-07-17,05,Mumbai,71,13.4,29.3
2026-07-17,05,Bengaluru,65,5.8,9.1
2026-07-17,05,Kolkata,60,19.8,21.8
2026-07-17,05,Chennai,79,21.1,28.2
2026-07-17,05,Hyderabad,68,18.0,29.5
2026-07-17,05,Pune,47,4.3,6.6
2026-07-17,05,Ahmedabad,77,18.6,30.7
2026-07-17,06,Delhi,642,145.3,407.0
2026-07-17,06,Mumbai,70,14.0,31.3
2026-07-17,06,Bengaluru,64,5.5,7.9
2026-07-17,06,Kolkata,60,22.4,25.1
2026-07-17,06,Chennai,79,23.1,29.6
2026-07-17,06,Hyderabad,69,15.8,24.6
2026-07-17,06,Pune,47,4.5,6.6
2026-07-17,06,Ahmedabad,76,17.8,29.3
2026-07-17,07,Delhi,643,126.2,358.6
2026-07-17,07,Mumbai,70,15.0,31.3
2026-07-17,07,Bengaluru,63,6.1,8.6
2026-07-17,07,Kolkata,60,22.9,26.1
2026-07-17,07,Chennai,79,25.1,32.6
2026-07-17,07,Hyderabad,69,14.8,20.9
2026-07-17,07,Pune,46,4.0,6.4
2026-07-17,07,Ahmedabad,75,17.9,31.7
2026-07-17,08,Delhi,644,110.4,367.9
2026-07-17,08,Mumbai,70,15.9,31.0
2026-07-17,08,Bengaluru,62,6.2,8.8
2026-07-17,08,Kolkata,61,21.3,24.4
2026-07-17,08,Chennai,79,27.3,36.2
2026-07-17,08,Hyderabad,69,14.2,20.5
2026-07-17,08,Pune,46,4.6,7.3
2026-07-17,08,Ahmedabad,74,17.7,33.4
2026-07-17,09,Delhi,643,110.6,436.8
2026-07-17,09,Mumbai,70,16.6,32.8
2026-07-17,09,Bengaluru,61,6.4,8.7
2026-07-17,09,Kolkata,62,20.5,24.2
2026-07-17,09,Chennai,80,28.1,38.5
2026-07-17,09,Hyderabad,70,13.4,20.1
2026-07-17,09,Pune,46,5.8,10.0
2026-07-17,09,Ahmedabad,74,17.9,37.7
2026-07-17,10,Delhi,646,119.7,534.6
2026-07-17,10,Mumbai,70,18.0,34.6
2026-07-17,10,Bengaluru,60,6.3,8.9
2026-07-17,10,Kolkata,62,18.7,21.9
2026-07-17,10,Chennai,80,28.4,40.4
2026-07-17,10,Hyderabad,70,13.1,20.1
2026-07-17,10,Pune,46,7.3,13.3
2026-07-17,10,Ahmedabad,73,18.9,43.0
2026-07-17,11,Delhi,649,118.5,553.2
2026-07-17,11,Mumbai,70,20.3,37.7
2026-07-17,11,Bengaluru,59,6.3,8.2
2026-07-17,11,Kolkata,63,20.1,23.2
2026-07-17,11,Chennai,80,29.3,42.6
2026-07-17,11,Hyderabad,70,13.9,23.2
2026-07-17,11,Pune,45,8.6,16.1
2026-07-17,11,Ahmedabad,73,19.7,48.1
2026-07-17,12,Delhi,648,116.4,556.9
2026-07-17,12,Mumbai,69,21.0,39.1
2026-07-17,12,Bengaluru,58,6.1,8.1
2026-07-17,12,Kolkata,63,17.5,20.8
2026-07-17,12,Chennai,81,28.2,42.0
2026-07-17,12,Hyderabad,70,13.8,23.6
2026-07-17,12,Pune,45,8.4,16.1
2026-07-17,12,Ahmedabad,72,20.1,51.9
2026-07-17,13,Delhi,643,119.2,597.9
2026-07-17,13,Mumbai,69,22.3,45.8
2026-07-17,13,Bengaluru,56,5.4,7.0
2026-07-17,13,Kolkata,64,17.3,21.7
2026-07-17,13,Chennai,81,25.4,39.0
2026-07-17,13,Hyderabad,70,16.1,29.9
2026-07-17,13,Pune,44,8.5,17.1
2026-07-17,13,Ahmedabad,72,20.8,56.5
2026-07-17,14,Delhi,639,123.4,638.9
2026-07-17,14,Mumbai,69,22.9,45.3
2026-07-17,14,Bengaluru,55,6.2,7.3
2026-07-17,14,Kolkata,65,18.9,23.8
2026-07-17,14,Chennai,81,23.3,37.0
2026-07-17,14,Hyderabad,70,14.6,25.3
2026-07-17,14,Pune,43,7.9,15.7
2026-07-17,14,Ahmedabad,72,20.7,56.7
2026-07-17,15,Delhi,638,129.9,696.6
2026-07-17,15,Mumbai,69,23.9,45.4
2026-07-17,15,Bengaluru,54,6.0,7.6
2026-07-17,15,Kolkata,65,21.1,27.6
2026-07-17,15,Chennai,80,21.8,34.5
2026-07-17,15,Hyderabad,70,14.4,24.7
2026-07-17,15,Pune,43,8.8,16.5
2026-07-17,15,Ahmedabad,72,20.7,55.8
2026-07-17,16,Delhi,641,133.6,711.5
2026-07-17,16,Mumbai,69,24.6,45.1
2026-07-17,16,Bengaluru,53,6.8,9.6
2026-07-17,16,Kolkata,71,22.9,30.6
2026-07-17,16,Chennai,80,21.0,33.3
2026-07-17,16,Hyderabad,70,14.7,25.4
2026-07-17,16,Pune,43,9.4,17.3
2026-07-17,16,Ahmedabad,72,19.9,51.7
2026-07-17,17,Delhi,647,165.8,920.1
2026-07-17,17,Mumbai,69,21.0,44.2
2026-07-17,17,Bengaluru,52,5.7,7.7
2026-07-17,17,Kolkata,74,28.0,36.4
2026-07-17,17,Chennai,80,26.3,43.3
2026-07-17,17,Hyderabad,69,18.5,32.5
2026-07-17,17,Pune,42,10.0,17.0
2026-07-17,17,Ahmedabad,72,29.1,79.9
2026-07-17,18,Delhi,653,168.6,858.7
2026-07-17,18,Mumbai,69,19.9,41.8
2026-07-17,18,Bengaluru,50,7.3,8.9
2026-07-17,18,Kolkata,74,29.7,38.6
2026-07-17,18,Chennai,84,26.6,42.1
2026-07-17,18,Hyderabad,69,20.7,35.4
2026-07-17,18,Pune,41,8.9,14.4
2026-07-17,18,Ahmedabad,72,29.5,71.5
2026-07-17,19,Delhi,657,176.0,830.7
2026-07-17,19,Mumbai,68,20.7,43.2
2026-07-17,19,Bengaluru,48,8.5,10.2
2026-07-17,19,Kolkata,69,29.0,37.8
2026-07-17,19,Chennai,83,25.9,40.0
2026-07-17,19,Hyderabad,69,24.4,37.6
2026-07-17,19,Pune,40,9.2,14.8
2026-07-17,19,Ahmedabad,72,30.9,65.2
2026-07-17,20,Delhi,657,178.8,782.3
2026-07-17,20,Mumbai,68,20.5,42.5
2026-07-17,20,Bengaluru,45,8.8,10.7
2026-07-17,20,Kolkata,71,25.7,33.3
2026-07-17,20,Chennai,79,24.4,36.4
2026-07-17,20,Hyderabad,69,24.9,36.9
2026-07-17,20,Pune,40,9.2,13.5
2026-07-17,20,Ahmedabad,73,31.5,61.5
2026-07-17,21,Delhi,652,187.2,800.9
2026-07-17,21,Mumbai,68,21.0,43.0
2026-07-17,21,Bengaluru,43,8.4,10.5
2026-07-17,21,Kolkata,71,21.3,27.1
2026-07-17,21,Chennai,79,18.7,27.2
2026-07-17,21,Hyderabad,69,21.1,32.4
2026-07-17,21,Pune,40,9.1,13.6
2026-07-17,21,Ahmedabad,73,30.3,55.9
2026-07-17,22,Delhi,644,194.6,830.7
2026-07-17,22,Mumbai,69,20.8,44.7
2026-07-17,22,Bengaluru,41,8.1,10.3
2026-07-17,22,Kolkata,72,19.0,24.2
2026-07-17,22,Chennai,78,13.1,17.5
2026-07-17,22,Hyderabad,68,16.5,26.3
2026-07-17,22,Pune,40,7.4,11.4
2026-07-17,22,Ahmedabad,74,28.2,50.3
2026-07-17,23,Delhi,637,200.2,793.5
2026-07-17,23,Mumbai,69,19.8,41.2
2026-07-17,23,Bengaluru,40,7.4,9.3
2026-07-17,23,Kolkata,72,16.7,21.3
2026-07-17,23,Chennai,77,12.0,16.2
2026-07-17,23,Hyderabad,67,13.2,20.6
2026-07-17,23,Pune,40,6.3,9.8
2026-07-17,23,Ahmedabad,74,26.4,46.4
2026-07-18,00,Delhi,627,197.9,722.7
2026-07-18,00,Mumbai,69,18.5,39.2
2026-07-18,00,Bengaluru,38,6.1,7.7
2026-07-18,00,Kolkata,72,15.8,19.9
2026-07-18,00,Chennai,76,12.3,17.7
2026-07-18,00,Hyderabad,66,10.4,15.8
2026-07-18,00,Pune,39,5.7,8.9
2026-07-18,00,Ahmedabad,75,24.2,43.2
2026-07-18,01,Delhi,614,191.4,646.3
2026-07-18,01,Mumbai,69,16.9,36.4
2026-07-18,01,Bengaluru,37,5.1,6.5
2026-07-18,01,Kolkata,72,15.7,19.2
2026-07-18,01,Chennai,76,13.0,19.3
2026-07-18,01,Hyderabad,65,8.2,12.2
2026-07-18,01,Pune,39,5.0,7.7
2026-07-18,01,Ahmedabad,75,22.1,39.8
2026-07-18,02,Delhi,595,176.0,538.3
2026-07-18,02,Mumbai,69,14.8,30.5
2026-07-18,02,Bengaluru,36,4.6,6.4
2026-07-18,02,Kolkata,72,15.8,19.0
2026-07-18,02,Chennai,75,13.1,18.6
2026-07-18,02,Hyderabad,64,6.8,9.7
2026-07-18,02,Pune,38,5.3,8.1
2026-07-18,02,Ahmedabad,75,20.2,36.2
2026-07-18,03,Delhi,571,155.1,434.0
2026-07-18,03,Mumbai,68,13.3,27.5
2026-07-18,03,Bengaluru,36,5.1,7.8
2026-07-18,03,Kolkata,72,16.4,19.4
2026-07-18,03,Chennai,75,12.6,16.9
2026-07-18,03,Hyderabad,63,6.2,8.7
2026-07-18,03,Pune,38,5.5,8.2
2026-07-18,03,Ahmedabad,75,18.5,32.4
2026-07-18,04,Delhi,543,131.3,349.2
2026-07-18,04,Mumbai,68,13.5,27.2
2026-07-18,04,Bengaluru,36,5.5,8.6
2026-07-18,04,Kolkata,72,17.7,20.5
2026-07-18,04,Chennai,74,12.0,15.8
2026-07-18,04,Hyderabad,62,6.1,8.5
2026-07-18,04,Pune,39,5.7,8.7
2026-07-18,04,Ahmedabad,75,17.3,29.3
2026-07-18,05,Delhi,514,141.6,372.5
2026-07-18,05,Mumbai,68,11.7,24.9
2026-07-18,05,Bengaluru,36,6.5,10.9
2026-07-18,05,Kolkata,72,18.9,23.1
2026-07-18,05,Chennai,73,19.2,29.6
2026-07-18,05,Hyderabad,61,5.2,7.2
2026-07-18,05,Pune,39,3.3,4.6
2026-07-18,05,Ahmedabad,75,17.6,29.8
2026-07-18,06,Delhi,509,112.0,290.6
2026-07-18,06,Mumbai,68,12.2,25.0
2026-07-18,06,Bengaluru,36,6.8,10.9
2026-07-18,06,Kolkata,72,20.3,24.9
2026-07-18,06,Chennai,73,18.3,27.0
2026-07-18,06,Hyderabad,60,6.4,9.0
2026-07-18,06,Pune,39,3.3,4.4
2026-07-18,06,Ahmedabad,75,16.7,27.6
2026-07-18,07,Delhi,504,98.3,282.2
2026-07-18,07,Mumbai,68,12.6,24.6
2026-07-18,07,Bengaluru,36,7.8,12.4
2026-07-18,07,Kolkata,72,18.7,24.0
2026-07-18,07,Chennai,73,19.7,28.0
2026-07-18,07,Hyderabad,59,8.2,12.4
2026-07-18,07,Pune,39,3.6,5.0
2026-07-18,07,Ahmedabad,75,15.6,27.8
2026-07-18,08,Delhi,501,92.2,335.3
2026-07-18,08,Mumbai,68,13.4,24.7
2026-07-18,08,Bengaluru,36,8.0,12.4
2026-07-18,08,Kolkata,71,17.2,22.1
2026-07-18,08,Chennai,72,20.8,29.0
2026-07-18,08,Hyderabad,59,9.8,15.7
2026-07-18,08,Pune,39,3.9,6.7
2026-07-18,08,Ahmedabad,75,14.6,29.0
2026-07-18,09,Delhi,500,98.0,459.1
2026-07-18,09,Mumbai,68,15.5,27.9
2026-07-18,09,Bengaluru,37,8.3,14.1
2026-07-18,09,Kolkata,71,15.9,20.2
2026-07-18,09,Chennai,72,22.1,30.2
2026-07-18,09,Hyderabad,58,10.1,16.8
2026-07-18,09,Pune,38,5.5,9.7
2026-07-18,09,Ahmedabad,75,14.8,31.8
2026-07-18,10,Delhi,501,120.1,661.2
2026-07-18,10,Mumbai,68,16.4,30.0
2026-07-18,10,Bengaluru,37,8.2,15.2
2026-07-18,10,Kolkata,71,14.1,17.9
2026-07-18,10,Chennai,71,21.9,29.8
2026-07-18,10,Hyderabad,58,10.1,16.3
2026-07-18,10,Pune,38,6.7,12.5
2026-07-18,10,Ahmedabad,75,15.1,33.5
2026-07-18,11,Delhi,506,156.5,938.8
2026-07-18,11,Mumbai,67,16.8,30.6
2026-07-18,11,Bengaluru,38,8.2,16.2
2026-07-18,11,Kolkata,70,12.6,15.9
2026-07-18,11,Chennai,71,20.1,27.2
2026-07-18,11,Hyderabad,58,9.9,16.5
2026-07-18,11,Pune,38,7.6,13.5
2026-07-18,11,Ahmedabad,74,15.0,33.6
2026-07-18,12,Delhi,522,186.3,1158.6
2026-07-18,12,Mumbai,67,17.4,31.5
2026-07-18,12,Bengaluru,38,8.5,17.9
2026-07-18,12,Kolkata,70,11.0,14.0
2026-07-18,12,Chennai,70,18.3,24.3
2026-07-18,12,Hyderabad,57,9.8,15.8
2026-07-18,12,Pune,38,7.8,14.2
2026-07-18,12,Ahmedabad,74,14.3,32.6
2026-07-18,13,Delhi,547,200.7,1251.7
2026-07-18,13,Mumbai,67,16.6,29.6
2026-07-18,13,Bengaluru,39,9.0,20.5
2026-07-18,13,Kolkata,69,10.7,13.4
2026-07-18,13,Chennai,69,17.1,22.6
2026-07-18,13,Hyderabad,57,10.1,15.1
2026-07-18,13,Pune,38,8.1,15.4
2026-07-18,13,Ahmedabad,73,13.9,32.2
2026-07-18,14,Delhi,574,206.3,1292.7
2026-07-18,14,Mumbai,66,16.9,28.6
2026-07-18,14,Bengaluru,40,10.5,25.6
2026-07-18,14,Kolkata,69,9.7,12.2
2026-07-18,14,Chennai,69,16.5,21.8
2026-07-18,14,Hyderabad,57,10.3,15.1
2026-07-18,14,Pune,38,7.8,14.6
2026-07-18,14,Ahmedabad,73,13.4,30.9
2026-07-18,15,Delhi,602,206.3,1277.8
2026-07-18,15,Mumbai,66,16.5,28.6
2026-07-18,15,Bengaluru,41,12.8,28.5
2026-07-18,15,Kolkata,68,9.7,12.2
2026-07-18,15,Chennai,68,16.6,22.4
2026-07-18,15,Hyderabad,56,9.6,14.1
2026-07-18,15,Pune,38,8.0,14.2
2026-07-18,15,Ahmedabad,72,13.6,32.0
2026-07-18,16,Delhi,626,204.9,1214.4
2026-07-18,16,Mumbai,65,16.2,29.3
2026-07-18,16,Bengaluru,42,13.9,24.6
2026-07-18,16,Kolkata,67,10.3,12.7
2026-07-18,16,Chennai,68,19.2,28.1
2026-07-18,16,Hyderabad,56,10.2,15.3
2026-07-18,16,Pune,38,8.4,14.0
2026-07-18,16,Ahmedabad,72,13.0,29.2
2026-07-18,17,Delhi,647,147.6,789.8
2026-07-18,17,Mumbai,65,11.9,24.0
2026-07-18,17,Bengaluru,44,13.5,22.6
2026-07-18,17,Kolkata,66,12.7,16.4
2026-07-18,17,Chennai,68,27.7,41.9
2026-07-18,17,Hyderabad,56,9.8,14.0
2026-07-18,17,Pune,37,6.5,10.6
2026-07-18,17,Ahmedabad,71,12.7,28.3
2026-07-18,18,Delhi,641,148.5,672.4
2026-07-18,18,Mumbai,64,13.4,27.5
2026-07-18,18,Bengaluru,46,15.1,22.6
2026-07-18,18,Kolkata,65,14.5,18.0
2026-07-18,18,Chennai,68,29.2,42.6
2026-07-18,18,Hyderabad,55,10.0,13.5
2026-07-18,18,Pune,37,6.7,10.0
2026-07-18,18,Ahmedabad,70,13.4,25.8
2026-07-18,19,Delhi,634,157.9,648.2
2026-07-18,19,Mumbai,63,15.3,31.2
2026-07-18,19,Bengaluru,47,16.2,23.2
2026-07-18,19,Kolkata,64,16.5,20.1
2026-07-18,19,Chennai,68,30.0,43.1
2026-07-18,19,Hyderabad,54,9.7,12.6
2026-07-18,19,Pune,36,6.6,9.1
2026-07-18,19,Ahmedabad,69,16.0,27.1
2026-07-18,20,Delhi,626,170.9,694.8
2026-07-18,20,Mumbai,63,16.4,32.4
2026-07-18,20,Bengaluru,49,15.5,23.5
2026-07-18,20,Kolkata,63,17.5,21.1
2026-07-18,20,Chennai,68,30.2,43.4
2026-07-18,20,Hyderabad,53,9.2,12.2
2026-07-18,20,Pune,35,5.5,7.0
2026-07-18,20,Ahmedabad,67,18.7,31.1
2026-07-18,21,Delhi,622,169.0,579.3
2026-07-18,21,Mumbai,63,17.0,33.9
2026-07-18,21,Bengaluru,50,15.1,24.7
2026-07-18,21,Kolkata,62,17.5,20.5
2026-07-18,21,Chennai,69,28.6,40.9
2026-07-18,21,Hyderabad,52,9.3,13.1
2026-07-18,21,Pune,35,4.5,5.3
2026-07-18,21,Ahmedabad,66,18.6,30.3
2026-07-18,22,Delhi,613,152.7,510.4
2026-07-18,22,Mumbai,62,16.5,32.2
2026-07-18,22,Bengaluru,51,13.6,20.7
2026-07-18,22,Kolkata,62,16.1,19.2
2026-07-18,22,Chennai,69,26.3,38.3
2026-07-18,22,Hyderabad,51,10.0,14.1
2026-07-18,22,Pune,33,3.2,3.5
2026-07-18,22,Ahmedabad,66,18.6,31.0
2026-07-18,23,Delhi,600,139.2,437.7
2026-07-18,23,Mumbai,62,15.7,31.1
2026-07-18,23,Bengaluru,51,12.2,17.8
2026-07-18,23,Kolkata,61,15.2,18.5
2026-07-18,23,Chennai,71,24.4,36.6
2026-07-18,23,Hyderabad,50,9.8,13.5
2026-07-18,23,Pune,33,2.9,3.0
2026-07-18,23,Ahmedabad,65,17.9,30.9
2026-07-19,00,Delhi,585,126.7,376.3
2026-07-19,00,Mumbai,62,15.6,31.2
2026-07-19,00,Bengaluru,52,9.4,13.2
2026-07-19,00,Kolkata,61,15.3,18.7
2026-07-19,00,Chennai,71,22.7,34.9
2026-07-19,00,Hyderabad,50,8.3,10.9
2026-07-19,00,Pune,32,2.6,2.7
2026-07-19,00,Ahmedabad,64,16.6,29.3
2026-07-19,01,Delhi,570,116.2,323.2
2026-07-19,01,Mumbai,62,15.5,31.4
2026-07-19,01,Bengaluru,52,8.1,11.3
2026-07-19,01,Kolkata,61,15.3,19.2
2026-07-19,01,Chennai,72,21.3,32.4
2026-07-19,01,Hyderabad,49,6.5,7.9
2026-07-19,01,Pune,31,2.3,2.4
2026-07-19,01,Ahmedabad,64,15.9,28.4
2026-07-19,02,Delhi,557,106.6,275.7
2026-07-19,02,Mumbai,61,15.0,31.5
2026-07-19,02,Bengaluru,52,7.0,9.8
2026-07-19,02,Kolkata,61,15.4,19.5
2026-07-19,02,Chennai,73,20.0,30.0
2026-07-19,02,Hyderabad,49,4.9,5.7
2026-07-19,02,Pune,30,2.2,2.3
2026-07-19,02,Ahmedabad,63,15.3,27.0
2026-07-19,03,Delhi,546,99.0,252.4
2026-07-19,03,Mumbai,61,14.4,30.7
2026-07-19,03,Bengaluru,52,6.2,8.9
2026-07-19,03,Kolkata,61,15.4,19.4
2026-07-19,03,Chennai,73,19.1,28.4
2026-07-19,03,Hyderabad,48,3.9,4.4
2026-07-19,03,Pune,30,2.0,2.1
2026-07-19,03,Ahmedabad,63,15.4,26.8
2026-07-19,04,Delhi,539,94.8,252.4
2026-07-19,04,Mumbai,62,13.8,30.3
2026-07-19,04,Bengaluru,52,5.8,8.4
2026-07-19,04,Kolkata,61,15.0,19.0
2026-07-19,04,Chennai,74,18.7,27.5
2026-07-19,04,Hyderabad,48,3.3,3.8
2026-07-19,04,Pune,29,2.1,2.2
2026-07-19,04,Ahmedabad,62,18.5,34.0
2026-07-19,05,Delhi,534,110.8,209.1
2026-07-19,05,Mumbai,62,15.8,36.9
2026-07-19,05,Bengaluru,52,5.3,7.5
2026-07-19,05,Kolkata,61,15.0,18.1
2026-07-19,05,Chennai,75,19.3,30.7
2026-07-19,05,Hyderabad,47,3.4,4.4
2026-07-19,05,Pune,28,1.9,2.8
2026-07-19,05,Ahmedabad,63,17.2,28.9
2026-07-19,06,Delhi,528,105.7,181.1
2026-07-19,06,Mumbai,62,16.6,38.0
2026-07-19,06,Bengaluru,52,5.5,7.9
2026-07-19,06,Kolkata,61,15.0,19.4
2026-07-19,06,Chennai,75,20.0,31.4
2026-07-19,06,Hyderabad,47,3.5,4.4
2026-07-19,06,Pune,28,2.4,3.7
2026-07-19,06,Ahmedabad,62,17.6,28.3
2026-07-19,07,Delhi,523,100.4,161.6
2026-07-19,07,Mumbai,62,16.9,39.0
2026-07-19,07,Bengaluru,52,6.2,9.3
2026-07-19,07,Kolkata,60,14.4,19.2
2026-07-19,07,Chennai,75,21.8,34.5
2026-07-19,07,Hyderabad,46,3.6,4.3
2026-07-19,07,Pune,27,3.8,6.4
2026-07-19,07,Ahmedabad,63,17.6,31.7
2026-07-19,08,Delhi,518,81.5,146.2
2026-07-19,08,Mumbai,63,17.2,39.5
2026-07-19,08,Bengaluru,52,6.7,11.1
2026-07-19,08,Kolkata,60,13.4,18.0
2026-07-19,08,Chennai,75,23.6,37.3
2026-07-19,08,Hyderabad,45,3.3,4.0
2026-07-19,08,Pune,28,4.8,9.7
2026-07-19,08,Ahmedabad,63,17.3,34.5
2026-07-19,09,Delhi,510,70.5,176.5
2026-07-19,09,Mumbai,63,17.3,38.9
2026-07-19,09,Bengaluru,52,7.0,12.1
2026-07-19,09,Kolkata,60,12.7,16.8
2026-07-19,09,Chennai,75,23.6,37.0
2026-07-19,09,Hyderabad,44,3.3,5.1
2026-07-19,09,Pune,28,5.3,12.0
2026-07-19,09,Ahmedabad,63,17.1,36.4
2026-07-19,10,Delhi,498,75.7,285.9
2026-07-19,10,Mumbai,63,16.4,35.7
2026-07-19,10,Bengaluru,52,7.4,13.8
2026-07-19,10,Kolkata,59,12.3,16.4
2026-07-19,10,Chennai,75,23.5,36.2
2026-07-19,10,Hyderabad,42,3.8,6.8
2026-07-19,10,Pune,28,6.7,15.7
2026-07-19,10,Ahmedabad,63,17.2,38.1
2026-07-19,11,Delhi,483,90.1,429.3
2026-07-19,11,Mumbai,63,14.7,29.2
2026-07-19,11,Bengaluru,52,8.0,16.2
2026-07-19,11,Kolkata,59,12.0,16.4
2026-07-19,11,Chennai,75,23.1,34.9
2026-07-19,11,Hyderabad,41,4.3,7.3
2026-07-19,11,Pune,28,7.5,17.2
2026-07-19,11,Ahmedabad,63,17.2,38.4
2026-07-19,12,Delhi,462,97.6,499.2
2026-07-19,12,Mumbai,63,13.3,24.6
2026-07-19,12,Bengaluru,52,8.5,18.0
2026-07-19,12,Kolkata,59,12.0,17.1
2026-07-19,12,Chennai,76,23.0,34.5
2026-07-19,12,Hyderabad,39,4.7,8.3
2026-07-19,12,Pune,28,6.7,15.0
2026-07-19,12,Ahmedabad,63,16.9,38.0
2026-07-19,13,Delhi,434,111.8,603.5
2026-07-19,13,Mumbai,62,12.0,21.4
2026-07-19,13,Bengaluru,52,9.2,20.5
2026-07-19,13,Kolkata,59,14.8,22.4
2026-07-19,13,Chennai,76,23.1,34.6
2026-07-19,13,Hyderabad,38,5.4,9.6
2026-07-19,13,Pune,27,5.1,10.8
2026-07-19,13,Ahmedabad,64,16.3,36.6
2026-07-19,14,Delhi,407,118.7,666.8
2026-07-19,14,Mumbai,62,11.0,20.4
2026-07-19,14,Bengaluru,52,9.9,22.1
2026-07-19,14,Kolkata,60,12.7,18.0
2026-07-19,14,Chennai,76,23.5,35.6
2026-07-19,14,Hyderabad,37,6.5,11.8
2026-07-19,14,Pune,27,4.6,8.6
2026-07-19,14,Ahmedabad,64,15.5,34.9
2026-07-19,15,Delhi,376,126.7,717.1
2026-07-19,15,Mumbai,62,10.8,20.4
2026-07-19,15,Bengaluru,52,10.1,23.1
2026-07-19,15,Kolkata,60,13.6,19.3
2026-07-19,15,Chennai,77,23.2,35.4
2026-07-19,15,Hyderabad,36,7.3,13.6
2026-07-19,15,Pune,26,3.5,5.8
2026-07-19,15,Ahmedabad,64,14.6,32.9
2026-07-19,16,Delhi,347,131.3,752.5
2026-07-19,16,Mumbai,61,10.2,20.0
2026-07-19,16,Bengaluru,52,11.2,24.9
2026-07-19,16,Kolkata,60,13.3,19.0
2026-07-19,16,Chennai,77,22.6,34.5
2026-07-19,16,Hyderabad,36,8.2,15.1
2026-07-19,16,Pune,25,3.9,5.9
2026-07-19,16,Ahmedabad,64,14.0,31.5
2026-07-19,17,Delhi,323,127.1,536.4
2026-07-19,17,Mumbai,61,11.7,25.9
2026-07-19,17,Bengaluru,51,13.9,27.4
2026-07-19,17,Kolkata,60,19.3,29.2
2026-07-19,17,Chennai,78,25.2,38.0
2026-07-19,17,Hyderabad,35,12.8,23.1
2026-07-19,17,Pune,24,4.3,6.9
2026-07-19,17,Ahmedabad,64,16.0,38.6
2026-07-19,18,Delhi,310,121.5,445.2
2026-07-19,18,Mumbai,61,12.3,26.7
2026-07-19,18,Bengaluru,51,13.0,24.0
2026-07-19,18,Kolkata,61,22.3,31.8
2026-07-19,18,Chennai,78,25.1,37.4
2026-07-19,18,Hyderabad,36,14.3,22.8
2026-07-19,18,Pune,24,4.1,5.4
2026-07-19,18,Ahmedabad,64,16.9,35.9
2026-07-19,19,Delhi,298,116.2,374.4
2026-07-19,19,Mumbai,61,12.7,25.1
2026-07-19,19,Bengaluru,51,13.7,22.9
2026-07-19,19,Kolkata,61,23.6,32.2
2026-07-19,19,Chennai,77,25.3,37.3
2026-07-19,19,Hyderabad,37,16.5,24.9
2026-07-19,19,Pune,23,3.7,4.7
2026-07-19,19,Ahmedabad,65,21.2,40.5
2026-07-19,20,Delhi,281,108.7,305.5
2026-07-19,20,Mumbai,60,13.0,26.2
2026-07-19,20,Bengaluru,51,14.6,23.4
2026-07-19,20,Kolkata,62,24.0,32.2
2026-07-19,20,Chennai,77,25.5,37.4
2026-07-19,20,Hyderabad,38,17.2,26.7
2026-07-19,20,Pune,22,3.6,4.1
2026-07-19,20,Ahmedabad,65,20.6,37.3
2026-07-19,21,Delhi,258,103.6,268.2
2026-07-19,21,Mumbai,60,12.7,27.3
2026-07-19,21,Bengaluru,51,13.9,21.9
2026-07-19,21,Kolkata,63,23.6,31.9
2026-07-19,21,Chennai,76,24.9,36.7
2026-07-19,21,Hyderabad,40,16.2,25.7
2026-07-19,21,Pune,22,3.8,4.2
2026-07-19,21,Ahmedabad,65,19.7,33.8
2026-07-19,22,Delhi,240,98.3,238.4
2026-07-19,22,Mumbai,60,12.1,25.7
2026-07-19,22,Bengaluru,51,13.2,20.8
2026-07-19,22,Kolkata,63,23.3,32.1
2026-07-19,22,Chennai,76,23.1,34.7
2026-07-19,22,Hyderabad,42,11.7,17.5
2026-07-19,22,Pune,22,4.1,4.5
2026-07-19,22,Ahmedabad,65,19.0,32.4
2026-07-19,23,Delhi,223,91.5,210.0
2026-07-19,23,Mumbai,59,11.3,23.7
2026-07-19,23,Bengaluru,51,10.4,15.3
2026-07-19,23,Kolkata,64,24.0,33.9
2026-07-19,23,Chennai,76,20.6,31.7
2026-07-19,23,Hyderabad,42,8.1,11.4
2026-07-19,23,Pune,22,3.6,4.1
2026-07-19,23,Ahmedabad,65,18.3,31.0
2026-07-20,00,Delhi,210,89.6,210.0
2026-07-20,00,Mumbai,59,10.5,22.5
2026-07-20,00,Bengaluru,51,7.6,10.5
2026-07-20,00,Kolkata,64,25.7,36.8
2026-07-20,00,Chennai,76,18.1,28.9
2026-07-20,00,Hyderabad,42,5.6,7.7
2026-07-20,00,Pune,22,2.8,3.6
2026-07-20,00,Ahmedabad,65,16.4,27.9
2026-07-20,01,Delhi,200,90.8,241.2
2026-07-20,01,Mumbai,59,10.4,23.3
2026-07-20,01,Bengaluru,51,5.6,7.4
2026-07-20,01,Kolkata,65,30.2,45.2
2026-07-20,01,Chennai,75,16.9,26.7
2026-07-20,01,Hyderabad,41,4.3,5.8
2026-07-20,01,Pune,22,2.2,2.9
2026-07-20,01,Ahmedabad,65,15.4,26.3
2026-07-20,02,Delhi,198,92.4,269.2
2026-07-20,02,Mumbai,58,10.3,22.8
2026-07-20,02,Bengaluru,50,4.5,6.0
2026-07-20,02,Kolkata,66,26.8,38.1
2026-07-20,02,Chennai,75,17.2,26.3
2026-07-20,02,Hyderabad,41,3.6,4.7
2026-07-20,02,Pune,22,1.9,2.3
2026-07-20,02,Ahmedabad,65,14.6,24.7
2026-07-20,03,Delhi,198,95.2,291.5
2026-07-20,03,Mumbai,58,9.5,21.2
2026-07-20,03,Bengaluru,50,4.0,5.4
2026-07-20,03,Kolkata,67,26.3,36.2
2026-07-20,03,Chennai,75,18.7,27.1
2026-07-20,03,Hyderabad,40,3.5,4.5
2026-07-20,03,Pune,22,1.6,1.8
2026-07-20,03,Ahmedabad,65,13.9,23.4
2026-07-20,04,Delhi,199,92.9,275.7
2026-07-20,04,Mumbai,58,9.1,21.3
2026-07-20,04,Bengaluru,50,3.7,5.0
2026-07-20,04,Kolkata,68,26.9,36.3
2026-07-20,04,Chennai,75,20.8,29.1
2026-07-20,04,Hyderabad,40,3.6,4.8
2026-07-20,04,Pune,22,1.8,2.0
2026-07-20,04,Ahmedabad,65,13.1,21.6
2026-07-20,05,Delhi,199,32.9,71.7
2026-07-20,05,Mumbai,57,8.4,19.7
2026-07-20,05,Bengaluru,49,3.7,5.6
2026-07-20,05,Kolkata,69,24.7,33.6
2026-07-20,05,Chennai,75,29.5,46.7
2026-07-20,05,Hyderabad,40,4.1,5.9
2026-07-20,05,Pune,22,1.8,2.0
2026-07-20,05,Ahmedabad,65,15.8,27.2
2026-07-20,06,Delhi,197,31.3,58.0
2026-07-20,06,Mumbai,57,10.1,23.6
2026-07-20,06,Bengaluru,49,3.5,4.8
2026-07-20,06,Kolkata,70,25.7,34.1
2026-07-20,06,Chennai,76,30.6,47.1
2026-07-20,06,Hyderabad,41,4.5,5.9
2026-07-20,06,Pune,22,1.8,2.2
2026-07-20,06,Ahmedabad,65,15.4,25.0
2026-07-20,07,Delhi,194,30.6,54.5
2026-07-20,07,Mumbai,56,11.7,25.7
2026-07-20,07,Bengaluru,48,4.3,5.4
2026-07-20,07,Kolkata,71,26.4,35.2
2026-07-20,07,Chennai,76,32.7,50.1
2026-07-20,07,Hyderabad,41,4.9,6.3
2026-07-20,07,Pune,22,2.7,3.8
2026-07-20,07,Ahmedabad,64,15.1,25.9
2026-07-20,08,Delhi,192,33.5,53.8
2026-07-20,08,Mumbai,56,12.7,26.7
2026-07-20,08,Bengaluru,48,4.3,6.0
2026-07-20,08,Kolkata,72,25.9,35.2
2026-07-20,08,Chennai,77,34.0,51.8
2026-07-20,08,Hyderabad,41,4.4,5.7
2026-07-20,08,Pune,21,3.3,5.3
2026-07-20,08,Ahmedabad,64,14.4,26.9
2026-07-20,09,Delhi,190,34.7,62.2
2026-07-20,09,Mumbai,55,13.2,29.2
2026-07-20,09,Bengaluru,48,5.2,9.0
2026-07-20,09,Kolkata,72,23.7,33.5
2026-07-20,09,Chennai,78,30.2,45.1
2026-07-20,09,Hyderabad,41,4.4,6.0
2026-07-20,09,Pune,21,4.1,7.5
2026-07-20,09,Ahmedabad,64,14.3,28.0
2026-07-20,10,Delhi,188,36.8,90.8
2026-07-20,10,Mumbai,55,15.3,33.3
2026-07-20,10,Bengaluru,47,5.7,10.2
2026-07-20,10,Kolkata,73,23.6,34.6
2026-07-20,10,Chennai,79,27.4,39.7
2026-07-20,10,Hyderabad,42,4.7,6.9
2026-07-20,10,Pune,21,4.5,9.1
2026-07-20,10,Ahmedabad,64,14.6,29.9
2026-07-20,11,Delhi,183,39.5,110.6
2026-07-20,11,Mumbai,55,16.2,32.6
2026-07-20,11,Bengaluru,47,5.6,9.9
2026-07-20,11,Kolkata,74,23.4,34.7
2026-07-20,11,Chennai,79,25.7,37.1
2026-07-20,11,Hyderabad,42,5.0,8.2
2026-07-20,11,Pune,20,4.7,9.3
2026-07-20,11,Ahmedabad,64,14.3,30.5
2026-07-20,12,Delhi,177,42.3,126.2
2026-07-20,12,Mumbai,55,14.4,28.5
2026-07-20,12,Bengaluru,46,5.1,9.1
2026-07-20,12,Kolkata,75,22.2,32.5
2026-07-20,12,Chennai,79,23.6,34.0
2026-07-20,12,Hyderabad,42,6.1,11.4
2026-07-20,12,Pune,20,4.4,9.0
2026-07-20,12,Ahmedabad,63,12.8,27.5
2026-07-20,13,Delhi,170,51.9,199.3
2026-07-20,13,Mumbai,55,13.3,25.6
2026-07-20,13,Bengaluru,45,5.2,9.9
2026-07-20,13,Kolkata,76,20.9,29.0
2026-07-20,13,Chennai,79,22.8,32.7
2026-07-20,13,Hyderabad,42,7.9,15.5
2026-07-20,13,Pune,22,5.4,12.6
2026-07-20,13,Ahmedabad,63,11.9,25.2
2026-07-20,14,Delhi,168,61.0,265.4
2026-07-20,14,Mumbai,55,13.0,24.0
2026-07-20,14,Bengaluru,44,6.0,12.3
2026-07-20,14,Kolkata,76,19.1,24.8
2026-07-20,14,Chennai,79,24.2,35.0
2026-07-20,14,Hyderabad,43,6.3,12.7
2026-07-20,14,Pune,23,6.0,12.8
2026-07-20,14,Ahmedabad,63,11.2,24.2
2026-07-20,15,Delhi,166,67.5,297.1
2026-07-20,15,Mumbai,55,11.9,21.9
2026-07-20,15,Bengaluru,44,7.8,15.0
2026-07-20,15,Kolkata,77,17.5,22.2
2026-07-20,15,Chennai,79,23.1,33.1
2026-07-20,15,Hyderabad,43,7.3,14.1
2026-07-20,15,Pune,25,5.7,10.4
2026-07-20,15,Ahmedabad,62,11.6,26.4
2026-07-20,16,Delhi,165,73.6,320.4
2026-07-20,16,Mumbai,56,11.5,22.9
2026-07-20,16,Bengaluru,43,8.4,14.8
2026-07-20,16,Kolkata,77,16.6,20.7
2026-07-20,16,Chennai,79,21.1,30.7
2026-07-20,16,Hyderabad,43,7.9,14.6
2026-07-20,16,Pune,26,5.2,8.2
2026-07-20,16,Ahmedabad,62,15.7,38.6
2026-07-20,17,Delhi,163,35.4,75.2
2026-07-20,17,Mumbai,56,12.9,26.8
2026-07-20,17,Bengaluru,42,10.0,18.3
2026-07-20,17,Kolkata,77,20.3,22.2
2026-07-20,17,Chennai,79,27.2,40.7
2026-07-20,17,Hyderabad,43,7.5,11.1
2026-07-20,17,Pune,26,5.9,10.4
2026-07-20,17,Ahmedabad,62,14.8,34.7
2026-07-20,18,Delhi,160,41.2,76.1
2026-07-20,18,Mumbai,56,13.9,28.5
2026-07-20,18,Bengaluru,41,10.3,16.1
2026-07-20,18,Kolkata,78,20.1,22.0
2026-07-20,18,Chennai,79,25.6,36.4
2026-07-20,18,Hyderabad,42,9.0,12.4
2026-07-20,18,Pune,26,5.6,9.1
2026-07-20,18,Ahmedabad,62,15.3,31.5
2026-07-20,19,Delhi,158,54.4,83.6
2026-07-20,19,Mumbai,56,14.1,28.9
2026-07-20,19,Bengaluru,41,11.0,15.5
2026-07-20,19,Kolkata,77,20.0,21.8
2026-07-20,19,Chennai,79,23.2,32.4
2026-07-20,19,Hyderabad,40,8.2,11.6
2026-07-20,19,Pune,26,5.0,6.8
2026-07-20,19,Ahmedabad,62,15.4,25.6
2026-07-20,20,Delhi,156,63.6,86.4
2026-07-20,20,Mumbai,56,14.1,27.1
2026-07-20,20,Bengaluru,40,10.2,13.7
2026-07-20,20,Kolkata,77,19.1,20.8
2026-07-20,20,Chennai,79,21.9,30.4
2026-07-20,20,Hyderabad,38,6.9,10.0
2026-07-20,20,Pune,24,5.7,7.3
2026-07-20,20,Ahmedabad,62,15.0,22.5
2026-07-20,21,Delhi,155,62.4,82.2
2026-07-20,21,Mumbai,56,14.5,29.1
2026-07-20,21,Bengaluru,39,8.6,11.1
2026-07-20,21,Kolkata,77,18.5,20.3
2026-07-20,21,Chennai,79,20.9,28.5
2026-07-20,21,Hyderabad,36,6.0,8.5
2026-07-20,21,Pune,22,5.1,7.5
2026-07-20,21,Ahmedabad,61,16.1,22.2
2026-07-20,22,Delhi,153,59.5,77.8
2026-07-20,22,Mumbai,56,16.1,32.6
2026-07-20,22,Bengaluru,38,6.9,8.9
2026-07-20,22,Kolkata,76,19.3,20.8
2026-07-20,22,Chennai,79,20.0,27.6
2026-07-20,22,Hyderabad,34,5.4,7.1
2026-07-20,22,Pune,22,4.2,6.0
2026-07-20,22,Ahmedabad,61,17.7,24.4
2026-07-20,23,Delhi,152,51.1,64.0
2026-07-20,23,Mumbai,56,16.7,34.0
2026-07-20,23,Bengaluru,36,5.7,7.2
2026-07-20,23,Kolkata,76,19.0,20.4
2026-07-20,23,Chennai,78,19.0,27.0
2026-07-20,23,Hyderabad,32,4.8,6.3
2026-07-20,23,Pune,22,3.6,4.9
2026-07-20,23,Ahmedabad,61,18.2,26.6
2026-07-21,00,Delhi,151,42.3,51.3
2026-07-21,00,Mumbai,57,15.4,32.6
2026-07-21,00,Bengaluru,35,4.5,5.6
2026-07-21,00,Kolkata,76,15.7,17.2
2026-07-21,00,Chennai,78,17.5,24.9
2026-07-21,00,Hyderabad,31,4.2,5.4
2026-07-21,00,Pune,22,3.3,4.5
2026-07-21,00,Ahmedabad,61,18.6,29.5
2026-07-21,01,Delhi,148,34.9,41.4
2026-07-21,01,Mumbai,57,16.4,36.3
2026-07-21,01,Bengaluru,35,3.8,4.7
2026-07-21,01,Kolkata,75,14.3,15.7
2026-07-21,01,Chennai,78,16.1,22.7
2026-07-21,01,Hyderabad,31,3.9,5.1
2026-07-21,01,Pune,22,2.6,3.6
2026-07-21,01,Ahmedabad,61,19.6,31.7
2026-07-21,02,Delhi,143,31.4,36.2
2026-07-21,02,Mumbai,58,15.8,35.0
2026-07-21,02,Bengaluru,34,3.6,4.6
2026-07-21,02,Kolkata,74,12.3,13.6
2026-07-21,02,Chennai,78,14.5,20.0
2026-07-21,02,Hyderabad,31,3.9,5.0
2026-07-21,02,Pune,22,2.8,4.1
2026-07-21,02,Ahmedabad,61,19.3,31.1
2026-07-21,03,Delhi,136,30.6,33.9
2026-07-21,03,Mumbai,58,15.4,34.7
2026-07-21,03,Bengaluru,34,3.7,5.0
2026-07-21,03,Kolkata,72,11.4,12.7
2026-07-21,03,Chennai,78,12.8,17.0
2026-07-21,03,Hyderabad,31,4.0,5.2
2026-07-21,03,Pune,22,2.5,3.7
2026-07-21,03,Ahmedabad,62,18.3,29.0
2026-07-21,04,Delhi,130,27.8,29.3
2026-07-21,04,Mumbai,59,16.1,36.9
2026-07-21,04,Bengaluru,34,4.0,5.6
2026-07-21,04,Kolkata,71,11.7,13.0
2026-07-21,04,Chennai,77,11.4,14.3
2026-07-21,04,Hyderabad,31,4.2,5.5
2026-07-21,04,Pune,23,2.7,4.0
2026-07-21,04,Ahmedabad,62,16.8,26.0
2026-07-21,05,Delhi,123,18.7,20.7
2026-07-21,05,Mumbai,59,16.4,38.0
2026-07-21,05,Bengaluru,34,4.2,5.7
2026-07-21,05,Kolkata,70,8.7,9.6
2026-07-21,05,Chennai,77,22.5,29.9
2026-07-21,05,Hyderabad,31,4.0,6.4
2026-07-21,05,Pune,23,3.0,5.3
2026-07-21,05,Ahmedabad,62,15.9,24.0
2026-07-21,06,Delhi,121,20.3,21.3
2026-07-21,06,Mumbai,60,16.0,37.3
2026-07-21,06,Bengaluru,34,4.7,6.4
2026-07-21,06,Kolkata,69,9.5,10.4
2026-07-21,06,Chennai,76,23.4,30.5
2026-07-21,06,Hyderabad,31,5.4,8.3
2026-07-21,06,Pune,23,2.6,4.5
2026-07-21,06,Ahmedabad,62,15.8,23.8
2026-07-21,07,Delhi,120,21.2,21.9
2026-07-21,07,Mumbai,60,15.4,33.4
2026-07-21,07,Bengaluru,34,5.7,7.5
2026-07-21,07,Kolkata,68,9.6,10.4
2026-07-21,07,Chennai,76,25.4,32.6
2026-07-21,07,Hyderabad,32,7.1,10.4
2026-07-21,07,Pune,23,3.2,4.7
2026-07-21,07,Ahmedabad,62,14.3,22.6
2026-07-21,08,Delhi,119,22.3,22.8
2026-07-21,08,Mumbai,61,16.5,35.5
2026-07-21,08,Bengaluru,35,6.7,10.3
2026-07-21,08,Kolkata,66,9.1,9.7
2026-07-21,08,Chennai,75,25.4,33.4
2026-07-21,08,Hyderabad,32,8.6,14.2
2026-07-21,08,Pune,23,4.0,6.7
2026-07-21,08,Ahmedabad,62,13.2,21.6
2026-07-21,09,Delhi,118,15.5,16.1
2026-07-21,09,Mumbai,61,17.6,36.3
2026-07-21,09,Bengaluru,35,7.9,15.0
2026-07-21,09,Kolkata,65,10.9,11.5
2026-07-21,09,Chennai,74,22.0,29.5
2026-07-21,09,Hyderabad,33,9.8,15.3
2026-07-21,09,Pune,24,5.8,10.0
2026-07-21,09,Ahmedabad,62,12.5,21.5
2026-07-21,10,Delhi,116,13.0,13.5
2026-07-21,10,Mumbai,61,17.5,35.5
2026-07-21,10,Bengaluru,36,8.8,16.8
2026-07-21,10,Kolkata,64,12.1,12.8
2026-07-21,10,Chennai,74,20.9,28.5
2026-07-21,10,Hyderabad,34,9.6,15.8
2026-07-21,10,Pune,24,7.0,12.4
2026-07-21,10,Ahmedabad,62,12.6,24.3
2026-07-21,11,Delhi,113,12.0,12.4
2026-07-21,11,Mumbai,61,17.0,34.5
2026-07-21,11,Bengaluru,37,9.0,17.2
2026-07-21,11,Kolkata,63,13.2,13.7
2026-07-21,11,Chennai,73,21.8,30.5
2026-07-21,11,Hyderabad,35,9.3,16.1
2026-07-21,11,Pune,25,8.4,16.1
2026-07-21,11,Ahmedabad,62,14.4,31.5
2026-07-21,12,Delhi,111,11.7,12.0
2026-07-21,12,Mumbai,61,15.7,31.4
2026-07-21,12,Bengaluru,37,9.0,17.5
2026-07-21,12,Kolkata,62,14.6,15.0
2026-07-21,12,Chennai,73,24.8,35.3
2026-07-21,12,Hyderabad,36,10.2,17.1
2026-07-21,12,Pune,25,9.2,17.5
2026-07-21,12,Ahmedabad,62,14.7,33.6
2026-07-21,13,Delhi,107,12.1,12.4
2026-07-21,13,Mumbai,62,15.0,32.0
2026-07-21,13,Bengaluru,38,8.8,17.0
2026-07-21,13,Kolkata,62,14.3,14.7
2026-07-21,13,Chennai,73,28.6,41.0
2026-07-21,13,Hyderabad,37,11.4,19.2
2026-07-21,13,Pune,27,7.9,15.0
2026-07-21,13,Ahmedabad,62,15.4,36.0
2026-07-21,14,Delhi,103,13.6,13.8
2026-07-21,14,Mumbai,62,14.8,32.2
2026-07-21,14,Bengaluru,39,8.7,16.8
2026-07-21,14,Kolkata,61,13.2,13.5
2026-07-21,14,Chennai,73,29.7,45.1
2026-07-21,14,Hyderabad,38,12.1,19.6
2026-07-21,14,Pune,27,4.5,7.8
2026-07-21,14,Ahmedabad,62,17.6,40.3
2026-07-21,15,Delhi,99,13.5,13.7
2026-07-21,15,Mumbai,62,15.0,33.9
2026-07-21,15,Bengaluru,40,8.8,17.2
2026-07-21,15,Kolkata,61,12.8,13.0
2026-07-21,15,Chennai,74,28.3,42.5
2026-07-21,15,Hyderabad,40,12.7,19.7
2026-07-21,15,Pune,27,3.7,5.8
2026-07-21,15,Ahmedabad,63,21.3,51.5
2026-07-21,16,Delhi,95,15.1,15.3
2026-07-21,16,Mumbai,62,14.6,32.8
2026-07-21,16,Bengaluru,40,8.9,17.4
2026-07-21,16,Kolkata,60,13.3,13.5
2026-07-21,16,Chennai,75,26.9,41.0
2026-07-21,16,Hyderabad,41,13.5,20.7
2026-07-21,16,Pune,26,4.4,7.5
2026-07-21,16,Ahmedabad,64,23.0,55.5
2026-07-21,17,Delhi,90,30.2,31.3
2026-07-21,17,Mumbai,62,14.4,33.6
2026-07-21,17,Bengaluru,40,9.6,17.8
2026-07-21,17,Kolkata,60,10.0,10.2
2026-07-21,17,Chennai,93,28.9,42.5
2026-07-21,17,Hyderabad,42,14.2,25.6
2026-07-21,17,Pune,26,6.0,10.4
2026-07-21,17,Ahmedabad,64,17.2,35.5
2026-07-21,18,Delhi,89,36.4,37.1
2026-07-21,18,Mumbai,62,13.6,28.8
2026-07-21,18,Bengaluru,40,10.7,16.8
2026-07-21,18,Kolkata,59,12.7,12.8
2026-07-21,18,Chennai,103,28.7,41.1
2026-07-21,18,Hyderabad,44,14.0,23.1
2026-07-21,18,Pune,26,5.1,8.5
2026-07-21,18,Ahmedabad,64,16.1,31.0
2026-07-21,19,Delhi,89,39.9,40.4
2026-07-21,19,Mumbai,62,14.6,32.6
2026-07-21,19,Bengaluru,40,11.7,16.5
2026-07-21,19,Kolkata,59,15.5,15.7
2026-07-21,19,Chennai,105,27.8,38.5
2026-07-21,19,Hyderabad,45,12.3,19.6
2026-07-21,19,Pune,26,4.2,6.4
2026-07-21,19,Ahmedabad,64,16.4,27.1
2026-07-21,20,Delhi,88,35.2,35.4
2026-07-21,20,Mumbai,62,15.0,33.8
2026-07-21,20,Bengaluru,40,11.4,15.3
2026-07-21,20,Kolkata,58,19.6,19.9
2026-07-21,20,Chennai,100,27.4,37.3
2026-07-21,20,Hyderabad,46,11.6,17.8
2026-07-21,20,Pune,26,3.9,5.6
2026-07-21,20,Ahmedabad,64,16.5,25.5
2026-07-21,21,Delhi,86,32.7,32.8
2026-07-21,21,Mumbai,63,14.7,31.8
2026-07-21,21,Bengaluru,41,10.5,13.9
2026-07-21,21,Kolkata,58,22.8,23.2
2026-07-21,21,Chennai,89,26.8,35.6
2026-07-21,21,Hyderabad,47,9.8,14.1
2026-07-21,21,Pune,25,3.8,5.5
2026-07-21,21,Ahmedabad,65,16.4,25.0
2026-07-21,22,Delhi,83,32.2,32.4
2026-07-21,22,Mumbai,63,15.7,35.7
2026-07-21,22,Bengaluru,41,10.0,13.2
2026-07-21,22,Kolkata,59,23.2,23.6
2026-07-21,22,Chennai,76,27.6,36.7
2026-07-21,22,Hyderabad,48,7.9,10.8
2026-07-21,22,Pune,25,3.0,4.1
2026-07-21,22,Ahmedabad,65,16.8,25.6
2026-07-21,23,Delhi,81,31.3,31.4
2026-07-21,23,Mumbai,63,14.3,33.4
2026-07-21,23,Bengaluru,42,8.9,11.6
2026-07-21,23,Kolkata,59,20.1,20.6
2026-07-21,23,Chennai,77,27.8,36.9
2026-07-21,23,Hyderabad,48,6.4,8.5
2026-07-21,23,Pune,25,2.4,3.0
2026-07-21,23,Ahmedabad,65,17.2,26.8
2026-07-22,00,Delhi,80,30.3,30.3
2026-07-22,00,Mumbai,62,13.9,34.8
2026-07-22,00,Bengaluru,43,7.7,10.1
2026-07-22,00,Kolkata,59,16.0,16.6
2026-07-22,00,Chennai,78,25.7,37.3
2026-07-22,00,Hyderabad,49,5.0,6.6
2026-07-22,00,Pune,25,1.8,2.4
2026-07-22,00,Ahmedabad,64,17.1,28.1
2026-07-22,01,Delhi,79,30.0,30.2
2026-07-22,01,Mumbai,62,13.4,33.4
2026-07-22,01,Bengaluru,43,7.0,9.4
2026-07-22,01,Kolkata,59,13.3,13.9
2026-07-22,01,Chennai,78,22.8,34.1
2026-07-22,01,Hyderabad,49,4.2,5.4
2026-07-22,01,Pune,24,1.8,2.5
2026-07-22,01,Ahmedabad,64,16.6,28.5
2026-07-22,02,Delhi,78,29.3,29.3
2026-07-22,02,Mumbai,62,11.8,27.3
2026-07-22,02,Bengaluru,44,6.5,8.8
2026-07-22,02,Kolkata,59,12.4,13.0
2026-07-22,02,Chennai,79,21.9,32.4
2026-07-22,02,Hyderabad,49,3.7,4.8
2026-07-22,02,Pune,24,1.7,2.5
2026-07-22,02,Ahmedabad,64,15.7,27.3
2026-07-22,03,Delhi,78,29.5,29.6
2026-07-22,03,Mumbai,62,12.4,30.0
2026-07-22,03,Bengaluru,45,6.2,8.3
2026-07-22,03,Kolkata,59,11.9,12.4
2026-07-22,03,Chennai,79,22.5,33.2
2026-07-22,03,Hyderabad,49,3.6,4.9
2026-07-22,03,Pune,24,1.3,1.6
2026-07-22,03,Ahmedabad,64,12.9,22.9
2026-07-22,04,Delhi,78,29.6,29.8
2026-07-22,04,Mumbai,61,11.9,28.3
2026-07-22,04,Bengaluru,45,5.6,7.5
2026-07-22,04,Kolkata,59,10.4,10.8
2026-07-22,04,Chennai,80,22.3,32.2
2026-07-22,04,Hyderabad,49,3.8,5.7
2026-07-22,04,Pune,23,1.0,1.1
2026-07-22,04,Ahmedabad,63,10.7,18.7
2026-07-22,05,Delhi,78,36.1,36.4
2026-07-22,05,Mumbai,61,13.2,35.4
2026-07-22,05,Bengaluru,46,4.7,6.4
2026-07-22,05,Kolkata,59,8.1,8.2
2026-07-22,05,Chennai,81,23.0,28.9
2026-07-22,05,Hyderabad,49,3.8,5.7
2026-07-22,05,Pune,23,2.4,4.3
2026-07-22,05,Ahmedabad,63,13.0,23.4
2026-07-22,06,Delhi,80,35.2,35.6
2026-07-22,06,Mumbai,61,10.5,26.3
2026-07-22,06,Bengaluru,46,4.6,6.1
2026-07-22,06,Kolkata,59,9.9,10.0
2026-07-22,06,Chennai,81,21.7,26.6
2026-07-22,06,Hyderabad,49,3.9,5.4
2026-07-22,06,Pune,23,2.5,4.7
2026-07-22,06,Ahmedabad,63,11.5,20.3
2026-07-22,07,Delhi,81,35.3,35.7
2026-07-22,07,Mumbai,60,8.8,18.6
2026-07-22,07,Bengaluru,46,5.2,6.4
2026-07-22,07,Kolkata,59,8.8,8.9
2026-07-22,07,Chennai,81,21.4,25.7
2026-07-22,07,Hyderabad,48,4.5,5.7
2026-07-22,07,Pune,23,3.4,5.8
2026-07-22,07,Ahmedabad,62,11.2,19.4
2026-07-22,08,Delhi,82,36.7,37.1
2026-07-22,08,Mumbai,60,9.0,17.6
2026-07-22,08,Bengaluru,46,4.9,5.8
2026-07-22,08,Kolkata,59,8.1,8.4
2026-07-22,08,Chennai,81,19.8,24.5
2026-07-22,08,Hyderabad,48,4.9,6.4
2026-07-22,08,Pune,23,4.2,6.7
2026-07-22,08,Ahmedabad,62,10.7,21.4
2026-07-22,09,Delhi,83,37.4,38.1
2026-07-22,09,Mumbai,59,10.4,20.8
2026-07-22,09,Bengaluru,45,4.5,5.4
2026-07-22,09,Kolkata,59,7.1,7.6
2026-07-22,09,Chennai,80,18.3,23.5
2026-07-22,09,Hyderabad,47,5.7,7.5
2026-07-22,09,Pune,23,5.3,7.9
2026-07-22,09,Ahmedabad,62,11.5,23.5
2026-07-22,10,Delhi,85,33.8,34.5
2026-07-22,10,Mumbai,59,11.2,22.8
2026-07-22,10,Bengaluru,44,4.1,5.4
2026-07-22,10,Kolkata,58,7.3,7.6
2026-07-22,10,Chennai,80,17.9,24.1
2026-07-22,10,Hyderabad,46,5.6,8.2
2026-07-22,10,Pune,23,5.9,8.8
2026-07-22,10,Ahmedabad,62,12.7,26.7
2026-07-22,11,Delhi,86,41.2,104.8
2026-07-22,11,Mumbai,58,11.0,21.4
2026-07-22,11,Bengaluru,43,4.0,5.6
2026-07-22,11,Kolkata,58,6.9,7.2
2026-07-22,11,Chennai,80,18.3,24.9
2026-07-22,11,Hyderabad,45,6.6,10.0
2026-07-22,11,Pune,23,5.9,8.6
2026-07-22,11,Ahmedabad,62,13.6,29.2
2026-07-22,12,Delhi,89,42.3,125.3
2026-07-22,12,Mumbai,58,10.9,21.6
2026-07-22,12,Bengaluru,42,4.0,5.9
2026-07-22,12,Kolkata,58,7.6,7.8
2026-07-22,12,Chennai,79,20.4,28.5
2026-07-22,12,Hyderabad,44,7.4,11.6
2026-07-22,12,Pune,22,4.0,6.0
2026-07-22,12,Ahmedabad,62,15.0,30.3
2026-07-22,13,Delhi,91,37.4,85.9
2026-07-22,13,Mumbai,57,12.5,27.6
2026-07-22,13,Bengaluru,41,4.1,6.1
2026-07-22,13,Kolkata,57,8.9,9.1
2026-07-22,13,Chennai,79,22.3,32.1
2026-07-22,13,Hyderabad,44,7.7,11.7
2026-07-22,13,Pune,21,3.5,5.4
2026-07-22,13,Ahmedabad,62,15.1,31.4
2026-07-22,14,Delhi,93,39.5,95.5
2026-07-22,14,Mumbai,57,12.8,30.0
2026-07-22,14,Bengaluru,40,4.2,6.8
2026-07-22,14,Kolkata,57,9.0,9.3
2026-07-22,14,Chennai,78,22.4,32.9
2026-07-22,14,Hyderabad,43,7.5,11.4
2026-07-22,14,Pune,20,3.5,4.8
2026-07-22,14,Ahmedabad,62,15.3,31.8
2026-07-22,15,Delhi,107,40.3,98.7
2026-07-22,15,Mumbai,57,11.9,26.7
2026-07-22,15,Bengaluru,39,5.2,8.1
2026-07-22,15,Kolkata,56,9.8,10.3
2026-07-22,15,Chennai,78,21.8,32.5
2026-07-22,15,Hyderabad,42,7.9,11.4
2026-07-22,15,Pune,20,2.8,3.4
2026-07-22,15,Ahmedabad,62,15.2,32.2
2026-07-22,16,Delhi,129,35.3,71.9
2026-07-22,16,Mumbai,57,11.7,25.5
2026-07-22,16,Bengaluru,38,5.1,7.5
2026-07-22,16,Kolkata,56,11.8,12.6
2026-07-22,16,Chennai,77,21.1,30.4
2026-07-22,16,Hyderabad,41,8.7,12.5
2026-07-22,16,Pune,19,3.5,6.6
2026-07-22,16,Ahmedabad,61,16.0,33.9
2026-07-22,17,Delhi,143,14.7,16.4
2026-07-22,17,Mumbai,57,12.7,31.2
2026-07-22,17,Bengaluru,37,5.9,8.7
2026-07-22,17,Kolkata,56,11.8,12.2
2026-07-22,17,Chennai,77,24.4,35.2
2026-07-22,17,Hyderabad,40,8.8,13.0
2026-07-22,17,Pune,20,8.6,21.1
2026-07-22,17,Ahmedabad,61,15.8,35.2
2026-07-22,18,Delhi,151,17.3,18.2
2026-07-22,18,Mumbai,56,10.3,21.2
2026-07-22,18,Bengaluru,36,7.2,10.0
2026-07-22,18,Kolkata,56,13.5,14.2
2026-07-22,18,Chennai,77,25.0,34.7
2026-07-22,18,Hyderabad,38,8.9,12.1
2026-07-22,18,Pune,20,7.6,16.9
2026-07-22,18,Ahmedabad,60,18.6,33.8
2026-07-22,19,Delhi,146,23.9,24.3
2026-07-22,19,Mumbai,56,8.5,15.8
2026-07-22,19,Bengaluru,35,9.0,11.8
2026-07-22,19,Kolkata,56,14.8,15.9
2026-07-22,19,Chennai,76,25.1,34.9
2026-07-22,19,Hyderabad,37,8.6,12.0
2026-07-22,19,Pune,20,6.1,12.7
2026-07-22,19,Ahmedabad,61,18.9,31.4
2026-07-22,20,Delhi,129,25.4,25.6
2026-07-22,20,Mumbai,56,8.0,14.3
2026-07-22,20,Bengaluru,35,8.9,11.7
2026-07-22,20,Kolkata,56,16.5,18.2
2026-07-22,20,Chennai,76,24.1,33.2
2026-07-22,20,Hyderabad,36,8.4,11.8
2026-07-22,20,Pune,21,5.9,12.2
2026-07-22,20,Ahmedabad,61,17.3,27.1
2026-07-22,21,Delhi,103,23.3,23.7
2026-07-22,21,Mumbai,55,9.0,17.3
2026-07-22,21,Bengaluru,34,8.5,11.4
2026-07-22,21,Kolkata,56,18.2,21.0
2026-07-22,21,Chennai,76,23.5,31.9
2026-07-22,21,Hyderabad,35,7.8,10.9
2026-07-22,21,Pune,21,4.8,9.2
2026-07-22,21,Ahmedabad,61,14.9,22.6
2026-07-22,22,Delhi,93,21.0,21.2
2026-07-22,22,Mumbai,55,10.0,19.4
2026-07-22,22,Bengaluru,34,8.2,11.3
2026-07-22,22,Kolkata,55,19.2,23.0
2026-07-22,22,Chennai,76,24.0,31.7
2026-07-22,22,Hyderabad,35,7.7,11.4
2026-07-22,22,Pune,22,3.2,5.9
2026-07-22,22,Ahmedabad,61,14.1,21.0
2026-07-22,23,Delhi,92,17.6,17.9
2026-07-22,23,Mumbai,54,11.4,23.9
2026-07-22,23,Bengaluru,33,7.8,11.3
2026-07-22,23,Kolkata,55,19.3,23.8
2026-07-22,23,Chennai,75,24.7,31.7
2026-07-22,23,Hyderabad,35,7.7,12.2
2026-07-22,23,Pune,22,3.5,7.5
2026-07-22,23,Ahmedabad,61,13.3,20.7
2026-07-23,00,Delhi,91,14.9,15.1
2026-07-23,00,Mumbai,54,11.0,23.1
2026-07-23,00,Bengaluru,33,7.2,11.1
2026-07-23,00,Kolkata,55,17.7,22.9
2026-07-23,00,Chennai,75,24.9,31.9
2026-07-23,00,Hyderabad,35,7.1,11.1
2026-07-23,00,Pune,22,3.4,7.4
2026-07-23,00,Ahmedabad,60,12.8,21.1
2026-07-23,01,Delhi,90,21.2,73.1
2026-07-23,01,Mumbai,54,11.5,24.6
2026-07-23,01,Bengaluru,33,6.7,11.1
2026-07-23,01,Kolkata,55,15.1,20.0
2026-07-23,01,Chennai,75,24.7,31.8
2026-07-23,01,Hyderabad,36,6.3,9.3
2026-07-23,01,Pune,22,4.1,9.7
2026-07-23,01,Ahmedabad,60,12.3,21.4
2026-07-23,02,Delhi,89,24.9,88.7
2026-07-23,02,Mumbai,54,12.2,28.2
2026-07-23,02,Bengaluru,33,6.6,11.3
2026-07-23,02,Kolkata,55,13.2,17.2
2026-07-23,02,Chennai,75,24.6,32.1
2026-07-23,02,Hyderabad,36,5.8,7.9
2026-07-23,02,Pune,23,5.3,12.8
2026-07-23,02,Ahmedabad,60,12.4,22.4
2026-07-23,03,Delhi,89,28.7,98.5
2026-07-23,03,Mumbai,54,11.4,25.3
2026-07-23,03,Bengaluru,33,6.7,12.0
2026-07-23,03,Kolkata,55,13.3,16.6
2026-07-23,03,Chennai,75,25.0,32.9
2026-07-23,03,Hyderabad,37,5.3,7.0
2026-07-23,03,Pune,24,6.7,16.0
2026-07-23,03,Ahmedabad,59,12.4,23.2
2026-07-23,04,Delhi,89,34.2,127.1
2026-07-23,04,Mumbai,54,11.1,24.0
2026-07-23,04,Bengaluru,33,6.8,12.6
2026-07-23,04,Kolkata,56,14.2,17.1
2026-07-23,04,Chennai,76,25.1,32.9
2026-07-23,04,Hyderabad,37,4.9,6.5
2026-07-23,04,Pune,25,7.8,18.6
2026-07-23,04,Ahmedabad,59,12.0,23.1
2026-07-23,05,Delhi,89,30.7,75.9
2026-07-23,05,Mumbai,54,7.0,13.7
2026-07-23,05,Bengaluru,33,5.6,10.3
2026-07-23,05,Kolkata,56,21.0,24.5
2026-07-23,05,Chennai,76,22.1,28.9
2026-07-23,05,Hyderabad,37,4.2,5.9
2026-07-23,05,Pune,26,16.9,44.6
2026-07-23,05,Ahmedabad,59,10.2,15.9
2026-07-23,06,Delhi,89,33.5,88.2
2026-07-23,06,Mumbai,53,6.1,12.3
2026-07-23,06,Bengaluru,34,5.4,9.2
2026-07-23,06,Kolkata,57,25.0,28.0
2026-07-23,06,Chennai,76,21.7,27.8
2026-07-23,06,Hyderabad,37,4.7,7.4
2026-07-23,06,Pune,30,15.3,36.2
2026-07-23,06,Ahmedabad,59,10.4,16.5
2026-07-23,07,Delhi,89,38.6,116.6
2026-07-23,07,Mumbai,53,7.7,16.2
2026-07-23,07,Bengaluru,34,5.5,8.7
2026-07-23,07,Kolkata,58,29.4,32.2
2026-07-23,07,Chennai,76,21.9,27.7
2026-07-23,07,Hyderabad,38,6.2,10.7
2026-07-23,07,Pune,33,18.2,43.3
2026-07-23,07,Ahmedabad,59,11.4,17.9
2026-07-23,08,Delhi,89,28.3,43.4
2026-07-23,08,Mumbai,53,9.4,19.3
2026-07-23,08,Bengaluru,34,4.9,7.5
2026-07-23,08,Kolkata,60,23.9,27.8
2026-07-23,08,Chennai,76,20.7,27.2
2026-07-23,08,Hyderabad,38,7.2,12.7
2026-07-23,08,Pune,36,19.5,44.2
2026-07-23,08,Ahmedabad,59,12.5,18.7
2026-07-23,09,Delhi,88,23.1,26.5
2026-07-23,09,Mumbai,53,11.6,24.4
2026-07-23,09,Bengaluru,34,4.6,6.8
2026-07-23,09,Kolkata,61,21.2,25.3
2026-07-23,09,Chennai,76,20.0,28.4
2026-07-23,09,Hyderabad,39,8.2,15.8
2026-07-23,09,Pune,40,17.0,35.2
2026-07-23,09,Ahmedabad,59,13.0,19.7
2026-07-23,10,Delhi,87,21.5,22.1
2026-07-23,10,Mumbai,53,13.1,26.3
2026-07-23,10,Bengaluru,34,4.5,7.0
2026-07-23,10,Kolkata,62,17.8,21.3
2026-07-23,10,Chennai,76,21.0,31.1
2026-07-23,10,Hyderabad,39,10.0,21.8
2026-07-23,10,Pune,42,9.4,16.8
2026-07-23,10,Ahmedabad,59,12.9,21.4
2026-07-23,11,Delhi,86,20.5,20.7
2026-07-23,11,Mumbai,53,11.9,24.4
2026-07-23,11,Bengaluru,34,4.6,7.8
2026-07-23,11,Kolkata,63,16.5,19.2
2026-07-23,11,Chennai,76,22.5,33.8
2026-07-23,11,Hyderabad,40,11.0,24.0
2026-07-23,11,Pune,43,3.2,4.5
2026-07-23,11,Ahmedabad,59,14.3,28.5
2026-07-23,12,Delhi,85,20.4,20.7
2026-07-23,12,Mumbai,53,11.3,22.3
2026-07-23,12,Bengaluru,34,4.8,8.7
2026-07-23,12,Kolkata,64,15.7,18.5
2026-07-23,12,Chennai,76,22.5,33.6
2026-07-23,12,Hyderabad,41,11.5,26.0
2026-07-23,12,Pune,43,1.7,1.8
2026-07-23,12,Ahmedabad,59,16.1,35.0
2026-07-23,13,Delhi,83,33.3,128.1
2026-07-23,13,Mumbai,53,12.8,28.3
2026-07-23,13,Bengaluru,34,5.4,10.8
2026-07-23,13,Kolkata,64,15.9,18.9
2026-07-23,13,Chennai,77,22.2,33.2
2026-07-23,13,Hyderabad,42,11.7,26.4
2026-07-23,13,Pune,42,2.9,3.7
2026-07-23,13,Ahmedabad,60,17.7,40.2
2026-07-23,14,Delhi,83,28.2,74.7
2026-07-23,14,Mumbai,53,14.1,31.0
2026-07-23,14,Bengaluru,35,6.4,13.3
2026-07-23,14,Kolkata,65,14.4,17.9
2026-07-23,14,Chennai,77,21.8,32.4
2026-07-23,14,Hyderabad,43,11.8,26.3
2026-07-23,14,Pune,42,2.3,2.6
2026-07-23,14,Ahmedabad,60,17.7,37.1
2026-07-23,15,Delhi,99,28.9,79.2
2026-07-23,15,Mumbai,53,14.0,29.7
2026-07-23,15,Bengaluru,35,6.9,14.4
2026-07-23,15,Kolkata,65,12.8,15.8
2026-07-23,15,Chennai,77,20.6,30.5
2026-07-23,15,Hyderabad,44,14.0,31.7
2026-07-23,15,Pune,42,2.0,2.3
2026-07-23,15,Ahmedabad,60,17.1,33.8
2026-07-23,16,Delhi,116,31.0,73.8
2026-07-23,16,Mumbai,53,13.6,28.5
2026-07-23,16,Bengaluru,35,7.2,14.3
2026-07-23,16,Kolkata,65,12.5,15.1
2026-07-23,16,Chennai,77,19.5,28.7
2026-07-23,16,Hyderabad,45,17.2,35.5
2026-07-23,16,Pune,41,1.9,2.8
2026-07-23,16,Ahmedabad,60,16.7,31.7
2026-07-23,17,Delhi,128,22.5,22.6
2026-07-23,17,Mumbai,53,15.0,36.9
2026-07-23,17,Bengaluru,36,10.0,19.2
2026-07-23,17,Kolkata,65,14.6,16.0
2026-07-23,17,Chennai,76,20.3,29.7
2026-07-23,17,Hyderabad,47,23.3,46.6
2026-07-23,17,Pune,41,5.7,11.3
2026-07-23,17,Ahmedabad,60,12.9,23.8
2026-07-23,18,Delhi,132,27.6,27.7
2026-07-23,18,Mumbai,54,17.8,42.0
2026-07-23,18,Bengaluru,37,10.7,17.2
2026-07-23,18,Kolkata,66,16.5,18.7
2026-07-23,18,Chennai,76,21.2,30.3
2026-07-23,18,Hyderabad,50,26.9,52.7
2026-07-23,18,Pune,40,4.3,7.6
2026-07-23,18,Ahmedabad,60,12.1,21.3
2026-07-23,19,Delhi,126,28.8,28.9
2026-07-23,19,Mumbai,54,16.8,39.2
2026-07-23,19,Bengaluru,38,11.9,17.4
2026-07-23,19,Kolkata,66,19.3,22.8
2026-07-23,19,Chennai,76,21.5,30.4
2026-07-23,19,Hyderabad,52,27.9,51.9
2026-07-23,19,Pune,40,3.6,6.0
2026-07-23,19,Ahmedabad,59,12.1,20.1
2026-07-23,20,Delhi,113,28.8,28.8
2026-07-23,20,Mumbai,55,16.0,35.7
2026-07-23,20,Bengaluru,38,12.4,17.9
2026-07-23,20,Kolkata,66,21.7,26.3
2026-07-23,20,Chennai,75,20.8,29.5
2026-07-23,20,Hyderabad,53,27.9,50.1
2026-07-23,20,Pune,39,4.3,8.1
2026-07-23,20,Ahmedabad,59,11.7,19.6
2026-07-23,21,Delhi,95,29.5,29.5
2026-07-23,21,Mumbai,55,16.1,36.4
2026-07-23,21,Bengaluru,39,12.2,17.4
2026-07-23,21,Kolkata,67,23.1,29.0
2026-07-23,21,Chennai,75,20.3,29.3
2026-07-23,21,Hyderabad,55,26.4,47.0
2026-07-23,21,Pune,39,4.0,7.5
2026-07-23,21,Ahmedabad,58,11.6,20.0
2026-07-23,22,Delhi,83,30.0,30.2
2026-07-23,22,Mumbai,56,16.4,37.0
2026-07-23,22,Bengaluru,40,11.3,15.7
2026-07-23,22,Kolkata,67,23.0,29.7
2026-07-23,22,Chennai,75,20.1,29.1
2026-07-23,22,Hyderabad,56,24.3,44.7
2026-07-23,22,Pune,38,3.4,6.0
2026-07-23,22,Ahmedabad,58,10.7,18.9
2026-07-23,23,Delhi,84,30.0,30.0
2026-07-23,23,Mumbai,57,17.2,36.4
2026-07-23,23,Bengaluru,41,9.7,13.2
2026-07-23,23,Kolkata,67,22.2,30.0
2026-07-23,23,Chennai,75,19.4,28.8
2026-07-23,23,Hyderabad,58,23.3,44.8
2026-07-23,23,Pune,39,3.4,6.4
2026-07-23,23,Ahmedabad,58,9.9,17.5
2026-07-24,00,Delhi,85,30.5,30.6
2026-07-24,00,Mumbai,57,14.1,29.5
2026-07-24,00,Bengaluru,41,6.9,9.3
2026-07-24,00,Kolkata,68,18.5,25.0
2026-07-24,00,Chennai,74,18.5,27.8
2026-07-24,00,Hyderabad,59,23.1,44.9
2026-07-24,00,Pune,38,3.1,6.2
2026-07-24,00,Ahmedabad,58,8.3,15.2
2026-07-24,01,Delhi,86,31.7,31.8
2026-07-24,01,Mumbai,57,14.2,33.9
2026-07-24,01,Bengaluru,41,5.8,8.4
2026-07-24,01,Kolkata,68,17.2,22.8
2026-07-24,01,Chennai,74,17.5,25.8
2026-07-24,01,Hyderabad,60,23.0,43.2
2026-07-24,01,Pune,38,2.7,5.4
2026-07-24,01,Ahmedabad,57,7.4,14.0
2026-07-24,02,Delhi,87,33.5,33.6
2026-07-24,02,Mumbai,57,12.7,29.9
2026-07-24,02,Bengaluru,41,5.7,9.3
2026-07-24,02,Kolkata,68,18.0,23.2
2026-07-24,02,Chennai,73,17.1,24.8
2026-07-24,02,Hyderabad,61,21.0,37.5
2026-07-24,02,Pune,38,2.7,5.2
2026-07-24,02,Ahmedabad,57,6.1,11.6
2026-07-24,03,Delhi,88,35.0,35.2
2026-07-24,03,Mumbai,58,11.8,26.4
2026-07-24,03,Bengaluru,41,5.9,10.6
2026-07-24,03,Kolkata,68,19.9,24.7
2026-07-24,03,Chennai,73,17.5,24.5
2026-07-24,03,Hyderabad,63,17.6,29.9
2026-07-24,03,Pune,38,2.3,4.3
2026-07-24,03,Ahmedabad,56,5.2,9.0
2026-07-24,04,Delhi,88,35.6,35.6
2026-07-24,04,Mumbai,58,13.7,36.7
2026-07-24,04,Bengaluru,41,6.1,11.4
2026-07-24,04,Kolkata,69,21.6,26.1
2026-07-24,04,Chennai,72,18.1,24.6
2026-07-24,04,Hyderabad,63,14.6,23.6
2026-07-24,04,Pune,36,2.3,4.4
2026-07-24,04,Ahmedabad,56,4.7,7.6
2026-07-24,05,Delhi,88,37.7,37.7
2026-07-24,05,Mumbai,58,13.2,33.3
2026-07-24,05,Bengaluru,40,3.5,6.0
2026-07-24,05,Kolkata,69,13.3,14.3
2026-07-24,05,Chennai,71,17.8,24.7
2026-07-24,05,Hyderabad,64,12.6,21.2
2026-07-24,05,Pune,35,2.7,5.6
2026-07-24,05,Ahmedabad,55,9.0,17.3
2026-07-24,06,Delhi,89,37.7,37.7
2026-07-24,06,Mumbai,58,13.6,34.5
2026-07-24,06,Bengaluru,40,3.8,5.8
2026-07-24,06,Kolkata,69,15.3,16.2
2026-07-24,06,Chennai,71,18.7,25.0
2026-07-24,06,Hyderabad,65,12.0,20.1
2026-07-24,06,Pune,32,2.3,4.6
2026-07-24,06,Ahmedabad,55,9.7,18.9
2026-07-24,07,Delhi,89,34.3,34.5
2026-07-24,07,Mumbai,59,13.9,34.2
2026-07-24,07,Bengaluru,40,4.6,6.3
2026-07-24,07,Kolkata,68,16.9,17.8
2026-07-24,07,Chennai,71,20.8,27.7
2026-07-24,07,Hyderabad,65,11.5,18.3
2026-07-24,07,Pune,29,3.3,6.2
2026-07-24,07,Ahmedabad,55,10.2,19.0
2026-07-24,08,Delhi,89,31.5,31.5
2026-07-24,08,Mumbai,59,14.1,34.5
2026-07-24,08,Bengaluru,39,4.2,5.6
2026-07-24,08,Kolkata,67,15.9,17.8
2026-07-24,08,Chennai,71,21.5,29.3
2026-07-24,08,Hyderabad,66,11.3,18.2
2026-07-24,08,Pune,25,4.4,8.3
2026-07-24,08,Ahmedabad,55,9.5,15.8
2026-07-24,09,Delhi,89,26.4,26.4
2026-07-24,09,Mumbai,60,15.4,40.3
2026-07-24,09,Bengaluru,39,5.4,10.4
2026-07-24,09,Kolkata,66,16.5,19.6
2026-07-24,09,Chennai,71,21.5,29.3
2026-07-24,09,Hyderabad,66,8.9,14.0
2026-07-24,09,Pune,22,3.1,5.9
2026-07-24,09,Ahmedabad,55,7.9,12.1
2026-07-24,10,Delhi,89,24.1,24.2
2026-07-24,10,Mumbai,60,15.9,41.0
2026-07-24,10,Bengaluru,39,8.4,19.0
2026-07-24,10,Kolkata,66,17.0,20.4
2026-07-24,10,Chennai,71,21.9,29.5
2026-07-24,10,Hyderabad,66,7.6,12.0
2026-07-24,10,Pune,19,3.2,5.9
2026-07-24,10,Ahmedabad,54,6.0,8.5
2026-07-24,11,Delhi,89,22.9,22.9
2026-07-24,11,Mumbai,60,14.7,34.0
2026-07-24,11,Bengaluru,40,12.1,28.9
2026-07-24,11,Kolkata,66,17.8,21.6
2026-07-24,11,Chennai,71,22.7,30.0
2026-07-24,11,Hyderabad,66,7.1,11.9
2026-07-24,11,Pune,19,4.3,8.2
2026-07-24,11,Ahmedabad,54,4.7,6.7
2026-07-24,12,Delhi,90,21.4,21.4
2026-07-24,12,Mumbai,60,15.3,34.8
2026-07-24,12,Bengaluru,42,14.1,33.2
2026-07-24,12,Kolkata,66,20.4,24.9
2026-07-24,12,Chennai,71,24.7,33.3
2026-07-24,12,Hyderabad,66,8.1,16.1
2026-07-24,12,Pune,19,5.0,10.3
2026-07-24,12,Ahmedabad,53,4.1,5.9
2026-07-24,13,Delhi,90,20.4,20.4
2026-07-24,13,Mumbai,61,15.1,31.3
2026-07-24,13,Bengaluru,44,15.4,36.3
2026-07-24,13,Kolkata,66,20.2,24.6
2026-07-24,13,Chennai,71,24.2,33.1
2026-07-24,13,Hyderabad,65,10.7,24.8
2026-07-24,13,Pune,20,3.9,8.2
2026-07-24,13,Ahmedabad,52,3.7,5.4
2026-07-24,14,Delhi,89,17.7,17.7
2026-07-24,14,Mumbai,61,14.2,30.0
2026-07-24,14,Bengaluru,46,17.4,43.0
2026-07-24,14,Kolkata,67,24.4,27.9
2026-07-24,14,Chennai,71,23.1,32.9
2026-07-24,14,Hyderabad,65,12.9,29.8
2026-07-24,14,Pune,21,4.6,8.1
2026-07-24,14,Ahmedabad,51,3.9,5.3
2026-07-24,15,Delhi,88,16.1,16.2
2026-07-24,15,Mumbai,61,15.1,29.5
2026-07-24,15,Bengaluru,49,20.7,51.7
2026-07-24,15,Kolkata,67,26.9,30.0
2026-07-24,15,Chennai,71,22.1,33.9
2026-07-24,15,Hyderabad,66,13.9,31.0
2026-07-24,15,Pune,22,4.0,7.3
2026-07-24,15,Ahmedabad,50,4.1,6.0
2026-07-24,16,Delhi,95,16.5,16.6
2026-07-24,16,Mumbai,61,14.4,26.6
2026-07-24,16,Bengaluru,51,23.2,58.7
2026-07-24,16,Kolkata,69,24.1,27.1
2026-07-24,16,Chennai,72,22.1,36.4
2026-07-24,16,Hyderabad,65,14.7,31.4
2026-07-24,16,Pune,23,4.0,7.1
2026-07-24,16,Ahmedabad,47,4.8,7.5
2026-07-24,17,Delhi,103,23.3,23.5
2026-07-24,17,Mumbai,61,15.1,28.3
2026-07-24,17,Bengaluru,52,19.3,38.4
2026-07-24,17,Kolkata,70,28.6,31.7
2026-07-24,17,Chennai,83,33.5,47.8
2026-07-24,17,Hyderabad,65,24.9,55.6
2026-07-24,17,Pune,23,7.5,14.0
2026-07-24,17,Ahmedabad,44,9.4,21.7
2026-07-24,18,Delhi,104,29.5,29.6
2026-07-24,18,Mumbai,61,15.6,29.5
2026-07-24,18,Bengaluru,53,19.8,37.3
2026-07-24,18,Kolkata,71,35.0,37.1
2026-07-24,18,Chennai,92,31.9,43.7
2026-07-24,18,Hyderabad,65,24.0,45.5
2026-07-24,18,Pune,23,7.3,12.9
2026-07-24,18,Ahmedabad,43,10.4,18.2
2026-07-24,19,Delhi,96,34.3,34.6
2026-07-24,19,Mumbai,61,16.2,30.3
2026-07-24,19,Bengaluru,53,18.0,30.7
2026-07-24,19,Kolkata,72,36.4,38.2
2026-07-24,19,Chennai,95,32.1,43.7
2026-07-24,19,Hyderabad,65,23.7,42.8
2026-07-24,19,Pune,22,6.4,10.6
2026-07-24,19,Ahmedabad,43,9.2,14.7
2026-07-24,20,Delhi,86,34.3,34.7
2026-07-24,20,Mumbai,61,18.2,33.9
2026-07-24,20,Bengaluru,54,16.0,25.5
2026-07-24,20,Kolkata,73,38.5,40.3
2026-07-24,20,Chennai,90,30.2,40.6
2026-07-24,20,Hyderabad,65,21.3,36.8
2026-07-24,20,Pune,22,6.1,9.7
2026-07-24,20,Ahmedabad,42,7.1,10.9
2026-07-24,21,Delhi,87,32.8,33.4
2026-07-24,21,Mumbai,61,16.9,33.1
2026-07-24,21,Bengaluru,54,13.4,20.3
2026-07-24,21,Kolkata,75,43.5,45.3
2026-07-24,21,Chennai,81,27.9,38.0
2026-07-24,21,Hyderabad,64,17.2,28.2
2026-07-24,21,Pune,22,5.5,8.4
2026-07-24,21,Ahmedabad,41,6.4,10.4
2026-07-24,22,Delhi,87,31.9,33.2
2026-07-24,22,Mumbai,61,17.6,34.7
2026-07-24,22,Bengaluru,54,11.8,16.8
2026-07-24,22,Kolkata,76,45.5,47.1
2026-07-24,22,Chennai,76,24.2,32.9
2026-07-24,22,Hyderabad,64,13.6,21.2
2026-07-24,22,Pune,23,4.3,6.2
2026-07-24,22,Ahmedabad,40,6.4,10.9
2026-07-24,23,Delhi,87,30.5,33.1
2026-07-24,23,Mumbai,61,18.0,32.7
2026-07-24,23,Bengaluru,54,9.5,12.8
2026-07-24,23,Kolkata,78,43.9,45.5
2026-07-24,23,Chennai,76,21.7,29.7
2026-07-24,23,Hyderabad,63,10.9,16.2
2026-07-24,23,Pune,23,3.6,5.2
2026-07-24,23,Ahmedabad,39,6.5,11.5
2026-07-25,00,Delhi,87,28.0,31.8
2026-07-25,00,Mumbai,61,17.3,32.7
2026-07-25,00,Bengaluru,54,7.0,9.2
2026-07-25,00,Kolkata,80,41.9,43.5
2026-07-25,00,Chennai,76,19.7,26.7
2026-07-25,00,Hyderabad,62,8.8,12.9
2026-07-25,00,Pune,23,3.2,4.8
2026-07-25,00,Ahmedabad,38,5.7,10.3
2026-07-25,01,Delhi,87,26.5,31.4
2026-07-25,01,Mumbai,61,15.9,31.3
2026-07-25,01,Bengaluru,54,5.7,7.4
2026-07-25,01,Kolkata,82,41.0,42.7
2026-07-25,01,Chennai,76,18.0,24.3
2026-07-25,01,Hyderabad,61,8.0,11.6
2026-07-25,01,Pune,23,2.8,4.1
2026-07-25,01,Ahmedabad,38,4.7,8.3
2026-07-25,02,Delhi,87,26.3,31.5
2026-07-25,02,Mumbai,62,16.1,30.3
2026-07-25,02,Bengaluru,54,5.0,6.9
2026-07-25,02,Kolkata,84,39.0,40.5
2026-07-25,02,Chennai,76,16.2,21.5
2026-07-25,02,Hyderabad,60,7.7,11.4
2026-07-25,02,Pune,23,2.2,3.1
2026-07-25,02,Ahmedabad,37,4.2,7.7
2026-07-25,03,Delhi,86,26.5,31.1
2026-07-25,03,Mumbai,62,14.4,27.1
2026-07-25,03,Bengaluru,54,5.0,7.5
2026-07-25,03,Kolkata,85,36.1,37.6
2026-07-25,03,Chennai,76,14.9,19.4
2026-07-25,03,Hyderabad,58,7.4,11.1
2026-07-25,03,Pune,23,2.4,3.4
2026-07-25,03,Ahmedabad,36,4.0,7.5
2026-07-25,04,Delhi,85,27.1,30.5
2026-07-25,04,Mumbai,62,14.2,29.9
2026-07-25,04,Bengaluru,54,5.4,8.5
2026-07-25,04,Kolkata,86,35.2,36.9
2026-07-25,04,Chennai,76,14.6,18.9
2026-07-25,04,Hyderabad,58,7.0,10.4
2026-07-25,04,Pune,23,2.8,4.1
2026-07-25,04,Ahmedabad,36,3.7,6.6
2026-07-25,05,Delhi,85,29.7,33.9
2026-07-25,05,Mumbai,62,12.7,29.8
2026-07-25,05,Bengaluru,54,6.1,9.8
2026-07-25,05,Kolkata,88,48.7,50.4
2026-07-25,05,Chennai,76,18.2,25.7
2026-07-25,05,Hyderabad,57,6.7,9.6
2026-07-25,05,Pune,23,2.4,4.5
2026-07-25,05,Ahmedabad,36,10.6,16.5
2026-07-25,06,Delhi,84,29.8,32.8
2026-07-25,06,Mumbai,62,12.4,30.5
2026-07-25,06,Bengaluru,54,6.4,10.6
2026-07-25,06,Kolkata,90,42.0,43.9
2026-07-25,06,Chennai,76,19.9,27.4
2026-07-25,06,Hyderabad,57,6.8,9.8
2026-07-25,06,Pune,23,2.5,4.5
2026-07-25,06,Ahmedabad,36,14.7,29.9
2026-07-25,07,Delhi,83,28.5,30.6
2026-07-25,07,Mumbai,62,15.0,39.3
2026-07-25,07,Bengaluru,55,7.2,11.9
2026-07-25,07,Kolkata,92,37.8,39.8
2026-07-25,07,Chennai,76,22.2,30.5
2026-07-25,07,Hyderabad,56,7.6,10.6
2026-07-25,07,Pune,23,3.2,5.0
2026-07-25,07,Ahmedabad,37,18.2,37.7
2026-07-25,08,Delhi,83,29.0,31.1
2026-07-25,08,Mumbai,62,19.9,57.4
2026-07-25,08,Bengaluru,55,7.7,12.9
2026-07-25,08,Kolkata,94,25.6,28.0
2026-07-25,08,Chennai,76,24.8,34.7
2026-07-25,08,Hyderabad,56,8.0,12.2
2026-07-25,08,Pune,23,2.9,3.8
2026-07-25,08,Ahmedabad,39,20.0,39.5
2026-07-25,09,Delhi,83,29.5,34.2
2026-07-25,09,Mumbai,63,21.0,60.3
2026-07-25,09,Bengaluru,55,8.2,14.3
2026-07-25,09,Kolkata,95,19.9,22.2
2026-07-25,09,Chennai,76,25.6,36.1
2026-07-25,09,Hyderabad,56,8.1,13.6
2026-07-25,09,Pune,22,3.5,5.6
2026-07-25,09,Ahmedabad,42,19.5,36.9
2026-07-25,10,Delhi,83,26.8,32.8
2026-07-25,10,Mumbai,63,23.5,71.7
2026-07-25,10,Bengaluru,55,8.3,15.0
2026-07-25,10,Kolkata,95,17.5,19.6
2026-07-25,10,Chennai,77,25.9,36.2
2026-07-25,10,Hyderabad,56,8.9,15.8
2026-07-25,10,Pune,23,3.5,8.0
2026-07-25,10,Ahmedabad,44,18.9,36.4
2026-07-25,11,Delhi,83,24.3,29.0
2026-07-25,11,Mumbai,64,20.7,59.0
2026-07-25,11,Bengaluru,55,8.0,15.3
2026-07-25,11,Kolkata,95,15.7,17.3
2026-07-25,11,Chennai,77,26.5,36.9
2026-07-25,11,Hyderabad,56,9.0,16.8
2026-07-25,11,Pune,23,4.4,11.3
2026-07-25,11,Ahmedabad,47,18.5,38.0
2026-07-25,12,Delhi,83,25.8,29.6
2026-07-25,12,Mumbai,64,19.7,53.1
2026-07-25,12,Bengaluru,55,7.5,14.3
2026-07-25,12,Kolkata,95,13.5,14.8
2026-07-25,12,Chennai,77,27.0,37.5
2026-07-25,12,Hyderabad,56,9.0,17.3
2026-07-25,12,Pune,23,4.5,10.2
2026-07-25,12,Ahmedabad,50,17.9,36.4
2026-07-25,13,Delhi,84,32.2,66.1
2026-07-25,13,Mumbai,64,18.3,43.2
2026-07-25,13,Bengaluru,54,6.9,12.9
2026-07-25,13,Kolkata,94,11.8,12.7
2026-07-25,13,Chennai,78,28.5,39.7
2026-07-25,13,Hyderabad,56,9.3,18.0
2026-07-25,13,Pune,23,5.4,11.9
2026-07-25,13,Ahmedabad,51,17.5,38.9
2026-07-25,14,Delhi,85,26.4,39.3
2026-07-25,14,Mumbai,65,19.1,47.5
2026-07-25,14,Bengaluru,54,6.9,13.0
2026-07-25,14,Kolkata,94,10.5,11.1
2026-07-25,14,Chennai,78,28.2,40.6
2026-07-25,14,Hyderabad,56,9.0,17.4
2026-07-25,14,Pune,23,4.8,10.6
2026-07-25,14,Ahmedabad,52,14.2,30.0
2026-07-25,15,Delhi,85,25.1,33.4
2026-07-25,15,Mumbai,65,19.8,47.4
2026-07-25,15,Bengaluru,53,6.0,11.0
2026-07-25,15,Kolkata,93,9.4,9.8
2026-07-25,15,Chennai,78,26.1,37.1
2026-07-25,15,Hyderabad,55,8.6,16.4
2026-07-25,15,Pune,23,5.1,10.3
2026-07-25,15,Ahmedabad,53,12.4,25.8
2026-07-25,16,Delhi,86,24.9,32.1
2026-07-25,16,Mumbai,65,18.0,40.7
2026-07-25,16,Bengaluru,52,6.2,10.2
2026-07-25,16,Kolkata,91,10.3,10.7
2026-07-25,16,Chennai,79,24.4,35.3
2026-07-25,16,Hyderabad,55,8.3,15.4
2026-07-25,16,Pune,23,6.4,11.2
2026-07-25,16,Ahmedabad,54,14.5,29.1
2026-07-25,17,Delhi,87,38.3,41.8
2026-07-25,17,Mumbai,66,22.2,51.7
2026-07-25,17,Bengaluru,50,9.1,15.8
2026-07-25,17,Kolkata,90,12.0,13.4
2026-07-25,17,Chennai,79,21.9,30.7
2026-07-25,17,Hyderabad,55,15.0,32.5
2026-07-25,17,Pune,24,12.0,23.4
2026-07-25,17,Ahmedabad,55,27.8,61.5
2026-07-25,18,Delhi,88,44.2,46.1
2026-07-25,18,Mumbai,66,20.2,46.7
2026-07-25,18,Bengaluru,49,11.3,16.3
2026-07-25,18,Kolkata,89,12.8,13.8
2026-07-25,18,Chennai,81,23.5,32.0
2026-07-25,18,Hyderabad,54,16.1,28.1
2026-07-25,18,Pune,25,12.3,24.1
2026-07-25,18,Ahmedabad,56,30.6,60.3
2026-07-25,19,Delhi,89,51.8,52.7
2026-07-25,19,Mumbai,67,18.7,44.5
2026-07-25,19,Bengaluru,47,12.5,16.9
2026-07-25,19,Kolkata,87,13.9,14.8
2026-07-25,19,Chennai,81,23.1,31.2
2026-07-25,19,Hyderabad,53,18.0,28.7
2026-07-25,19,Pune,26,11.3,22.1
2026-07-25,19,Ahmedabad,58,31.9,58.4
2026-07-25,20,Delhi,90,50.3,50.9
2026-07-25,20,Mumbai,67,18.8,41.7
2026-07-25,20,Bengaluru,46,12.4,16.6
2026-07-25,20,Kolkata,85,14.4,15.4
2026-07-25,20,Chennai,77,21.4,29.5
2026-07-25,20,Hyderabad,53,19.6,30.3
2026-07-25,20,Pune,27,8.8,14.7
2026-07-25,20,Ahmedabad,59,29.7,54.7
2026-07-25,21,Delhi,92,45.1,45.4
2026-07-25,21,Mumbai,67,19.6,44.4
2026-07-25,21,Bengaluru,45,12.0,16.8
2026-07-25,21,Kolkata,83,14.5,15.4
2026-07-25,21,Chennai,76,20.5,28.8
2026-07-25,21,Hyderabad,53,20.2,33.4
2026-07-25,21,Pune,28,5.3,7.6
2026-07-25,21,Ahmedabad,61,24.4,44.5
2026-07-25,22,Delhi,93,46.8,47.0
2026-07-25,22,Mumbai,67,21.2,51.8
2026-07-25,22,Bengaluru,44,10.7,15.1
2026-07-25,22,Kolkata,81,13.7,14.7
2026-07-25,22,Chennai,75,20.3,29.4
2026-07-25,22,Hyderabad,53,19.6,34.0
2026-07-25,22,Pune,28,3.6,4.6
2026-07-25,22,Ahmedabad,63,18.8,33.5
2026-07-25,23,Delhi,94,48.1,48.3
2026-07-25,23,Mumbai,67,21.0,54.0
2026-07-25,23,Bengaluru,44,9.1,13.0
2026-07-25,23,Kolkata,79,12.5,13.6
2026-07-25,23,Chennai,75,18.8,27.6
2026-07-25,23,Hyderabad,53,17.8,31.1
2026-07-25,23,Pune,28,3.0,3.7
2026-07-25,23,Ahmedabad,64,15.4,26.8
2026-07-26,00,Delhi,95,48.5,48.7
2026-07-26,00,Mumbai,68,18.7,45.4
2026-07-26,00,Bengaluru,44,7.3,10.5
2026-07-26,00,Kolkata,76,12.1,13.3
2026-07-26,00,Chennai,75,17.6,26.6
2026-07-26,00,Hyderabad,54,15.1,26.2
2026-07-26,00,Pune,27,2.5,3.1
2026-07-26,00,Ahmedabad,64,12.5,23.6
2026-07-26,01,Delhi,97,47.0,47.1
2026-07-26,01,Mumbai,68,18.2,41.6
2026-07-26,01,Bengaluru,44,5.7,7.9
2026-07-26,01,Kolkata,74,12.0,13.4
2026-07-26,01,Chennai,75,17.0,25.6
2026-07-26,01,Hyderabad,54,13.4,22.4
2026-07-26,01,Pune,27,2.2,2.7
2026-07-26,01,Ahmedabad,65,11.0,21.9
2026-07-26,02,Delhi,98,45.4,45.6
2026-07-26,02,Mumbai,68,17.6,40.4
2026-07-26,02,Bengaluru,44,4.6,6.4
2026-07-26,02,Kolkata,72,12.0,13.5
2026-07-26,02,Chennai,74,16.5,24.8
2026-07-26,02,Hyderabad,55,10.9,17.4
2026-07-26,02,Pune,27,1.9,2.3
2026-07-26,02,Ahmedabad,65,10.9,23.1
2026-07-26,03,Delhi,100,44.7,44.9
2026-07-26,03,Mumbai,68,17.0,40.0
2026-07-26,03,Bengaluru,44,4.0,5.6
2026-07-26,03,Kolkata,69,12.0,13.6
2026-07-26,03,Chennai,74,16.3,24.9
2026-07-26,03,Hyderabad,55,9.1,14.3
2026-07-26,03,Pune,27,1.7,2.5
2026-07-26,03,Ahmedabad,66,11.1,24.4
2026-07-26,04,Delhi,102,44.9,46.3
2026-07-26,04,Mumbai,68,16.6,37.0
2026-07-26,04,Bengaluru,44,4.1,6.4
2026-07-26,04,Kolkata,68,11.8,13.4
2026-07-26,04,Chennai,75,16.8,26.3
2026-07-26,04,Hyderabad,55,7.8,12.6
2026-07-26,04,Pune,27,1.9,3.0
2026-07-26,04,Ahmedabad,66,11.1,25.6
2026-07-26,05,Delhi,104,26.0,26.8
2026-07-26,05,Mumbai,68,16.9,42.7
2026-07-26,05,Bengaluru,44,3.7,5.5
2026-07-26,05,Kolkata,66,11.0,12.2
2026-07-26,05,Chennai,75,20.4,31.0
2026-07-26,05,Hyderabad,55,6.9,11.1
2026-07-26,05,Pune,27,3.1,5.7
2026-07-26,05,Ahmedabad,67,9.9,19.8
2026-07-26,06,Delhi,103,27.8,28.6
2026-07-26,06,Mumbai,69,16.2,38.0
2026-07-26,06,Bengaluru,43,3.5,5.2
2026-07-26,06,Kolkata,63,10.9,12.1
2026-07-26,06,Chennai,75,20.8,30.6
2026-07-26,06,Hyderabad,55,6.6,11.0
2026-07-26,06,Pune,27,3.0,4.6
2026-07-26,06,Ahmedabad,67,10.0,22.7
2026-07-26,07,Delhi,103,26.9,27.9
2026-07-26,07,Mumbai,69,16.5,34.3
2026-07-26,07,Bengaluru,42,3.9,5.6
2026-07-26,07,Kolkata,60,9.1,10.2
2026-07-26,07,Chennai,75,22.1,31.7
2026-07-26,07,Hyderabad,55,7.2,12.3
2026-07-26,07,Pune,27,3.6,5.6
2026-07-26,07,Ahmedabad,67,11.4,26.5
2026-07-26,08,Delhi,103,28.9,31.4
2026-07-26,08,Mumbai,69,18.1,35.0
2026-07-26,08,Bengaluru,42,3.7,5.3
2026-07-26,08,Kolkata,58,8.0,9.2
2026-07-26,08,Chennai,75,20.6,30.2
2026-07-26,08,Hyderabad,55,7.7,14.5
2026-07-26,08,Pune,27,5.0,9.9
2026-07-26,08,Ahmedabad,66,12.8,30.4
2026-07-26,09,Delhi,103,32.1,36.4
2026-07-26,09,Mumbai,69,16.8,31.5
2026-07-26,09,Bengaluru,41,4.2,6.3
2026-07-26,09,Kolkata,57,7.3,8.6
2026-07-26,09,Chennai,75,17.9,27.2
2026-07-26,09,Hyderabad,55,7.7,14.4
2026-07-26,09,Pune,27,9.1,20.5
2026-07-26,09,Ahmedabad,65,15.4,39.7
2026-07-26,10,Delhi,103,34.7,41.6
2026-07-26,10,Mumbai,69,16.2,30.3
2026-07-26,10,Bengaluru,40,5.3,8.7
2026-07-26,10,Kolkata,56,6.8,7.9
2026-07-26,10,Chennai,74,16.9,25.3
2026-07-26,10,Hyderabad,55,7.5,14.4
2026-07-26,10,Pune,29,10.2,23.7
2026-07-26,10,Ahmedabad,65,18.4,49.2
2026-07-26,11,Delhi,104,36.7,46.4
2026-07-26,11,Mumbai,68,18.3,32.2
2026-07-26,11,Bengaluru,39,6.1,10.5
2026-07-26,11,Kolkata,55,6.2,7.2
2026-07-26,11,Chennai,73,15.8,23.1
2026-07-26,11,Hyderabad,55,7.8,16.1
2026-07-26,11,Pune,30,9.3,22.1
2026-07-26,11,Ahmedabad,65,19.6,49.4
2026-07-26,12,Delhi,105,36.8,49.0
2026-07-26,12,Mumbai,68,19.0,34.2
2026-07-26,12,Bengaluru,39,7.2,13.9
2026-07-26,12,Kolkata,54,5.8,6.7
2026-07-26,12,Chennai,73,14.3,20.4
2026-07-26,12,Hyderabad,55,8.1,18.7
2026-07-26,12,Pune,31,9.2,24.7
2026-07-26,12,Ahmedabad,65,19.7,49.6
2026-07-26,13,Delhi,106,39.0,51.2
2026-07-26,13,Mumbai,68,17.4,32.6
2026-07-26,13,Bengaluru,39,7.2,13.9
2026-07-26,13,Kolkata,54,6.3,7.2
2026-07-26,13,Chennai,72,14.1,19.9
2026-07-26,13,Hyderabad,55,8.1,17.3
2026-07-26,13,Pune,33,8.9,21.5
2026-07-26,13,Ahmedabad,65,20.2,51.1
2026-07-26,14,Delhi,108,39.3,51.3
2026-07-26,14,Mumbai,68,16.6,31.5
2026-07-26,14,Bengaluru,39,7.7,15.5
2026-07-26,14,Kolkata,53,7.0,8.0
2026-07-26,14,Chennai,70,15.4,22.7
2026-07-26,14,Hyderabad,55,7.4,14.6
2026-07-26,14,Pune,33,8.6,17.6
2026-07-26,14,Ahmedabad,66,20.5,48.8
2026-07-26,15,Delhi,142,40.4,51.8
2026-07-26,15,Mumbai,68,16.2,31.0
2026-07-26,15,Bengaluru,39,8.9,17.6
2026-07-26,15,Kolkata,53,6.9,8.1
2026-07-26,15,Chennai,69,16.6,24.8
2026-07-26,15,Hyderabad,55,7.2,13.1
2026-07-26,15,Pune,34,7.2,13.9
2026-07-26,15,Ahmedabad,66,19.8,43.9
2026-07-26,16,Delhi,168,40.2,54.1
2026-07-26,16,Mumbai,67,15.4,30.4
2026-07-26,16,Bengaluru,39,9.3,16.5
2026-07-26,16,Kolkata,53,7.7,8.7
2026-07-26,16,Chennai,69,16.4,24.7
2026-07-26,16,Hyderabad,54,7.8,15.0
2026-07-26,16,Pune,35,7.2,13.6
2026-07-26,16,Ahmedabad,67,18.0,37.4
2026-07-26,17,Delhi,188,44.2,56.9
2026-07-26,17,Mumbai,67,14.6,27.4
2026-07-26,17,Bengaluru,40,10.0,19.3
2026-07-26,17,Kolkata,52,11.7,13.4
2026-07-26,17,Chennai,68,23.5,34.1
2026-07-26,17,Hyderabad,54,8.5,13.0
2026-07-26,17,Pune,35,10.9,21.6
2026-07-26,17,Ahmedabad,67,30.0,61.9
2026-07-26,18,Delhi,197,51.0,61.0
2026-07-26,18,Mumbai,66,15.1,33.1
2026-07-26,18,Bengaluru,40,11.5,19.4
2026-07-26,18,Kolkata,52,13.7,15.1
2026-07-26,18,Chennai,68,23.3,35.7
2026-07-26,18,Hyderabad,54,10.1,15.0
2026-07-26,18,Pune,35,11.0,20.4
2026-07-26,18,Ahmedabad,67,29.5,54.8
2026-07-26,19,Delhi,195,70.1,78.7
2026-07-26,19,Mumbai,66,15.3,33.1
2026-07-26,19,Bengaluru,40,12.7,20.2
2026-07-26,19,Kolkata,52,14.3,15.5
2026-07-26,19,Chennai,68,23.5,33.8
2026-07-26,19,Hyderabad,53,11.6,17.2
2026-07-26,19,Pune,34,9.2,15.8
2026-07-26,19,Ahmedabad,67,28.8,52.0
2026-07-26,20,Delhi,181,86.1,94.5
2026-07-26,20,Mumbai,66,17.9,47.3
2026-07-26,20,Bengaluru,40,12.7,20.1
2026-07-26,20,Kolkata,52,13.9,15.1
2026-07-26,20,Chennai,68,23.9,33.4
2026-07-26,20,Hyderabad,53,12.9,20.1
2026-07-26,20,Pune,34,7.7,11.4
2026-07-26,20,Ahmedabad,67,26.8,47.6
2026-07-26,21,Delhi,157,91.3,99.0
2026-07-26,21,Mumbai,66,17.8,47.0
2026-07-26,21,Bengaluru,41,10.5,15.4
2026-07-26,21,Kolkata,52,13.6,14.7
2026-07-26,21,Chennai,68,23.5,31.9
2026-07-26,21,Hyderabad,52,13.1,21.2
2026-07-26,21,Pune,34,5.9,7.6
2026-07-26,21,Ahmedabad,67,25.7,45.6
2026-07-26,22,Delhi,123,89.4,96.2
2026-07-26,22,Mumbai,66,15.6,37.3
2026-07-26,22,Bengaluru,40,8.1,11.3
2026-07-26,22,Kolkata,52,12.5,13.8
2026-07-26,22,Chennai,69,22.5,30.0
2026-07-26,22,Hyderabad,52,13.7,23.5
2026-07-26,22,Pune,34,4.7,5.6
2026-07-26,22,Ahmedabad,67,25.4,44.6
2026-07-26,23,Delhi,128,85.2,91.5
2026-07-26,23,Mumbai,65,14.9,36.2
2026-07-26,23,Bengaluru,40,5.8,7.6
2026-07-26,23,Kolkata,52,11.4,12.6
2026-07-26,23,Chennai,69,20.9,28.2
2026-07-26,23,Hyderabad,51,13.3,23.1
2026-07-26,23,Pune,34,4.0,4.9
2026-07-26,23,Ahmedabad,67,25.3,44.0
2026-07-27,00,Delhi,132,86.4,92.9
2026-07-27,00,Mumbai,65,14.2,36.8
2026-07-27,00,Bengaluru,39,4.1,5.3
2026-07-27,00,Kolkata,52,10.3,11.5
2026-07-27,00,Chennai,69,19.4,26.6
2026-07-27,00,Hyderabad,51,11.1,19.0
2026-07-27,00,Pune,34,3.0,3.8
2026-07-27,00,Ahmedabad,68,23.7,41.2
2026-07-27,01,Delhi,136,89.6,95.9
2026-07-27,01,Mumbai,64,12.9,31.9
2026-07-27,01,Bengaluru,38,3.2,4.2
2026-07-27,01,Kolkata,52,9.2,10.4
2026-07-27,01,Chennai,69,19.1,26.4
2026-07-27,01,Hyderabad,51,9.2,15.9
2026-07-27,01,Pune,34,2.3,3.1
2026-07-27,01,Ahmedabad,69,21.7,37.7
2026-07-27,02,Delhi,140,91.0,97.8
2026-07-27,02,Mumbai,64,13.7,36.0
2026-07-27,02,Bengaluru,38,2.8,4.2
2026-07-27,02,Kolkata,52,8.6,9.7
2026-07-27,02,Chennai,69,19.7,27.1
2026-07-27,02,Hyderabad,50,8.7,15.1
2026-07-27,02,Pune,34,2.2,2.9
2026-07-27,02,Ahmedabad,70,21.2,37.4
2026-07-27,03,Delhi,145,92.2,98.7
2026-07-27,03,Mumbai,64,13.9,37.3
2026-07-27,03,Bengaluru,37,2.6,4.0
2026-07-27,03,Kolkata,52,8.0,8.8
2026-07-27,03,Chennai,69,19.8,26.5
2026-07-27,03,Hyderabad,50,8.6,14.3
2026-07-27,03,Pune,34,1.8,2.6
2026-07-27,03,Ahmedabad,70,19.0,33.8
2026-07-27,04,Delhi,150,90.8,96.9
2026-07-27,04,Mumbai,63,14.5,38.9
2026-07-27,04,Bengaluru,37,2.3,3.6
2026-07-27,04,Kolkata,51,7.3,7.9
2026-07-27,04,Chennai,70,18.3,23.9
2026-07-27,04,Hyderabad,50,8.3,13.4
2026-07-27,04,Pune,34,1.8,2.7
2026-07-27,04,Ahmedabad,71,16.8,30.7
2026-07-27,05,Delhi,151,82.7,86.6
2026-07-27,05,Mumbai,63,13.8,36.2
2026-07-27,05,Bengaluru,36,2.0,3.0
2026-07-27,05,Kolkata,51,5.6,6.7
2026-07-27,05,Chennai,70,13.2,17.6
2026-07-27,05,Hyderabad,50,6.5,10.9
2026-07-27,05,Pune,34,1.6,2.0
2026-07-27,05,Ahmedabad,72,12.4,24.3
2026-07-27,06,Delhi,153,84.1,87.8
2026-07-27,06,Mumbai,63,16.1,43.8
2026-07-27,06,Bengaluru,36,2.1,2.9
2026-07-27,06,Kolkata,50,6.8,7.7
2026-07-27,06,Chennai,69,12.3,16.6
2026-07-27,06,Hyderabad,50,5.5,8.8
2026-07-27,06,Pune,34,2.4,3.5
2026-07-27,06,Ahmedabad,72,10.1,18.5
2026-07-27,07,Delhi,155,79.2,84.8
2026-07-27,07,Mumbai,63,17.2,44.5
2026-07-27,07,Bengaluru,36,2.7,3.2
2026-07-27,07,Kolkata,50,8.8,9.7
2026-07-27,07,Chennai,69,13.1,17.5
2026-07-27,07,Hyderabad,50,5.8,8.3
2026-07-27,07,Pune,34,3.2,5.4
2026-07-27,07,Ahmedabad,72,8.9,15.3
2026-07-27,08,Delhi,156,65.2,73.6
2026-07-27,08,Mumbai,63,17.4,43.1
2026-07-27,08,Bengaluru,35,3.0,3.8
2026-07-27,08,Kolkata,50,8.0,9.4
2026-07-27,08,Chennai,68,13.2,18.5
2026-07-27,08,Hyderabad,50,6.5,8.6
2026-07-27,08,Pune,34,3.3,6.3
2026-07-27,08,Ahmedabad,72,7.9,13.6
2026-07-27,09,Delhi,157,55.9,72.2
2026-07-27,09,Mumbai,63,17.3,43.7
2026-07-27,09,Bengaluru,35,3.8,5.7
2026-07-27,09,Kolkata,50,8.1,9.5
2026-07-27,09,Chennai,67,13.6,19.7
2026-07-27,09,Hyderabad,50,6.0,7.8
2026-07-27,09,Pune,33,3.6,8.3
2026-07-27,09,Ahmedabad,71,7.1,12.7
2026-07-27,10,Delhi,158,50.3,66.4
2026-07-27,10,Mumbai,63,18.7,45.8
2026-07-27,10,Bengaluru,35,5.3,10.4
2026-07-27,10,Kolkata,50,9.8,10.8
2026-07-27,10,Chennai,67,14.8,21.9
2026-07-27,10,Hyderabad,49,5.3,7.9
2026-07-27,10,Pune,32,4.3,10.3
2026-07-27,10,Ahmedabad,70,8.4,15.8
2026-07-27,11,Delhi,158,46.3,59.8
2026-07-27,11,Mumbai,63,18.9,46.2
2026-07-27,11,Bengaluru,35,6.1,11.4
2026-07-27,11,Kolkata,50,10.2,11.3
2026-07-27,11,Chennai,67,15.7,23.7
2026-07-27,11,Hyderabad,49,6.5,11.6
2026-07-27,11,Pune,31,4.8,12.4
2026-07-27,11,Ahmedabad,70,10.3,19.8
2026-07-27,12,Delhi,159,47.5,60.3
2026-07-27,12,Mumbai,63,19.2,46.9
2026-07-27,12,Bengaluru,35,6.4,12.2
2026-07-27,12,Kolkata,51,9.7,10.7
2026-07-27,12,Chennai,67,17.2,27.5
2026-07-27,12,Hyderabad,49,6.1,10.7
2026-07-27,12,Pune,30,4.4,10.6
2026-07-27,12,Ahmedabad,69,11.1,23.7
2026-07-27,13,Delhi,159,48.8,61.2
2026-07-27,13,Mumbai,63,19.0,46.6
2026-07-27,13,Bengaluru,35,6.8,14.1
2026-07-27,13,Kolkata,51,9.3,10.1
2026-07-27,13,Chennai,67,22.9,46.6
2026-07-27,13,Hyderabad,48,6.6,13.1
2026-07-27,13,Pune,29,6.2,13.1
2026-07-27,13,Ahmedabad,68,12.1,26.6
2026-07-27,14,Delhi,159,50.6,62.6
2026-07-27,14,Mumbai,63,18.9,45.2
2026-07-27,14,Bengaluru,35,8.1,17.8
2026-07-27,14,Kolkata,51,9.2,9.9
2026-07-27,14,Chennai,68,21.9,43.3
2026-07-27,14,Hyderabad,48,8.5,19.1
2026-07-27,14,Pune,28,5.5,10.7
2026-07-27,14,Ahmedabad,68,13.1,27.6
2026-07-27,15,Delhi,180,49.8,63.8
2026-07-27,15,Mumbai,64,18.0,44.8
2026-07-27,15,Bengaluru,35,9.4,21.1
2026-07-27,15,Kolkata,51,8.6,9.1
2026-07-27,15,Chennai,68,19.7,37.1
2026-07-27,15,Hyderabad,48,10.5,23.4
2026-07-27,15,Pune,27,4.0,7.1
2026-07-27,15,Ahmedabad,67,15.0,30.4
2026-07-27,16,Delhi,206,47.7,63.3
2026-07-27,16,Mumbai,64,17.5,43.0
2026-07-27,16,Bengaluru,35,10.2,23.5
2026-07-27,16,Kolkata,52,9.7,10.2
2026-07-27,16,Chennai,69,18.0,33.3
2026-07-27,16,Hyderabad,49,11.1,25.8
2026-07-27,16,Pune,27,3.7,7.9
2026-07-27,16,Ahmedabad,67,20.3,39.3
2026-07-27,17,Delhi,218,50.2,81.3
2026-07-27,17,Mumbai,64,20.0,53.3
2026-07-27,17,Bengaluru,35,14.1,27.9
2026-07-27,17,Kolkata,52,9.7,10.6
2026-07-27,17,Chennai,69,25.3,42.7
2026-07-27,17,Hyderabad,50,17.4,32.7
2026-07-27,17,Pune,27,7.8,18.3
2026-07-27,17,Ahmedabad,67,21.1,44.4
2026-07-27,18,Delhi,221,58.7,87.3
2026-07-27,18,Mumbai,64,21.1,59.1
2026-07-27,18,Bengaluru,36,14.2,24.7
2026-07-27,18,Kolkata,52,8.2,8.9
2026-07-27,18,Chennai,69,25.0,38.2
2026-07-27,18,Hyderabad,51,18.5,32.8
2026-07-27,18,Pune,27,8.3,16.5
2026-07-27,18,Ahmedabad,66,24.5,44.0
2026-07-27,19,Delhi,219,66.6,96.2
2026-07-27,19,Mumbai,65,22.6,63.3
2026-07-27,19,Bengaluru,37,14.8,25.8
2026-07-27,19,Kolkata,51,8.4,9.0
2026-07-27,19,Chennai,69,24.7,35.2
2026-07-27,19,Hyderabad,51,19.4,33.1
2026-07-27,19,Pune,27,8.4,15.0
2026-07-27,19,Ahmedabad,66,29.7,54.1
2026-07-27,20,Delhi,212,68.7,87.5
2026-07-27,20,Mumbai,65,23.3,69.4
2026-07-27,20,Bengaluru,37,14.1,23.6
2026-07-27,20,Kolkata,51,9.1,9.8
2026-07-27,20,Chennai,69,23.2,33.2
2026-07-27,20,Hyderabad,52,19.7,32.5
2026-07-27,20,Pune,26,7.9,13.2
2026-07-27,20,Ahmedabad,66,33.5,59.4
2026-07-27,21,Delhi,200,66.6,96.4
2026-07-27,21,Mumbai,66,22.3,65.2
2026-07-27,21,Bengaluru,38,11.8,18.6
2026-07-27,21,Kolkata,50,9.3,10.1
2026-07-27,21,Chennai,69,23.2,32.8
2026-07-27,21,Hyderabad,52,19.5,31.3
2026-07-27,21,Pune,25,7.0,11.4
2026-07-27,21,Ahmedabad,66,28.6,50.9
2026-07-27,22,Delhi,168,64.5,120.1
2026-07-27,22,Mumbai,66,21.4,61.0
2026-07-27,22,Bengaluru,38,8.8,12.7
2026-07-27,22,Kolkata,50,9.0,9.7
2026-07-27,22,Chennai,69,24.2,34.2
2026-07-27,22,Hyderabad,53,18.7,29.6
2026-07-27,22,Pune,25,6.2,9.8
2026-07-27,22,Ahmedabad,67,27.4,48.8
2026-07-27,23,Delhi,159,61.2,135.0
2026-07-27,23,Mumbai,67,21.0,59.8
2026-07-27,23,Bengaluru,38,6.2,8.2
2026-07-27,23,Kolkata,49,8.3,9.0
2026-07-27,23,Chennai,69,25.1,35.2
2026-07-27,23,Hyderabad,53,16.4,25.8
2026-07-27,23,Pune,25,6.0,9.9
2026-07-27,23,Ahmedabad,67,27.9,49.2
2026-07-28,00,Delhi,158,56.5,116.9
2026-07-28,00,Mumbai,67,18.4,51.6
2026-07-28,00,Bengaluru,38,4.3,5.3
2026-07-28,00,Kolkata,48,7.4,8.0
2026-07-28,00,Chennai,69,25.1,34.2
2026-07-28,00,Hyderabad,53,12.7,20.8
2026-07-28,00,Pune,25,5.1,9.3
2026-07-28,00,Ahmedabad,67,26.3,48.4
2026-07-28,01,Delhi,157,51.6,90.1
2026-07-28,01,Mumbai,67,15.7,41.1
2026-07-28,01,Bengaluru,38,3.4,4.3
2026-07-28,01,Kolkata,48,6.9,7.5
2026-07-28,01,Chennai,70,24.2,32.5
2026-07-28,01,Hyderabad,54,9.7,16.5
2026-07-28,01,Pune,26,4.6,8.5
2026-07-28,01,Ahmedabad,67,24.6,46.8
2026-07-28,02,Delhi,156,49.8,75.7
2026-07-28,02,Mumbai,68,14.6,39.3
2026-07-28,02,Bengaluru,38,3.0,4.4
2026-07-28,02,Kolkata,47,6.6,7.0
2026-07-28,02,Chennai,70,21.9,29.2
2026-07-28,02,Hyderabad,54,7.8,13.2
2026-07-28,02,Pune,26,4.1,7.2
2026-07-28,02,Ahmedabad,67,22.7,44.1
2026-07-28,03,Delhi,155,49.4,68.0
2026-07-28,03,Mumbai,68,14.0,37.7
2026-07-28,03,Bengaluru,38,2.8,4.5
2026-07-28,03,Kolkata,47,5.6,6.0
2026-07-28,03,Chennai,70,20.1,26.5
2026-07-28,03,Hyderabad,54,6.7,10.3
2026-07-28,03,Pune,27,2.9,5.6
2026-07-28,03,Ahmedabad,68,20.8,40.9
2026-07-28,04,Delhi,153,48.4,62.2
2026-07-28,04,Mumbai,68,13.9,37.6
2026-07-28,04,Bengaluru,38,2.8,4.8
2026-07-28,04,Kolkata,46,5.6,6.0
2026-07-28,04,Chennai,70,18.7,24.4
2026-07-28,04,Hyderabad,53,6.0,8.8
2026-07-28,04,Pune,27,2.6,4.5
2026-07-28,04,Ahmedabad,68,19.0,37.8
2026-07-28,05,Delhi,152,55.8,113.6
2026-07-28,05,Mumbai,68,13.2,36.2
2026-07-28,05,Bengaluru,38,2.3,3.5
2026-07-28,05,Kolkata,46,8.0,8.6
2026-07-28,05,Chennai,70,13.9,18.3
2026-07-28,05,Hyderabad,53,2.6,3.8
2026-07-28,05,Pune,27,3.2,5.4
2026-07-28,05,Ahmedabad,68,17.3,35.6
2026-07-28,06,Delhi,151,54.0,101.7
2026-07-28,06,Mumbai,68,14.1,38.0
2026-07-28,06,Bengaluru,39,2.4,3.5
2026-07-28,06,Kolkata,46,9.4,10.0
2026-07-28,06,Chennai,71,10.9,13.6
2026-07-28,06,Hyderabad,53,3.0,4.8
2026-07-28,06,Pune,28,3.0,4.6
2026-07-28,06,Ahmedabad,68,16.1,32.5
2026-07-28,07,Delhi,150,48.4,83.4
2026-07-28,07,Mumbai,67,15.7,39.6
2026-07-28,07,Bengaluru,39,3.1,3.8
2026-07-28,07,Kolkata,47,10.0,10.7
2026-07-28,07,Chennai,70,11.1,13.1
2026-07-28,07,Hyderabad,53,4.3,7.0
2026-07-28,07,Pune,28,2.8,4.5
2026-07-28,07,Ahmedabad,69,15.8,34.8
2026-07-28,08,Delhi,148,44.6,78.2
2026-07-28,08,Mumbai,67,17.6,43.4
2026-07-28,08,Bengaluru,39,3.4,4.6
2026-07-28,08,Kolkata,47,10.1,11.2
2026-07-28,08,Chennai,70,10.1,11.8
2026-07-28,08,Hyderabad,53,5.2,8.9
2026-07-28,08,Pune,28,3.2,5.9
2026-07-28,08,Ahmedabad,69,16.2,41.9
2026-07-28,09,Delhi,146,47.5,100.4
2026-07-28,09,Mumbai,67,19.7,49.5
2026-07-28,09,Bengaluru,39,3.8,6.0
2026-07-28,09,Kolkata,48,10.2,11.5
2026-07-28,09,Chennai,70,9.4,11.4
2026-07-28,09,Hyderabad,53,5.4,9.9
2026-07-28,09,Pune,28,4.5,10.4
2026-07-28,09,Ahmedabad,70,18.3,47.4
2026-07-28,10,Delhi,145,48.9,108.7
2026-07-28,10,Mumbai,68,19.4,45.1
2026-07-28,10,Bengaluru,39,4.4,7.9
2026-07-28,10,Kolkata,48,10.1,11.7
2026-07-28,10,Chennai,70,9.7,12.7
2026-07-28,10,Hyderabad,52,6.1,11.5
2026-07-28,10,Pune,28,7.2,18.3
2026-07-28,10,Ahmedabad,71,21.4,55.9
2026-07-28,11,Delhi,145,44.1,90.3
2026-07-28,11,Mumbai,68,18.9,42.4
2026-07-28,11,Bengaluru,39,5.5,11.1
2026-07-28,11,Kolkata,48,9.9,11.9
2026-07-28,11,Chennai,69,10.9,15.3
2026-07-28,11,Hyderabad,53,5.8,10.8
2026-07-28,11,Pune,29,9.1,24.4
2026-07-28,11,Ahmedabad,72,24.3,65.2
2026-07-28,12,Delhi,145,42.0,76.6
2026-07-28,12,Mumbai,68,17.6,36.3
2026-07-28,12,Bengaluru,38,6.4,13.8
2026-07-28,12,Kolkata,48,9.3,11.3
2026-07-28,12,Chennai,69,12.0,17.6
2026-07-28,12,Hyderabad,52,4.9,8.4
2026-07-28,12,Pune,30,9.7,26.1
2026-07-28,12,Ahmedabad,73,25.5,67.8
2026-07-28,13,Delhi,144,43.3,70.3
2026-07-28,13,Mumbai,67,16.6,34.6
2026-07-28,13,Bengaluru,38,5.8,11.6
2026-07-28,13,Kolkata,48,10.3,12.5
2026-07-28,13,Chennai,68,13.3,19.7
2026-07-28,13,Hyderabad,52,5.3,8.6
2026-07-28,13,Pune,31,8.7,24.3
2026-07-28,13,Ahmedabad,74,26.4,69.4
2026-07-28,14,Delhi,143,43.4,64.5
2026-07-28,14,Mumbai,67,15.0,29.3
2026-07-28,14,Bengaluru,38,5.8,11.5
2026-07-28,14,Kolkata,51,11.6,14.5
2026-07-28,14,Chennai,68,14.5,21.4
2026-07-28,14,Hyderabad,52,5.0,7.3
2026-07-28,14,Pune,31,8.6,20.4
2026-07-28,14,Ahmedabad,75,26.2,70.3
2026-07-28,15,Delhi,143,43.5,61.0
2026-07-28,15,Mumbai,67,14.2,29.7
2026-07-28,15,Bengaluru,38,5.9,11.8
2026-07-28,15,Kolkata,58,11.9,14.9
2026-07-28,15,Chennai,67,15.7,23.3
2026-07-28,15,Hyderabad,52,4.7,6.8
2026-07-28,15,Pune,32,7.9,16.2
2026-07-28,15,Ahmedabad,76,26.4,71.9
2026-07-28,16,Delhi,167,44.0,59.0
2026-07-28,16,Mumbai,67,13.6,26.3
2026-07-28,16,Bengaluru,37,6.4,12.8
2026-07-28,16,Kolkata,64,11.8,14.8
2026-07-28,16,Chennai,67,17.6,26.0
2026-07-28,16,Hyderabad,52,5.5,8.7
2026-07-28,16,Pune,33,5.8,10.8
2026-07-28,16,Ahmedabad,77,26.7,75.7
2026-07-28,17,Delhi,191,34.7,47.7
2026-07-28,17,Mumbai,66,16.7,39.8
2026-07-28,17,Bengaluru,36,7.5,14.8
2026-07-28,17,Kolkata,66,14.7,17.5
2026-07-28,17,Chennai,67,20.0,29.9
2026-07-28,17,Hyderabad,51,12.6,23.1
2026-07-28,17,Pune,33,9.7,19.5
2026-07-28,17,Ahmedabad,78,33.8,91.0
2026-07-28,18,Delhi,188,32.4,42.3
2026-07-28,18,Mumbai,66,18.0,45.6
2026-07-28,18,Bengaluru,34,7.7,13.4
2026-07-28,18,Kolkata,64,16.3,19.0
2026-07-28,18,Chennai,66,22.5,33.2
2026-07-28,18,Hyderabad,51,13.6,22.2
2026-07-28,18,Pune,34,10.2,19.2
2026-07-28,18,Ahmedabad,79,38.0,83.6
2026-07-28,19,Delhi,176,39.8,46.7
2026-07-28,19,Mumbai,66,19.7,49.4
2026-07-28,19,Bengaluru,33,8.0,12.6
2026-07-28,19,Kolkata,59,17.4,19.8
2026-07-28,19,Chennai,66,22.8,32.6
2026-07-28,19,Hyderabad,50,13.6,21.9
2026-07-28,19,Pune,34,10.2,18.9
2026-07-28,19,Ahmedabad,80,44.6,92.4
2026-07-28,20,Delhi,155,47.6,54.5
2026-07-28,20,Mumbai,66,21.8,58.2
2026-07-28,20,Bengaluru,31,7.9,12.3
2026-07-28,20,Kolkata,52,17.9,20.3
2026-07-28,20,Chennai,66,21.8,29.8
2026-07-28,20,Hyderabad,50,12.3,19.4
2026-07-28,20,Pune,35,10.1,18.9
2026-07-28,20,Ahmedabad,81,46.1,89.2
2026-07-28,21,Delhi,132,52.7,59.5
2026-07-28,21,Mumbai,65,22.2,59.6
2026-07-28,21,Bengaluru,30,7.3,11.5
2026-07-28,21,Kolkata,52,18.2,20.8
2026-07-28,21,Chennai,66,20.7,28.1
2026-07-28,21,Hyderabad,48,10.8,16.3
2026-07-28,21,Pune,35,9.5,18.2
2026-07-28,21,Ahmedabad,82,44.8,83.8
2026-07-28,22,Delhi,131,51.3,56.8
2026-07-28,22,Mumbai,65,22.8,62.9
2026-07-28,22,Bengaluru,29,6.4,9.8
2026-07-28,22,Kolkata,53,17.3,20.0
2026-07-28,22,Chennai,66,19.3,26.6
2026-07-28,22,Hyderabad,46,9.3,13.8
2026-07-28,22,Pune,36,8.4,15.8
2026-07-28,22,Ahmedabad,83,40.6,72.2
2026-07-28,23,Delhi,129,47.4,51.5
2026-07-28,23,Mumbai,66,22.1,58.7
2026-07-28,23,Bengaluru,28,5.3,7.7
2026-07-28,23,Kolkata,54,15.6,18.4
2026-07-28,23,Chennai,65,19.3,26.7
2026-07-28,23,Hyderabad,44,8.1,11.6
2026-07-28,23,Pune,36,6.5,11.8
2026-07-28,23,Ahmedabad,84,32.8,58.3
2026-07-29,00,Delhi,128,43.8,47.1
2026-07-29,00,Mumbai,66,21.5,57.4
2026-07-29,00,Bengaluru,28,4.9,8.3
2026-07-29,00,Kolkata,54,14.0,16.9
2026-07-29,00,Chennai,65,18.2,24.4
2026-07-29,00,Hyderabad,42,7.1,10.0
2026-07-29,00,Pune,36,4.3,7.2
2026-07-29,00,Ahmedabad,84,26.7,49.7
2026-07-29,01,Delhi,127,42.1,45.4
2026-07-29,01,Mumbai,66,20.8,56.6
2026-07-29,01,Bengaluru,28,3.3,4.7
2026-07-29,01,Kolkata,55,12.7,15.5
2026-07-29,01,Chennai,64,16.1,20.5
2026-07-29,01,Hyderabad,41,6.5,9.4
2026-07-29,01,Pune,36,3.3,4.8
2026-07-29,01,Ahmedabad,85,23.9,45.6
2026-07-29,02,Delhi,126,44.8,47.8
2026-07-29,02,Mumbai,66,21.1,60.5
2026-07-29,02,Bengaluru,28,2.5,3.2
2026-07-29,02,Kolkata,55,11.6,14.2
2026-07-29,02,Chennai,64,13.9,17.6
2026-07-29,02,Hyderabad,40,6.2,9.3
2026-07-29,02,Pune,36,2.9,4.5
2026-07-29,02,Ahmedabad,84,22.1,42.7
2026-07-29,03,Delhi,125,47.8,51.2
2026-07-29,03,Mumbai,67,19.6,53.9
2026-07-29,03,Bengaluru,28,2.0,2.3
2026-07-29,03,Kolkata,56,10.9,13.3
2026-07-29,03,Chennai,63,11.4,15.1
2026-07-29,03,Hyderabad,39,6.1,9.7
2026-07-29,03,Pune,36,3.0,5.0
2026-07-29,03,Ahmedabad,84,18.5,36.3
2026-07-29,04,Delhi,125,46.6,49.8
2026-07-29,04,Mumbai,67,19.4,56.2
2026-07-29,04,Bengaluru,28,1.8,2.1
2026-07-29,04,Kolkata,56,10.5,12.7
2026-07-29,04,Chennai,62,9.5,13.5
2026-07-29,04,Hyderabad,39,5.9,9.7
2026-07-29,04,Pune,36,2.8,4.4
2026-07-29,04,Ahmedabad,84,17.6,34.6
2026-07-29,05,Delhi,125,47.8,51.3
2026-07-29,05,Mumbai,68,18.3,54.5
2026-07-29,05,Bengaluru,28,2.9,6.4
2026-07-29,05,Kolkata,57,11.1,12.6
2026-07-29,05,Chennai,62,7.1,11.2
2026-07-29,05,Hyderabad,39,4.6,7.5
2026-07-29,05,Pune,36,3.0,6.2
2026-07-29,05,Ahmedabad,84,19.1,36.2
2026-07-29,06,Delhi,124,51.1,53.7
2026-07-29,06,Mumbai,68,18.7,51.5
2026-07-29,06,Bengaluru,28,3.4,7.4
2026-07-29,06,Kolkata,57,10.8,12.4
2026-07-29,06,Chennai,61,7.2,10.4
2026-07-29,06,Hyderabad,40,5.0,8.0
2026-07-29,06,Pune,36,2.6,4.8
2026-07-29,06,Ahmedabad,84,19.6,37.0
2026-07-29,07,Delhi,124,43.9,47.3
2026-07-29,07,Mumbai,68,21.0,58.3
2026-07-29,07,Bengaluru,28,3.7,5.6
2026-07-29,07,Kolkata,57,10.7,12.3
2026-07-29,07,Chennai,61,7.1,10.3
2026-07-29,07,Hyderabad,40,5.5,8.0
2026-07-29,07,Pune,36,3.0,4.6
2026-07-29,07,Ahmedabad,85,21.0,45.4
2026-07-29,08,Delhi,123,38.2,42.3
2026-07-29,08,Mumbai,69,21.1,53.2
2026-07-29,08,Bengaluru,28,3.5,5.3
2026-07-29,08,Kolkata,57,9.4,10.9
2026-07-29,08,Chennai,61,7.2,10.4
2026-07-29,08,Hyderabad,41,5.8,8.0
2026-07-29,08,Pune,36,3.4,5.9
2026-07-29,08,Ahmedabad,85,21.7,51.6
2026-07-29,09,Delhi,123,35.5,39.8
2026-07-29,09,Mumbai,69,19.1,48.3
2026-07-29,09,Bengaluru,28,3.4,5.9
2026-07-29,09,Kolkata,57,8.1,9.3
2026-07-29,09,Chennai,60,7.9,12.0
2026-07-29,09,Hyderabad,41,6.5,9.0
2026-07-29,09,Pune,36,5.5,13.4
2026-07-29,09,Ahmedabad,85,23.3,56.8
2026-07-29,10,Delhi,121,32.0,36.8
2026-07-29,10,Mumbai,69,19.3,49.2
2026-07-29,10,Bengaluru,28,3.5,6.1
2026-07-29,10,Kolkata,57,7.3,8.4
2026-07-29,10,Chennai,60,9.5,15.3
2026-07-29,10,Hyderabad,41,6.5,9.5
2026-07-29,10,Pune,36,8.2,20.6
2026-07-29,10,Ahmedabad,86,23.6,57.6
2026-07-29,11,Delhi,120,31.5,36.6
2026-07-29,11,Mumbai,69,19.6,47.5
2026-07-29,11,Bengaluru,28,3.9,8.4
2026-07-29,11,Kolkata,57,7.2,8.4
2026-07-29,11,Chennai,60,12.1,23.1
2026-07-29,11,Hyderabad,41,7.0,10.5
2026-07-29,11,Pune,36,9.7,22.6
2026-07-29,11,Ahmedabad,86,24.8,63.1
2026-07-29,12,Delhi,118,34.0,39.3
2026-07-29,12,Mumbai,69,17.6,39.7
2026-07-29,12,Bengaluru,28,5.1,11.9
2026-07-29,12,Kolkata,56,7.2,8.3
2026-07-29,12,Chennai,60,13.2,24.1
2026-07-29,12,Hyderabad,41,7.5,10.7
2026-07-29,12,Pune,36,7.9,19.4
2026-07-29,12,Ahmedabad,86,26.3,68.7
2026-07-29,13,Delhi,117,36.8,43.1
2026-07-29,13,Mumbai,69,17.2,39.7
2026-07-29,13,Bengaluru,27,5.6,14.1
2026-07-29,13,Kolkata,56,7.8,9.1
2026-07-29,13,Chennai,60,14.3,25.1
2026-07-29,13,Hyderabad,42,8.2,11.8
2026-07-29,13,Pune,36,8.5,20.0
2026-07-29,13,Ahmedabad,86,27.1,73.3
2026-07-29,14,Delhi,117,39.8,46.4
2026-07-29,14,Mumbai,69,17.5,39.9
2026-07-29,14,Bengaluru,27,6.9,18.0
2026-07-29,14,Kolkata,56,8.1,9.9
2026-07-29,14,Chennai,60,15.0,25.7
2026-07-29,14,Hyderabad,43,8.8,12.9
2026-07-29,14,Pune,36,7.9,19.2
2026-07-29,14,Ahmedabad,86,28.0,78.2
2026-07-29,15,Delhi,116,43.5,52.4
2026-07-29,15,Mumbai,69,17.2,38.5
2026-07-29,15,Bengaluru,28,7.8,19.5
2026-07-29,15,Kolkata,56,8.4,10.5
2026-07-29,15,Chennai,60,16.6,28.3
2026-07-29,15,Hyderabad,43,8.6,14.1
2026-07-29,15,Pune,36,8.2,18.9
2026-07-29,15,Ahmedabad,86,27.6,78.7
2026-07-29,16,Delhi,116,45.9,53.6
2026-07-29,16,Mumbai,70,16.3,35.9
2026-07-29,16,Bengaluru,28,7.7,17.7
2026-07-29,16,Kolkata,55,8.7,10.8
2026-07-29,16,Chennai,61,17.8,30.4
2026-07-29,16,Hyderabad,44,8.6,13.5
2026-07-29,16,Pune,36,10.4,21.7
2026-07-29,16,Ahmedabad,86,27.3,76.8
2026-07-29,17,Delhi,120,59.6,70.3
2026-07-29,17,Mumbai,70,17.6,43.2
2026-07-29,17,Bengaluru,28,10.6,24.5
2026-07-29,17,Kolkata,55,10.4,13.2
2026-07-29,17,Chennai,61,22.4,35.3
2026-07-29,17,Hyderabad,45,10.2,15.8
2026-07-29,17,Pune,37,13.6,29.3
2026-07-29,17,Ahmedabad,86,30.0,85.2
2026-07-29,18,Delhi,151,68.0,75.9
2026-07-29,18,Mumbai,70,18.0,43.4
2026-07-29,18,Bengaluru,29,9.5,17.1
2026-07-29,18,Kolkata,55,12.5,15.2
2026-07-29,18,Chennai,61,25.0,38.1
2026-07-29,18,Hyderabad,45,9.1,13.4
2026-07-29,18,Pune,38,10.8,21.7
2026-07-29,18,Ahmedabad,86,31.7,77.5
2026-07-29,19,Delhi,166,80.1,85.2
2026-07-29,19,Mumbai,70,18.0,45.9
2026-07-29,19,Bengaluru,29,8.5,14.0
2026-07-29,19,Kolkata,55,13.0,15.5
2026-07-29,19,Chennai,61,24.8,38.2
2026-07-29,19,Hyderabad,43,8.8,13.5
2026-07-29,19,Pune,38,10.1,17.6
2026-07-29,19,Ahmedabad,86,36.4,82.0
2026-07-29,20,Delhi,170,75.4,79.6
2026-07-29,20,Mumbai,70,17.8,45.4
2026-07-29,20,Bengaluru,29,7.9,12.8
2026-07-29,20,Kolkata,54,13.4,15.8
2026-07-29,20,Chennai,61,23.8,36.3
2026-07-29,20,Hyderabad,42,8.3,13.2
2026-07-29,20,Pune,38,9.1,14.4
2026-07-29,20,Ahmedabad,85,41.2,87.1
2026-07-29,21,Delhi,165,80.3,83.1
2026-07-29,21,Mumbai,69,16.9,41.9
2026-07-29,21,Bengaluru,29,7.2,12.0
2026-07-29,21,Kolkata,54,13.3,15.8
2026-07-29,21,Chennai,61,23.6,35.0
2026-07-29,21,Hyderabad,41,7.8,12.3
2026-07-29,21,Pune,38,6.5,9.2
2026-07-29,21,Ahmedabad,85,42.3,85.7
2026-07-29,22,Delhi,153,81.5,83.8
2026-07-29,22,Mumbai,69,15.1,36.3
2026-07-29,22,Bengaluru,29,6.5,10.8
2026-07-29,22,Kolkata,53,12.6,15.4
2026-07-29,22,Chennai,62,24.4,35.2
2026-07-29,22,Hyderabad,41,7.5,11.5
2026-07-29,22,Pune,37,6.2,8.8
2026-07-29,22,Ahmedabad,84,39.8,76.6
2026-07-29,23,Delhi,136,80.8,82.7
2026-07-29,23,Mumbai,68,14.4,34.7
2026-07-29,23,Bengaluru,29,6.2,10.9
2026-07-29,23,Kolkata,53,11.1,13.8
2026-07-29,23,Chennai,62,25.9,39.2
2026-07-29,23,Hyderabad,40,7.3,11.1
2026-07-29,23,Pune,36,5.1,7.2
2026-07-29,23,Ahmedabad,84,33.9,60.8
2026-07-30,00,Delhi,139,77.8,79.4
2026-07-30,00,Mumbai,68,14.4,37.6
2026-07-30,00,Bengaluru,30,5.8,11.0
2026-07-30,00,Kolkata,53,10.6,13.0
2026-07-30,00,Chennai,62,25.3,38.9
2026-07-30,00,Hyderabad,40,7.4,11.8
2026-07-30,00,Pune,36,4.2,5.9
2026-07-30,00,Ahmedabad,84,28.3,50.2
2026-07-30,01,Delhi,143,74.7,75.9
2026-07-30,01,Mumbai,67,13.4,32.1
2026-07-30,01,Bengaluru,30,5.3,10.2
2026-07-30,01,Kolkata,52,10.2,12.7
2026-07-30,01,Chennai,63,23.7,36.8
2026-07-30,01,Hyderabad,40,7.5,12.1
2026-07-30,01,Pune,36,3.3,4.5
2026-07-30,01,Ahmedabad,85,25.1,45.2
2026-07-30,02,Delhi,146,71.7,72.9
2026-07-30,02,Mumbai,67,14.1,36.1
2026-07-30,02,Bengaluru,30,4.5,8.8
2026-07-30,02,Kolkata,52,10.3,12.8
2026-07-30,02,Chennai,64,22.4,34.0
2026-07-30,02,Hyderabad,40,6.9,10.7
2026-07-30,02,Pune,36,2.6,3.4
2026-07-30,02,Ahmedabad,85,22.2,41.1
2026-07-30,03,Delhi,149,69.2,70.1
2026-07-30,03,Mumbai,66,14.8,39.0
2026-07-30,03,Bengaluru,31,3.1,5.8
2026-07-30,03,Kolkata,52,9.9,12.3
2026-07-30,03,Chennai,64,20.5,29.3
2026-07-30,03,Hyderabad,41,6.1,9.3
2026-07-30,03,Pune,36,2.4,3.2
2026-07-30,03,Ahmedabad,85,19.6,37.1
2026-07-30,04,Delhi,150,67.5,68.2
2026-07-30,04,Mumbai,66,14.7,36.7
2026-07-30,04,Bengaluru,31,2.6,5.2
2026-07-30,04,Kolkata,52,9.6,11.9
2026-07-30,04,Chennai,65,17.6,23.9
2026-07-30,04,Hyderabad,41,5.2,7.7
2026-07-30,04,Pune,36,2.4,3.4
2026-07-30,04,Ahmedabad,85,18.2,34.6
2026-07-30,05,Delhi,151,70.5,70.8
2026-07-30,05,Mumbai,65,13.3,31.4
2026-07-30,05,Bengaluru,31,2.5,4.4
2026-07-30,05,Kolkata,52,10.8,14.5
2026-07-30,05,Chennai,66,6.1,7.7
2026-07-30,05,Hyderabad,40,4.8,7.4
2026-07-30,05,Pune,36,2.5,4.9
2026-07-30,05,Ahmedabad,85,18.5,33.8
2026-07-30,06,Delhi,152,73.3,73.8
2026-07-30,06,Mumbai,65,14.2,35.7
2026-07-30,06,Bengaluru,31,2.4,4.2
2026-07-30,06,Kolkata,52,11.9,15.7
2026-07-30,06,Chennai,66,6.8,9.5
2026-07-30,06,Hyderabad,40,4.2,6.4
2026-07-30,06,Pune,36,3.0,5.2
2026-07-30,06,Ahmedabad,85,18.4,34.0
2026-07-30,07,Delhi,152,68.2,68.7
2026-07-30,07,Mumbai,65,15.0,35.0
2026-07-30,07,Bengaluru,31,3.4,4.6
2026-07-30,07,Kolkata,52,12.6,16.8
2026-07-30,07,Chennai,65,7.9,11.3
2026-07-30,07,Hyderabad,40,4.4,6.5
2026-07-30,07,Pune,36,3.9,7.3
2026-07-30,07,Ahmedabad,85,18.5,36.6
2026-07-30,08,Delhi,153,52.4,52.9
2026-07-30,08,Mumbai,64,17.1,42.1
2026-07-30,08,Bengaluru,31,3.3,4.6
2026-07-30,08,Kolkata,52,12.3,16.5
2026-07-30,08,Chennai,66,8.1,12.5
2026-07-30,08,Hyderabad,40,5.2,7.7
2026-07-30,08,Pune,36,5.0,8.4
2026-07-30,08,Ahmedabad,84,18.7,43.9
2026-07-30,09,Delhi,154,47.0,47.5
2026-07-30,09,Mumbai,64,15.9,34.8
2026-07-30,09,Bengaluru,31,3.3,4.6
2026-07-30,09,Kolkata,52,12.0,15.8
2026-07-30,09,Chennai,66,8.4,14.1
2026-07-30,09,Hyderabad,40,6.2,10.5
2026-07-30,09,Pune,36,4.8,8.2
2026-07-30,09,Ahmedabad,84,21.1,53.7
2026-07-30,10,Delhi,154,43.2,45.1
2026-07-30,10,Mumbai,64,15.4,32.9
2026-07-30,10,Bengaluru,31,3.5,5.8
2026-07-30,10,Kolkata,53,10.1,13.8
2026-07-30,10,Chennai,66,9.4,16.3
2026-07-30,10,Hyderabad,40,6.8,12.2
2026-07-30,10,Pune,36,4.9,7.5
2026-07-30,10,Ahmedabad,84,23.5,61.5
2026-07-30,11,Delhi,154,41.8,42.8
2026-07-30,11,Mumbai,63,15.1,31.2
2026-07-30,11,Bengaluru,31,4.1,8.0
2026-07-30,11,Kolkata,53,11.2,16.1
2026-07-30,11,Chennai,66,10.3,18.0
2026-07-30,11,Hyderabad,40,7.7,15.7
2026-07-30,11,Pune,35,4.2,6.7
2026-07-30,11,Ahmedabad,84,26.8,69.8
2026-07-30,12,Delhi,154,41.1,43.9
2026-07-30,12,Mumbai,63,15.8,32.4
2026-07-30,12,Bengaluru,31,5.1,10.9
2026-07-30,12,Kolkata,53,11.3,16.7
2026-07-30,12,Chennai,66,11.7,21.8
2026-07-30,12,Hyderabad,40,9.1,18.8
2026-07-30,12,Pune,34,3.7,6.5
2026-07-30,12,Ahmedabad,84,28.5,73.6
2026-07-30,13,Delhi,155,41.9,52.2
2026-07-30,13,Mumbai,63,17.3,38.2
2026-07-30,13,Bengaluru,31,7.3,17.3
2026-07-30,13,Kolkata,54,11.5,18.0
2026-07-30,13,Chennai,65,13.6,25.9
2026-07-30,13,Hyderabad,40,9.5,20.7
2026-07-30,13,Pune,33,3.5,6.8
2026-07-30,13,Ahmedabad,84,29.0,74.0
2026-07-30,14,Delhi,155,42.1,55.9
2026-07-30,14,Mumbai,63,19.0,44.0
2026-07-30,14,Bengaluru,31,7.8,17.8
2026-07-30,14,Kolkata,54,11.1,15.9
2026-07-30,14,Chennai,65,15.4,28.2
2026-07-30,14,Hyderabad,41,9.2,18.9
2026-07-30,14,Pune,32,4.1,7.9
2026-07-30,14,Ahmedabad,84,28.2,70.3
2026-07-30,15,Delhi,170,41.2,55.2
2026-07-30,15,Mumbai,63,18.6,41.1
2026-07-30,15,Bengaluru,31,6.9,15.4
2026-07-30,15,Kolkata,54,10.9,14.8
2026-07-30,15,Chennai,65,16.9,28.9
2026-07-30,15,Hyderabad,41,9.3,18.7
2026-07-30,15,Pune,31,6.2,12.9
2026-07-30,15,Ahmedabad,84,26.5,65.9
2026-07-30,16,Delhi,197,40.6,53.1
2026-07-30,16,Mumbai,63,18.7,41.1
2026-07-30,16,Bengaluru,31,5.6,10.1
2026-07-30,16,Kolkata,54,10.7,14.3
2026-07-30,16,Chennai,65,17.6,29.9
2026-07-30,16,Hyderabad,41,8.6,15.4
2026-07-30,16,Pune,31,6.7,12.8
2026-07-30,16,Ahmedabad,84,25.2,61.2
2026-07-30,17,Delhi,207,40.9,42.7
2026-07-30,17,Mumbai,63,22.5,51.8
2026-07-30,17,Bengaluru,31,7.6,13.4
2026-07-30,17,Kolkata,55,11.0,13.9
2026-07-30,17,Chennai,65,16.3,27.2
2026-07-30,17,Hyderabad,41,11.7,21.1
2026-07-30,17,Pune,30,8.5,16.4
2026-07-30,17,Ahmedabad,84,29.5,67.3
2026-07-30,18,Delhi,209,43.8,45.2
2026-07-30,18,Mumbai,64,21.1,48.9
2026-07-30,18,Bengaluru,30,7.0,11.5
2026-07-30,18,Kolkata,55,12.0,14.7
2026-07-30,18,Chennai,65,15.8,25.1
2026-07-30,18,Hyderabad,41,11.9,21.2
2026-07-30,18,Pune,29,8.3,14.8
2026-07-30,18,Ahmedabad,84,29.3,57.0
2026-07-30,19,Delhi,206,46.4,47.5
2026-07-30,19,Mumbai,64,20.6,46.8
2026-07-30,19,Bengaluru,29,7.2,10.8
2026-07-30,19,Kolkata,55,12.6,15.3
2026-07-30,19,Chennai,64,15.4,23.2
2026-07-30,19,Hyderabad,42,11.3,18.7
2026-07-30,19,Pune,28,5.9,9.3
2026-07-30,19,Ahmedabad,84,30.0,53.4
2026-07-30,20,Delhi,194,46.1,46.7
2026-07-30,20,Mumbai,64,20.4,47.3
2026-07-30,20,Bengaluru,29,6.8,10.2
2026-07-30,20,Kolkata,54,12.4,15.1
2026-07-30,20,Chennai,63,15.8,22.9
2026-07-30,20,Hyderabad,43,9.7,15.1
2026-07-30,20,Pune,27,4.4,6.4
2026-07-30,20,Ahmedabad,84,29.0,49.5
2026-07-30,21,Delhi,166,45.5,45.9
2026-07-30,21,Mumbai,64,20.6,49.5
2026-07-30,21,Bengaluru,29,5.5,8.2
2026-07-30,21,Kolkata,54,12.5,15.4
2026-07-30,21,Chennai,63,15.3,22.5
2026-07-30,21,Hyderabad,43,8.1,12.1
2026-07-30,21,Pune,26,4.3,6.3
2026-07-30,21,Ahmedabad,83,28.3,47.3
2026-07-30,22,Delhi,151,45.8,46.3
2026-07-30,22,Mumbai,65,21.1,52.3
2026-07-30,22,Bengaluru,29,5.2,7.9
2026-07-30,22,Kolkata,54,12.0,15.1
2026-07-30,22,Chennai,62,15.7,23.9
2026-07-30,22,Hyderabad,43,7.3,10.5
2026-07-30,22,Pune,25,4.4,6.5
2026-07-30,22,Ahmedabad,81,27.4,46.1
2026-07-30,23,Delhi,148,45.4,46.6
2026-07-30,23,Mumbai,65,21.1,54.2
2026-07-30,23,Bengaluru,28,3.9,5.1
2026-07-30,23,Kolkata,54,11.1,14.2
2026-07-30,23,Chennai,61,15.8,24.3
2026-07-30,23,Hyderabad,43,6.3,8.8
2026-07-30,23,Pune,25,3.7,5.7
2026-07-30,23,Ahmedabad,80,26.5,46.4
2026-07-31,00,Delhi,144,43.3,45.2
2026-07-31,00,Mumbai,66,21.0,56.7
2026-07-31,00,Bengaluru,28,3.4,5.4
2026-07-31,00,Kolkata,54,10.7,13.9
2026-07-31,00,Chennai,61,16.4,25.1
2026-07-31,00,Hyderabad,43,5.0,7.0
2026-07-31,00,Pune,25,2.7,4.2
2026-07-31,00,Ahmedabad,80,25.9,47.5
2026-07-31,01,Delhi,141,39.3,41.2
2026-07-31,01,Mumbai,66,19.2,48.1
2026-07-31,01,Bengaluru,27,3.1,5.5
2026-07-31,01,Kolkata,54,10.9,14.0
2026-07-31,01,Chennai,60,16.8,24.9
2026-07-31,01,Hyderabad,42,4.2,5.8
2026-07-31,01,Pune,24,1.8,2.6
2026-07-31,01,Ahmedabad,80,25.7,48.1
2026-07-31,02,Delhi,137,33.8,34.7
2026-07-31,02,Mumbai,67,19.1,51.1
2026-07-31,02,Bengaluru,27,2.6,4.4
2026-07-31,02,Kolkata,54,11.4,14.7
2026-07-31,02,Chennai,59,16.6,23.5
2026-07-31,02,Hyderabad,41,3.4,4.6
2026-07-31,02,Pune,24,1.4,2.1
2026-07-31,02,Ahmedabad,80,25.4,48.1
2026-07-31,03,Delhi,133,29.0,29.5
2026-07-31,03,Mumbai,67,18.6,50.2
2026-07-31,03,Bengaluru,26,2.0,3.1
2026-07-31,03,Kolkata,54,11.4,15.0
2026-07-31,03,Chennai,59,15.5,20.9
2026-07-31,03,Hyderabad,41,2.8,3.6
2026-07-31,03,Pune,24,1.1,1.4
2026-07-31,03,Ahmedabad,80,24.9,47.6
2026-07-31,04,Delhi,129,38.3,136.9
2026-07-31,04,Mumbai,67,15.6,36.8
2026-07-31,04,Bengaluru,26,1.7,2.6
2026-07-31,04,Kolkata,55,11.4,15.4
2026-07-31,04,Chennai,59,13.8,18.0
2026-07-31,04,Hyderabad,40,2.6,3.5
2026-07-31,04,Pune,23,1.1,1.5
2026-07-31,04,Ahmedabad,80,22.6,44.4
2026-07-31,05,Delhi,126,37.7,146.2
2026-07-31,05,Mumbai,67,16.0,40.6
2026-07-31,05,Bengaluru,26,2.2,4.0
2026-07-31,05,Kolkata,55,13.2,16.4
2026-07-31,05,Chennai,58,10.5,14.6
2026-07-31,05,Hyderabad,39,3.3,6.5
2026-07-31,05,Pune,23,1.2,1.3
2026-07-31,05,Ahmedabad,81,30.3,52.3
2026-07-31,06,Delhi,123,32.6,89.4
2026-07-31,06,Mumbai,68,15.2,34.6
2026-07-31,06,Bengaluru,26,2.4,4.3
2026-07-31,06,Kolkata,55,14.6,19.9
2026-07-31,06,Chennai,59,10.7,14.3
2026-07-31,06,Hyderabad,39,4.8,9.4
2026-07-31,06,Pune,23,1.6,2.1
2026-07-31,06,Ahmedabad,82,27.0,49.5
2026-07-31,07,Delhi,118,27.4,47.5
2026-07-31,07,Mumbai,68,16.1,35.5
2026-07-31,07,Bengaluru,26,3.5,5.6
2026-07-31,07,Kolkata,55,15.0,21.5
2026-07-31,07,Chennai,59,11.8,15.4
2026-07-31,07,Hyderabad,39,6.2,11.3
2026-07-31,07,Pune,23,2.6,3.8
2026-07-31,07,Ahmedabad,82,24.1,46.9
2026-07-31,08,Delhi,114,21.6,25.4
2026-07-31,08,Mumbai,68,16.3,32.5
2026-07-31,08,Bengaluru,26,4.0,6.4
2026-07-31,08,Kolkata,55,14.7,22.3
2026-07-31,08,Chennai,59,9.9,15.0
2026-07-31,08,Hyderabad,39,7.1,14.1
2026-07-31,08,Pune,22,3.4,5.2
2026-07-31,08,Ahmedabad,83,22.9,48.3
2026-07-31,09,Delhi,111,20.5,21.8
2026-07-31,09,Mumbai,68,15.8,31.1
2026-07-31,09,Bengaluru,26,4.1,7.4
2026-07-31,09,Kolkata,55,13.7,22.2
2026-07-31,09,Chennai,59,10.0,16.3
2026-07-31,09,Hyderabad,40,7.5,15.1
2026-07-31,09,Pune,22,4.1,5.6
2026-07-31,09,Ahmedabad,83,22.6,48.5
2026-07-31,10,Delhi,108,21.3,22.1
2026-07-31,10,Mumbai,68,15.2,29.9
2026-07-31,10,Bengaluru,26,4.5,9.5
2026-07-31,10,Kolkata,56,13.2,23.7
2026-07-31,10,Chennai,60,12.2,19.4
2026-07-31,10,Hyderabad,40,7.3,14.5
2026-07-31,10,Pune,22,3.4,5.1
2026-07-31,10,Ahmedabad,83,21.8,47.6
2026-07-31,11,Delhi,106,22.8,23.3
2026-07-31,11,Mumbai,68,15.0,29.5
2026-07-31,11,Bengaluru,26,5.4,11.5
2026-07-31,11,Kolkata,56,12.7,24.4
2026-07-31,11,Chennai,60,15.0,23.9
2026-07-31,11,Hyderabad,40,7.0,13.4
2026-07-31,11,Pune,21,4.0,5.4
2026-07-31,11,Ahmedabad,83,24.2,53.6
2026-07-31,12,Delhi,104,22.2,22.6
2026-07-31,12,Mumbai,68,15.1,32.6
2026-07-31,12,Bengaluru,27,5.8,12.1
2026-07-31,12,Kolkata,56,11.8,22.1
2026-07-31,12,Chennai,60,17.8,28.9
2026-07-31,12,Hyderabad,40,7.3,14.5
2026-07-31,12,Pune,21,3.7,6.1
2026-07-31,12,Ahmedabad,83,26.5,57.6
2026-07-31,13,Delhi,102,20.8,28.2
2026-07-31,13,Mumbai,68,14.0,29.0
2026-07-31,13,Bengaluru,27,6.4,13.8
2026-07-31,13,Kolkata,56,10.4,19.0
2026-07-31,13,Chennai,61,20.0,32.8
2026-07-31,13,Hyderabad,40,6.6,12.7
2026-07-31,13,Pune,21,4.9,8.7
2026-07-31,13,Ahmedabad,83,27.6,58.9
2026-07-31,14,Delhi,100,21.7,30.4
2026-07-31,14,Mumbai,67,13.2,25.6
2026-07-31,14,Bengaluru,27,6.5,13.5
2026-07-31,14,Kolkata,56,10.3,17.3
2026-07-31,14,Chennai,61,21.6,36.4
2026-07-31,14,Hyderabad,39,5.8,9.5
2026-07-31,14,Pune,22,5.2,9.1
2026-07-31,14,Ahmedabad,83,26.9,55.5
2026-07-31,15,Delhi,98,20.7,23.7
2026-07-31,15,Mumbai,67,12.7,25.4
2026-07-31,15,Bengaluru,26,6.5,13.3
2026-07-31,15,Kolkata,56,11.4,17.1
2026-07-31,15,Chennai,62,20.9,34.3
2026-07-31,15,Hyderabad,38,5.3,8.2
2026-07-31,15,Pune,22,5.6,10.7
2026-07-31,15,Ahmedabad,83,22.8,43.3
2026-07-31,16,Delhi,97,20.2,21.4
2026-07-31,16,Mumbai,66,12.7,25.4
2026-07-31,16,Bengaluru,26,5.6,10.7
2026-07-31,16,Kolkata,56,10.7,16.6
2026-07-31,16,Chennai,62,20.4,32.9
2026-07-31,16,Hyderabad,37,5.4,7.2
2026-07-31,16,Pune,22,6.6,13.1
2026-07-31,16,Ahmedabad,82,21.3,36.2
2026-07-31,17,Delhi,103,31.5,32.0
2026-07-31,17,Mumbai,66,14.1,30.0
2026-07-31,17,Bengaluru,28,9.0,15.3
2026-07-31,17,Kolkata,56,17.2,26.0
2026-07-31,17,Chennai,62,22.5,34.8
2026-07-31,17,Hyderabad,37,5.5,6.4
2026-07-31,17,Pune,22,6.7,10.8
2026-07-31,17,Ahmedabad,82,19.1,30.6
2026-07-31,18,Delhi,108,35.2,35.5
2026-07-31,18,Mumbai,65,13.8,29.9
2026-07-31,18,Bengaluru,28,9.2,14.2
2026-07-31,18,Kolkata,56,18.9,27.1
2026-07-31,18,Chennai,63,22.2,31.7
2026-07-31,18,Hyderabad,35,6.0,7.0
2026-07-31,18,Pune,21,4.7,6.9
2026-07-31,18,Ahmedabad,81,21.1,32.8
2026-07-31,19,Delhi,103,36.7,37.0
2026-07-31,19,Mumbai,65,13.6,28.9
2026-07-31,19,Bengaluru,28,9.0,12.8
2026-07-31,19,Kolkata,57,20.4,28.3
2026-07-31,19,Chennai,63,21.7,30.4
2026-07-31,19,Hyderabad,34,7.1,9.1
2026-07-31,19,Pune,20,4.2,6.5
2026-07-31,19,Ahmedabad,80,22.1,31.7
2026-07-31,20,Delhi,93,36.3,36.8
2026-07-31,20,Mumbai,64,13.4,28.9
2026-07-31,20,Bengaluru,27,8.1,11.0
2026-07-31,20,Kolkata,58,19.4,26.1
2026-07-31,20,Chennai,64,20.3,29.2
2026-07-31,20,Hyderabad,33,8.1,11.3
2026-07-31,20,Pune,20,3.4,5.3
2026-07-31,20,Ahmedabad,80,20.8,29.1
2026-07-31,21,Delhi,92,34.9,35.6
2026-07-31,21,Mumbai,64,13.4,28.2
2026-07-31,21,Bengaluru,28,6.9,9.4
2026-07-31,21,Kolkata,58,19.0,24.8
2026-07-31,21,Chennai,64,17.6,26.3
2026-07-31,21,Hyderabad,32,8.6,12.5
2026-07-31,21,Pune,20,3.6,5.4
2026-07-31,21,Ahmedabad,79,17.4,27.0
2026-07-31,22,Delhi,91,33.4,34.3
2026-07-31,22,Mumbai,63,14.2,29.7
2026-07-31,22,Bengaluru,28,5.9,7.7
2026-07-31,22,Kolkata,59,17.8,22.9
2026-07-31,22,Chennai,64,15.6,24.9
2026-07-31,22,Hyderabad,33,8.0,11.6
2026-07-31,22,Pune,20,3.9,5.7
2026-07-31,22,Ahmedabad,78,15.8,26.3
2026-07-31,23,Delhi,90,31.2,32.1
2026-07-31,23,Mumbai,62,15.0,32.5
2026-07-31,23,Bengaluru,28,4.6,5.6
2026-07-31,23,Kolkata,59,15.9,20.2
2026-07-31,23,Chennai,64,15.5,25.6
2026-07-31,23,Hyderabad,33,7.1,10.2
2026-07-31,23,Pune,20,3.7,5.7
2026-07-31,23,Ahmedabad,77,15.5,25.9
2026-08-01,00,Delhi,89,28.6,29.5
2026-08-01,00,Mumbai,62,14.3,33.4
2026-08-01,00,Bengaluru,28,3.3,3.8
2026-08-01,00,Kolkata,59,14.5,18.3
2026-08-01,00,Chennai,64,15.9,26.0
2026-08-01,00,Hyderabad,33,6.4,9.8
2026-08-01,00,Pune,20,2.3,3.4
2026-08-01,00,Ahmedabad,77,14.5,24.3
2026-08-01,01,Delhi,88,41.2,157.9
2026-08-01,01,Mumbai,61,14.4,34.8
2026-08-01,01,Bengaluru,28,2.6,2.9
2026-08-01,01,Kolkata,60,13.8,17.5
2026-08-01,01,Chennai,64,15.9,25.8
2026-08-01,01,Hyderabad,33,6.1,9.4
2026-08-01,01,Pune,19,1.8,2.3
2026-08-01,01,Ahmedabad,76,12.4,20.7
2026-08-01,02,Delhi,88,49.4,225.8
2026-08-01,02,Mumbai,61,14.3,33.9
2026-08-01,02,Bengaluru,28,2.2,2.7
2026-08-01,02,Kolkata,60,14.3,18.1
2026-08-01,02,Chennai,64,15.4,24.7
2026-08-01,02,Hyderabad,34,5.7,8.6
2026-08-01,02,Pune,19,1.6,2.1
2026-08-01,02,Ahmedabad,75,11.4,19.0
2026-08-01,03,Delhi,89,52.9,252.4
2026-08-01,03,Mumbai,61,13.9,32.0
2026-08-01,03,Bengaluru,28,2.2,3.0
2026-08-01,03,Kolkata,60,15.4,19.6
2026-08-01,03,Chennai,64,14.9,23.1
2026-08-01,03,Hyderabad,34,5.4,8.1
2026-08-01,03,Pune,20,1.4,1.7
2026-08-01,03,Ahmedabad,74,11.1,18.6
2026-08-01,04,Delhi,91,52.4,243.1
2026-08-01,04,Mumbai,60,14.7,35.0
2026-08-01,04,Bengaluru,28,2.1,3.2
2026-08-01,04,Kolkata,61,15.0,19.1
2026-08-01,04,Chennai,64,15.1,22.8
2026-08-01,04,Hyderabad,35,5.0,7.5
2026-08-01,04,Pune,20,1.5,2.1
2026-08-01,04,Ahmedabad,72,10.9,19.0
2026-08-01,05,Delhi,92,25.5,26.5
2026-08-01,05,Mumbai,60,15.3,37.1
2026-08-01,05,Bengaluru,28,2.3,3.0
2026-08-01,05,Kolkata,61,12.0,15.8
2026-08-01,05,Chennai,64,15.0,22.5
2026-08-01,05,Hyderabad,35,4.5,6.7
2026-08-01,05,Pune,20,2.3,4.5
2026-08-01,05,Ahmedabad,72,10.7,17.3
2026-08-01,06,Delhi,91,26.8,27.8
2026-08-01,06,Mumbai,60,17.6,47.8
2026-08-01,06,Bengaluru,28,2.3,2.8
2026-08-01,06,Kolkata,61,13.4,18.8
2026-08-01,06,Chennai,64,15.3,22.5
2026-08-01,06,Hyderabad,36,5.0,7.3
2026-08-01,06,Pune,20,2.8,6.0
2026-08-01,06,Ahmedabad,70,10.8,17.9
2026-08-01,07,Delhi,91,27.5,28.6
2026-08-01,07,Mumbai,60,16.8,39.8
2026-08-01,07,Bengaluru,28,2.7,3.2
2026-08-01,07,Kolkata,61,13.7,19.0
2026-08-01,07,Chennai,65,16.2,23.4
2026-08-01,07,Hyderabad,36,5.5,8.4
2026-08-01,07,Pune,20,3.5,6.1
2026-08-01,07,Ahmedabad,69,11.0,19.1
2026-08-01,08,Delhi,91,26.4,27.4
2026-08-01,08,Mumbai,60,18.9,46.8
2026-08-01,08,Bengaluru,28,3.5,4.8
2026-08-01,08,Kolkata,61,14.0,19.3
2026-08-01,08,Chennai,65,16.8,24.2
2026-08-01,08,Hyderabad,35,5.1,8.4
2026-08-01,08,Pune,20,5.7,11.7
2026-08-01,08,Ahmedabad,68,11.7,21.8
2026-08-01,09,Delhi,91,25.3,26.0
2026-08-01,09,Mumbai,61,18.9,42.4
2026-08-01,09,Bengaluru,28,3.2,4.6
2026-08-01,09,Kolkata,60,14.2,20.1
2026-08-01,09,Chennai,66,15.8,22.6
2026-08-01,09,Hyderabad,35,4.9,8.0
2026-08-01,09,Pune,21,7.0,15.1
2026-08-01,09,Ahmedabad,67,13.0,24.4
2026-08-01,10,Delhi,92,34.8,117.8
2026-08-01,10,Mumbai,61,18.5,39.1
2026-08-01,10,Bengaluru,28,3.0,4.9
2026-08-01,10,Kolkata,60,12.9,19.8
2026-08-01,10,Chennai,66,16.4,23.6
2026-08-01,10,Hyderabad,34,4.4,7.3
2026-08-01,10,Pune,22,8.2,17.8
2026-08-01,10,Ahmedabad,66,14.2,25.2
2026-08-01,11,Delhi,93,27.6,44.8
2026-08-01,11,Mumbai,61,17.2,38.2
2026-08-01,11,Bengaluru,27,3.1,5.5
2026-08-01,11,Kolkata,60,13.0,21.0
2026-08-01,11,Chennai,66,18.1,26.4
2026-08-01,11,Hyderabad,34,4.0,6.3
2026-08-01,11,Pune,23,7.3,18.6
2026-08-01,11,Ahmedabad,65,15.3,27.0
2026-08-01,12,Delhi,93,30.2,61.0
2026-08-01,12,Mumbai,61,17.4,39.1
2026-08-01,12,Bengaluru,27,4.4,9.6
2026-08-01,12,Kolkata,60,12.8,20.9
2026-08-01,12,Chennai,67,20.9,31.0
2026-08-01,12,Hyderabad,33,3.6,5.7
2026-08-01,12,Pune,24,7.0,18.5
2026-08-01,12,Ahmedabad,65,16.5,28.7
2026-08-01,13,Delhi,94,30.5,38.1
2026-08-01,13,Mumbai,62,17.4,37.7
2026-08-01,13,Bengaluru,27,6.2,14.3
2026-08-01,13,Kolkata,61,14.7,24.7
2026-08-01,13,Chennai,67,21.4,31.8
2026-08-01,13,Hyderabad,32,3.6,5.4
2026-08-01,13,Pune,24,6.5,16.4
2026-08-01,13,Ahmedabad,64,16.5,28.1
2026-08-01,14,Delhi,94,30.0,33.6
2026-08-01,14,Mumbai,62,18.7,46.4
2026-08-01,14,Bengaluru,26,7.9,19.3
2026-08-01,14,Kolkata,61,13.6,20.4
2026-08-01,14,Chennai,67,20.8,31.7
2026-08-01,14,Hyderabad,32,3.7,5.5
2026-08-01,14,Pune,25,8.1,18.1
2026-08-01,14,Ahmedabad,63,16.4,26.6
2026-08-01,15,Delhi,99,29.5,31.3
2026-08-01,15,Mumbai,62,17.8,40.9
2026-08-01,15,Bengaluru,27,8.0,20.0
2026-08-01,15,Kolkata,61,13.4,20.0
2026-08-01,15,Chennai,67,20.9,32.9
2026-08-01,15,Hyderabad,31,5.2,10.2
2026-08-01,15,Pune,25,6.8,14.5
2026-08-01,15,Ahmedabad,62,15.9,24.7
2026-08-01,16,Delhi,120,28.8,29.8
2026-08-01,16,Mumbai,63,18.1,45.6
2026-08-01,16,Bengaluru,27,8.7,17.5
2026-08-01,16,Kolkata,61,13.7,20.4
2026-08-01,16,Chennai,67,21.2,33.9
2026-08-01,16,Hyderabad,31,8.3,18.0
2026-08-01,16,Pune,26,6.3,13.5
2026-08-01,16,Ahmedabad,62,16.6,24.2
2026-08-01,17,Delhi,134,36.6,55.9
2026-08-01,17,Mumbai,63,17.9,42.8
2026-08-01,17,Bengaluru,29,6.5,11.5
2026-08-01,17,Kolkata,62,16.9,24.9
2026-08-01,17,Chennai,67,19.8,29.5
2026-08-01,17,Hyderabad,32,8.6,13.9
2026-08-01,17,Pune,26,8.0,16.9
2026-08-01,17,Ahmedabad,61,8.9,12.0
2026-08-01,18,Delhi,144,41.2,53.3
2026-08-01,18,Mumbai,63,17.1,41.1
2026-08-01,18,Bengaluru,30,6.0,8.5
2026-08-01,18,Kolkata,62,18.5,25.7
2026-08-01,18,Chennai,67,20.7,30.0
2026-08-01,18,Hyderabad,33,11.6,17.5
2026-08-01,18,Pune,26,6.5,13.9
2026-08-01,18,Ahmedabad,61,8.6,11.6
2026-08-01,19,Delhi,144,44.9,51.5
2026-08-01,19,Mumbai,64,17.8,43.4
2026-08-01,19,Bengaluru,29,5.9,7.5
2026-08-01,19,Kolkata,62,18.9,26.0
2026-08-01,19,Chennai,68,21.6,30.7
2026-08-01,19,Hyderabad,34,15.1,22.4
2026-08-01,19,Pune,26,7.6,14.8
2026-08-01,19,Ahmedabad,60,8.6,11.8
2026-08-01,20,Delhi,132,44.9,48.1
2026-08-01,20,Mumbai,64,17.3,42.7
2026-08-01,20,Bengaluru,28,5.2,6.0
2026-08-01,20,Kolkata,61,17.2,23.5
2026-08-01,20,Chennai,67,22.1,30.4
2026-08-01,20,Hyderabad,36,17.2,27.6
2026-08-01,20,Pune,27,7.3,12.8
2026-08-01,20,Ahmedabad,59,9.1,12.9
2026-08-01,21,Delhi,113,43.2,44.4
2026-08-01,21,Mumbai,64,18.4,50.4
2026-08-01,21,Bengaluru,25,4.3,5.1
2026-08-01,21,Kolkata,61,16.2,21.5
2026-08-01,21,Chennai,67,22.5,30.0
2026-08-01,21,Hyderabad,38,15.5,26.6
2026-08-01,21,Pune,28,6.0,9.6
2026-08-01,21,Ahmedabad,58,9.1,13.2
2026-08-01,22,Delhi,99,40.7,41.2
2026-08-01,22,Mumbai,65,15.7,38.4
2026-08-01,22,Bengaluru,25,4.3,5.7
2026-08-01,22,Kolkata,61,15.4,20.1
2026-08-01,22,Chennai,67,19.0,26.2
2026-08-01,22,Hyderabad,39,12.8,20.1
2026-08-01,22,Pune,28,5.4,8.3
2026-08-01,22,Ahmedabad,57,8.4,12.2
2026-08-01,23,Delhi,100,40.3,40.4
2026-08-01,23,Mumbai,65,14.9,35.0
2026-08-01,23,Bengaluru,24,3.9,5.4
2026-08-01,23,Kolkata,61,14.3,18.5
2026-08-01,23,Chennai,67,16.8,23.3
2026-08-01,23,Hyderabad,40,10.1,15.1
2026-08-01,23,Pune,29,4.2,7.0
2026-08-01,23,Ahmedabad,56,7.9,11.5
2026-08-02,00,Delhi,101,37.4,37.6
2026-08-02,00,Mumbai,65,15.3,41.2
2026-08-02,00,Bengaluru,24,2.9,4.0
2026-08-02,00,Kolkata,61,13.9,17.8
2026-08-02,00,Chennai,67,16.3,23.0
2026-08-02,00,Hyderabad,41,8.3,13.0
2026-08-02,00,Pune,29,3.2,5.4
2026-08-02,00,Ahmedabad,56,7.5,11.0
2026-08-02,01,Delhi,102,35.0,35.5
2026-08-02,01,Mumbai,65,15.8,39.5
2026-08-02,01,Bengaluru,24,2.1,2.7
2026-08-02,01,Kolkata,61,14.0,17.8
2026-08-02,01,Chennai,68,17.5,25.1
2026-08-02,01,Hyderabad,41,8.0,13.4
2026-08-02,01,Pune,29,2.7,4.6
2026-08-02,01,Ahmedabad,55,6.8,9.9
2026-08-02,02,Delhi,101,34.6,35.4
2026-08-02,02,Mumbai,65,13.5,32.2
2026-08-02,02,Bengaluru,24,2.0,2.8
2026-08-02,02,Kolkata,61,14.0,17.8
2026-08-02,02,Chennai,68,19.0,27.5
2026-08-02,02,Hyderabad,42,8.1,14.3
2026-08-02,02,Pune,29,2.5,4.1
2026-08-02,02,Ahmedabad,55,5.2,7.2
2026-08-02,03,Delhi,100,35.3,36.6
2026-08-02,03,Mumbai,65,13.2,31.1
2026-08-02,03,Bengaluru,24,2.6,4.9
2026-08-02,03,Kolkata,61,14.1,17.9
2026-08-02,03,Chennai,68,20.3,30.0
2026-08-02,03,Hyderabad,42,7.8,14.6
2026-08-02,03,Pune,30,2.0,3.1
2026-08-02,03,Ahmedabad,54,4.5,6.3
2026-08-02,04,Delhi,98,35.9,37.5
2026-08-02,04,Mumbai,65,12.5,29.6
2026-08-02,04,Bengaluru,24,2.9,5.6
2026-08-02,04,Kolkata,61,14.6,18.4
2026-08-02,04,Chennai,68,21.1,31.8
2026-08-02,04,Hyderabad,43,7.4,14.1
2026-08-02,04,Pune,30,1.6,2.3
2026-08-02,04,Ahmedabad,54,4.7,6.9
2026-08-02,05,Delhi,97,44.2,45.3
2026-08-02,05,Mumbai,65,12.2,29.4
2026-08-02,05,Bengaluru,24,1.8,2.5
2026-08-02,05,Kolkata,60,15.1,19.0
2026-08-02,05,Chennai,69,17.3,25.0
2026-08-02,05,Hyderabad,44,7.7,14.5
2026-08-02,05,Pune,30,2.4,4.7
2026-08-02,05,Ahmedabad,53,10.5,20.2
2026-08-02,06,Delhi,98,45.2,46.4
2026-08-02,06,Mumbai,64,12.4,29.8
2026-08-02,06,Bengaluru,24,1.8,2.3
2026-08-02,06,Kolkata,61,15.5,20.2
2026-08-02,06,Chennai,69,18.1,24.6
2026-08-02,06,Hyderabad,44,7.5,13.0
2026-08-02,06,Pune,30,2.3,4.1
2026-08-02,06,Ahmedabad,53,11.8,22.9
2026-08-02,07,Delhi,100,43.0,44.9
2026-08-02,07,Mumbai,64,13.4,33.4
2026-08-02,07,Bengaluru,24,2.3,2.7
2026-08-02,07,Kolkata,61,15.0,19.8
2026-08-02,07,Chennai,69,19.1,25.1
2026-08-02,07,Hyderabad,45,7.5,12.5
2026-08-02,07,Pune,30,2.7,3.9
2026-08-02,07,Ahmedabad,53,14.6,30.5
2026-08-02,08,Delhi,101,39.3,69.8
2026-08-02,08,Mumbai,64,14.6,34.8
2026-08-02,08,Bengaluru,24,2.2,2.5
2026-08-02,08,Kolkata,61,15.5,20.2
2026-08-02,08,Chennai,69,20.1,27.4
2026-08-02,08,Hyderabad,45,7.1,13.0
2026-08-02,08,Pune,29,3.2,5.1
2026-08-02,08,Ahmedabad,54,21.8,48.3
2026-08-02,09,Delhi,103,39.9,79.6
2026-08-02,09,Mumbai,63,14.9,33.5
2026-08-02,09,Bengaluru,23,2.0,2.3
2026-08-02,09,Kolkata,61,15.6,19.8
2026-08-02,09,Chennai,70,19.7,27.7
2026-08-02,09,Hyderabad,46,7.2,14.9
2026-08-02,09,Pune,29,4.9,9.7
2026-08-02,09,Ahmedabad,54,21.9,47.0
2026-08-02,10,Delhi,104,38.1,61.9
2026-08-02,10,Mumbai,63,16.7,38.8
2026-08-02,10,Bengaluru,23,2.0,2.6
2026-08-02,10,Kolkata,61,15.6,19.7
2026-08-02,10,Chennai,70,19.4,26.8
2026-08-02,10,Hyderabad,46,8.9,21.6
2026-08-02,10,Pune,28,5.8,12.5
2026-08-02,10,Ahmedabad,55,24.5,53.2
2026-08-02,11,Delhi,105,37.7,53.8
2026-08-02,11,Mumbai,63,17.4,38.9
2026-08-02,11,Bengaluru,23,2.5,4.5
2026-08-02,11,Kolkata,61,15.0,18.5
2026-08-02,11,Chennai,70,20.5,28.1
2026-08-02,11,Hyderabad,47,10.2,26.2
2026-08-02,11,Pune,28,5.9,14.3
2026-08-02,11,Ahmedabad,56,25.3,56.2
2026-08-02,12,Delhi,106,36.3,47.4
2026-08-02,12,Mumbai,63,18.0,38.6
2026-08-02,12,Bengaluru,23,4.2,9.3
2026-08-02,12,Kolkata,62,14.6,17.9
2026-08-02,12,Chennai,70,22.2,30.7
2026-08-02,12,Hyderabad,49,10.3,26.0
2026-08-02,12,Pune,28,6.3,15.8
2026-08-02,12,Ahmedabad,57,26.9,58.8
2026-08-02,13,Delhi,106,34.5,42.0
2026-08-02,13,Mumbai,63,18.9,39.0
2026-08-02,13,Bengaluru,23,5.8,13.6
2026-08-02,13,Kolkata,62,14.3,17.6
2026-08-02,13,Chennai,71,22.5,31.8
2026-08-02,13,Hyderabad,50,9.8,23.9
2026-08-02,13,Pune,27,6.0,13.1
2026-08-02,13,Ahmedabad,58,28.3,63.6
2026-08-02,14,Delhi,116,35.3,40.6
2026-08-02,14,Mumbai,63,17.3,36.2
2026-08-02,14,Bengaluru,24,6.9,16.5
2026-08-02,14,Kolkata,62,14.3,17.2
2026-08-02,14,Chennai,71,21.0,30.9
2026-08-02,14,Hyderabad,51,9.4,21.9
2026-08-02,14,Pune,27,6.5,12.1
2026-08-02,14,Ahmedabad,58,28.3,64.3
2026-08-02,15,Delhi,143,36.9,40.5
2026-08-02,15,Mumbai,63,16.1,34.7
2026-08-02,15,Bengaluru,26,8.2,19.9
2026-08-02,15,Kolkata,62,13.9,16.3
2026-08-02,15,Chennai,71,20.0,31.5
2026-08-02,15,Hyderabad,51,9.5,22.0
2026-08-02,15,Pune,27,6.8,13.0
2026-08-02,15,Ahmedabad,59,29.0,65.7
2026-08-02,16,Delhi,161,35.6,38.2
2026-08-02,16,Mumbai,63,15.4,33.8
2026-08-02,16,Bengaluru,27,8.4,19.4
2026-08-02,16,Kolkata,62,15.3,18.3
2026-08-02,16,Chennai,71,19.2,32.8
2026-08-02,16,Hyderabad,51,10.0,23.1
2026-08-02,16,Pune,27,5.2,9.9
2026-08-02,16,Ahmedabad,60,26.1,56.7
2026-08-02,17,Delhi,173,29.8,30.6
2026-08-02,17,Mumbai,63,21.5,49.7
2026-08-02,17,Bengaluru,28,9.5,17.7
2026-08-02,17,Kolkata,62,24.9,27.8
2026-08-02,17,Chennai,70,21.6,38.1
2026-08-02,17,Hyderabad,52,13.2,26.1
2026-08-02,17,Pune,27,12.0,25.8
2026-08-02,17,Ahmedabad,61,29.3,58.2
2026-08-02,18,Delhi,173,33.8,34.7
2026-08-02,18,Mumbai,63,21.5,51.3
2026-08-02,18,Bengaluru,28,10.6,19.8
2026-08-02,18,Kolkata,63,30.6,33.9
2026-08-02,18,Chennai,75,21.9,34.6
2026-08-02,18,Hyderabad,52,14.8,26.5
2026-08-02,18,Pune,28,10.8,22.2
2026-08-02,18,Ahmedabad,63,30.2,51.2
2026-08-02,19,Delhi,165,37.7,38.4
2026-08-02,19,Mumbai,63,19.4,46.7
2026-08-02,19,Bengaluru,27,9.1,15.7
2026-08-02,19,Kolkata,64,36.9,40.7
2026-08-02,19,Chennai,76,22.2,33.2
2026-08-02,19,Hyderabad,52,17.8,29.3
2026-08-02,19,Pune,29,11.1,22.2
2026-08-02,19,Ahmedabad,64,31.9,49.4
2026-08-02,20,Delhi,148,36.8,37.4
2026-08-02,20,Mumbai,63,18.8,45.8
2026-08-02,20,Bengaluru,26,8.1,13.5
2026-08-02,20,Kolkata,65,37.6,41.9
2026-08-02,20,Chennai,71,22.8,32.4
2026-08-02,20,Hyderabad,52,20.3,33.5
2026-08-02,20,Pune,29,11.6,23.3
2026-08-02,20,Ahmedabad,66,34.5,51.6
2026-08-02,21,Delhi,120,37.0,37.7
2026-08-02,21,Mumbai,64,18.5,48.5
2026-08-02,21,Bengaluru,26,8.5,15.4
2026-08-02,21,Kolkata,67,34.6,39.2
2026-08-02,21,Chennai,71,23.8,32.0
2026-08-02,21,Hyderabad,53,20.5,33.5
2026-08-02,21,Pune,30,11.5,23.2
2026-08-02,21,Ahmedabad,68,37.3,56.6
2026-08-02,22,Delhi,105,38.4,39.3
2026-08-02,22,Mumbai,64,17.9,44.2
2026-08-02,22,Bengaluru,27,8.1,14.5
2026-08-02,22,Kolkata,68,31.4,36.0
2026-08-02,22,Chennai,71,22.4,31.5
2026-08-02,22,Hyderabad,53,18.2,30.9
2026-08-02,22,Pune,32,8.9,17.2
2026-08-02,22,Ahmedabad,71,39.2,61.0
2026-08-02,23,Delhi,105,37.4,38.5
2026-08-02,23,Mumbai,64,16.6,41.3
2026-08-02,23,Bengaluru,27,7.4,13.2
2026-08-02,23,Kolkata,69,27.9,32.5
2026-08-02,23,Chennai,71,17.9,25.9
2026-08-02,23,Hyderabad,53,15.7,25.5
2026-08-02,23,Pune,32,7.0,13.2
2026-08-02,23,Ahmedabad,73,39.6,64.3
2026-08-03,00,Delhi,104,35.6,37.3
2026-08-03,00,Mumbai,64,15.7,39.0
2026-08-03,00,Bengaluru,28,6.2,11.4
2026-08-03,00,Kolkata,70,24.3,29.2
2026-08-03,00,Chennai,71,16.1,22.5
2026-08-03,00,Hyderabad,54,13.3,20.5
2026-08-03,00,Pune,33,4.9,9.3
2026-08-03,00,Ahmedabad,75,38.1,65.4
2026-08-03,01,Delhi,104,34.5,36.6
2026-08-03,01,Mumbai,64,14.3,34.7
2026-08-03,01,Bengaluru,29,5.5,10.7
2026-08-03,01,Kolkata,71,21.0,25.6
2026-08-03,01,Chennai,71,15.5,22.1
2026-08-03,01,Hyderabad,54,10.9,16.1
2026-08-03,01,Pune,33,3.9,7.3
2026-08-03,01,Ahmedabad,78,33.1,59.4
2026-08-03,02,Delhi,104,32.6,35.0
2026-08-03,02,Mumbai,64,13.8,33.1
2026-08-03,02,Bengaluru,30,5.1,10.3
2026-08-03,02,Kolkata,72,19.4,23.2
2026-08-03,02,Chennai,71,15.3,22.1
2026-08-03,02,Hyderabad,54,8.6,12.2
2026-08-03,02,Pune,34,3.1,5.8
2026-08-03,02,Ahmedabad,80,27.0,51.2
2026-08-03,03,Delhi,104,28.8,31.5
2026-08-03,03,Mumbai,64,13.5,31.1
2026-08-03,03,Bengaluru,30,5.2,10.9
2026-08-03,03,Kolkata,72,19.8,23.2
2026-08-03,03,Chennai,71,14.6,21.4
2026-08-03,03,Hyderabad,55,6.8,9.5
2026-08-03,03,Pune,34,2.7,4.9
2026-08-03,03,Ahmedabad,82,19.8,40.3
2026-08-03,04,Delhi,103,27.0,29.7
2026-08-03,04,Mumbai,64,13.4,29.7
2026-08-03,04,Bengaluru,31,5.3,11.4
2026-08-03,04,Kolkata,73,20.5,23.3
2026-08-03,04,Chennai,70,14.0,20.5
2026-08-03,04,Hyderabad,54,6.1,8.8
2026-08-03,04,Pune,34,2.5,3.9
2026-08-03,04,Ahmedabad,83,15.4,32.8
2026-08-03,05,Delhi,102,25.8,27.9
2026-08-03,05,Mumbai,64,16.1,38.8
2026-08-03,05,Bengaluru,32,4.1,8.3
2026-08-03,05,Kolkata,73,26.3,30.4
2026-08-03,05,Chennai,70,13.4,19.7
2026-08-03,05,Hyderabad,54,5.7,9.3
2026-08-03,05,Pune,34,2.1,3.1
2026-08-03,05,Ahmedabad,84,11.4,26.9
2026-08-03,06,Delhi,101,28.9,31.5
2026-08-03,06,Mumbai,64,17.1,42.3
2026-08-03,06,Bengaluru,32,4.3,8.3
2026-08-03,06,Kolkata,74,27.4,32.2
2026-08-03,06,Chennai,69,14.3,21.2
2026-08-03,06,Hyderabad,54,6.2,10.1
2026-08-03,06,Pune,34,2.5,3.8
2026-08-03,06,Ahmedabad,84,11.9,26.6
2026-08-03,07,Delhi,99,31.3,34.3
2026-08-03,07,Mumbai,65,18.6,47.4
2026-08-03,07,Bengaluru,33,5.8,11.1
2026-08-03,07,Kolkata,75,27.9,32.8
2026-08-03,07,Chennai,69,16.1,24.2
2026-08-03,07,Hyderabad,54,7.2,11.4
2026-08-03,07,Pune,34,3.3,5.0
2026-08-03,07,Ahmedabad,84,14.1,32.4
2026-08-03,08,Delhi,98,31.1,33.8
2026-08-03,08,Mumbai,65,20.5,48.5
2026-08-03,08,Bengaluru,34,6.6,14.1
2026-08-03,08,Kolkata,76,27.5,31.7
2026-08-03,08,Chennai,69,18.6,28.2
2026-08-03,08,Hyderabad,54,7.2,12.3
2026-08-03,08,Pune,34,3.7,5.4
2026-08-03,08,Ahmedabad,84,14.3,34.0
2026-08-03,09,Delhi,98,30.9,32.9
2026-08-03,09,Mumbai,65,21.8,47.5
2026-08-03,09,Bengaluru,35,7.7,17.9
2026-08-03,09,Kolkata,77,27.2,30.7
2026-08-03,09,Chennai,69,19.2,29.7
2026-08-03,09,Hyderabad,54,7.8,14.5
2026-08-03,09,Pune,34,3.5,5.4
2026-08-03,09,Ahmedabad,83,15.6,38.4
2026-08-03,10,Delhi,97,29.9,31.8
2026-08-03,10,Mumbai,66,21.7,53.0
2026-08-03,10,Bengaluru,36,10.7,28.1
2026-08-03,10,Kolkata,78,27.5,30.9
2026-08-03,10,Chennai,69,19.8,31.0
2026-08-03,10,Hyderabad,54,9.0,18.0
2026-08-03,10,Pune,34,3.9,8.7
2026-08-03,10,Ahmedabad,83,18.3,49.1
2026-08-03,11,Delhi,96,31.7,33.5
2026-08-03,11,Mumbai,66,21.8,52.9
2026-08-03,11,Bengaluru,38,9.1,22.8
2026-08-03,11,Kolkata,79,26.6,30.0
2026-08-03,11,Chennai,69,20.4,32.5
2026-08-03,11,Hyderabad,54,9.5,20.3
2026-08-03,11,Pune,34,6.3,16.1
2026-08-03,11,Ahmedabad,82,21.2,60.8
2026-08-03,12,Delhi,96,31.3,32.8
2026-08-03,12,Mumbai,67,22.5,49.6
2026-08-03,12,Bengaluru,39,10.7,27.8
2026-08-03,12,Kolkata,80,27.9,31.4
2026-08-03,12,Chennai,69,20.8,32.9
2026-08-03,12,Hyderabad,54,10.4,24.1
2026-08-03,12,Pune,34,7.6,18.8
2026-08-03,12,Ahmedabad,82,24.5,71.7
2026-08-03,13,Delhi,95,30.7,32.0
2026-08-03,13,Mumbai,67,21.0,43.9
2026-08-03,13,Bengaluru,41,10.3,25.3
2026-08-03,13,Kolkata,81,29.2,32.9
2026-08-03,13,Chennai,69,22.5,34.9
2026-08-03,13,Hyderabad,54,11.4,29.8
2026-08-03,13,Pune,34,9.0,19.9
2026-08-03,13,Ahmedabad,82,28.8,83.1
2026-08-03,14,Delhi,95,32.2,33.4
2026-08-03,14,Mumbai,67,21.7,49.2
2026-08-03,14,Bengaluru,42,10.0,21.1
2026-08-03,14,Kolkata,82,30.5,34.3
2026-08-03,14,Chennai,69,24.7,41.1
2026-08-03,14,Hyderabad,54,12.6,31.9
2026-08-03,14,Pune,35,10.0,21.1
2026-08-03,14,Ahmedabad,82,31.4,87.3
2026-08-03,15,Delhi,95,31.9,32.8
2026-08-03,15,Mumbai,68,21.4,46.0
2026-08-03,15,Bengaluru,43,9.3,17.2
2026-08-03,15,Kolkata,83,25.7,28.7
2026-08-03,15,Chennai,69,23.3,41.7
2026-08-03,15,Hyderabad,54,12.6,30.3
2026-08-03,15,Pune,36,7.9,15.5
2026-08-03,15,Ahmedabad,82,32.5,85.9
2026-08-03,16,Delhi,105,31.3,32.0
2026-08-03,16,Mumbai,68,20.1,40.3
2026-08-03,16,Bengaluru,43,8.5,13.6
2026-08-03,16,Kolkata,84,22.9,25.1
2026-08-03,16,Chennai,80,24.2,45.4
2026-08-03,16,Hyderabad,55,11.5,24.6
2026-08-03,16,Pune,36,8.8,16.4
2026-08-03,16,Ahmedabad,82,31.4,79.2
2026-08-03,17,Delhi,119,44.6,45.8
2026-08-03,17,Mumbai,68,18.2,38.0
2026-08-03,17,Bengaluru,43,12.2,25.6
2026-08-03,17,Kolkata,85,27.4,30.0
2026-08-03,17,Chennai,97,27.9,47.6
2026-08-03,17,Hyderabad,55,11.1,19.8
2026-08-03,17,Pune,37,11.7,25.4
2026-08-03,17,Ahmedabad,83,29.8,75.2
2026-08-03,18,Delhi,128,48.3,49.0
2026-08-03,18,Mumbai,68,19.2,40.5
2026-08-03,18,Bengaluru,44,15.1,25.6
2026-08-03,18,Kolkata,85,31.7,34.0
2026-08-03,18,Chennai,103,26.3,42.7
2026-08-03,18,Hyderabad,55,11.2,17.4
2026-08-03,18,Pune,37,12.3,25.4
2026-08-03,18,Ahmedabad,83,27.9,61.7
2026-08-03,19,Delhi,124,57.0,57.4
2026-08-03,19,Mumbai,68,19.7,41.4
2026-08-03,19,Bengaluru,45,15.8,25.2
2026-08-03,19,Kolkata,85,31.5,34.0
2026-08-03,19,Chennai,101,23.9,37.3
2026-08-03,19,Hyderabad,54,10.4,15.4
2026-08-03,19,Pune,37,11.7,21.2
2026-08-03,19,Ahmedabad,82,27.8,55.6
2026-08-03,20,Delhi,108,65.7,65.9
2026-08-03,20,Mumbai,68,17.6,39.0
2026-08-03,20,Bengaluru,46,13.6,21.6
2026-08-03,20,Kolkata,84,31.1,34.2
2026-08-03,20,Chennai,91,21.9,33.9
2026-08-03,20,Hyderabad,54,11.1,15.7
2026-08-03,20,Pune,37,10.7,17.9
2026-08-03,20,Ahmedabad,82,29.7,54.9
2026-08-03,21,Delhi,100,70.8,71.0
2026-08-03,21,Mumbai,68,16.1,35.3
2026-08-03,21,Bengaluru,47,12.2,19.5
2026-08-03,21,Kolkata,84,30.7,34.7
2026-08-03,21,Chennai,77,21.0,33.1
2026-08-03,21,Hyderabad,53,11.4,15.9
2026-08-03,21,Pune,37,8.9,13.4
2026-08-03,21,Ahmedabad,82,31.5,56.8
2026-08-03,22,Delhi,104,78.5,78.7
2026-08-03,22,Mumbai,68,16.3,37.7
2026-08-03,22,Bengaluru,48,9.4,13.6
2026-08-03,22,Kolkata,84,29.2,33.6
2026-08-03,22,Chennai,70,20.8,33.2
2026-08-03,22,Hyderabad,52,9.8,13.8
2026-08-03,22,Pune,36,7.2,9.8
2026-08-03,22,Ahmedabad,81,32.4,57.0
2026-08-03,23,Delhi,108,76.4,76.6
2026-08-03,23,Mumbai,68,16.1,37.7
2026-08-03,23,Bengaluru,49,7.9,10.6
2026-08-03,23,Kolkata,83,26.1,30.9
2026-08-03,23,Chennai,70,21.1,33.5
2026-08-03,23,Hyderabad,52,9.0,12.6
2026-08-03,23,Pune,36,5.7,7.7
2026-08-03,23,Ahmedabad,81,33.5,62.4
2026-08-04,00,Delhi,112,75.2,75.4
2026-08-04,00,Mumbai,67,14.1,31.3
2026-08-04,00,Bengaluru,49,5.7,7.4
2026-08-04,00,Kolkata,83,24.4,29.3
2026-08-04,00,Chennai,70,21.2,33.6
2026-08-04,00,Hyderabad,51,8.3,11.6
2026-08-04,00,Pune,36,3.9,5.2
2026-08-04,00,Ahmedabad,80,31.0,56.7
2026-08-04,01,Delhi,116,63.6,63.8
2026-08-04,01,Mumbai,67,16.6,43.5
2026-08-04,01,Bengaluru,49,4.4,5.7
2026-08-04,01,Kolkata,83,23.5,28.2
2026-08-04,01,Chennai,71,20.7,32.4
2026-08-04,01,Hyderabad,51,7.7,10.9
2026-08-04,01,Pune,35,3.2,4.9
2026-08-04,01,Ahmedabad,80,28.8,51.9
2026-08-04,02,Delhi,119,54.9,55.3
2026-08-04,02,Mumbai,68,14.5,35.3
2026-08-04,02,Bengaluru,48,3.7,5.1
2026-08-04,02,Kolkata,83,21.5,25.7
2026-08-04,02,Chennai,71,19.4,29.8
2026-08-04,02,Hyderabad,51,7.1,10.0
2026-08-04,02,Pune,35,3.1,4.9
2026-08-04,02,Ahmedabad,79,25.6,44.4
2026-08-04,03,Delhi,121,45.4,45.6
2026-08-04,03,Mumbai,68,13.0,30.2
2026-08-04,03,Bengaluru,48,3.4,5.0
2026-08-04,03,Kolkata,84,18.5,21.6
2026-08-04,03,Chennai,72,19.6,30.2
2026-08-04,03,Hyderabad,50,6.5,9.0
2026-08-04,03,Pune,35,3.1,4.9
2026-08-04,03,Ahmedabad,79,21.4,36.1
2026-08-04,04,Delhi,123,38.3,38.4
2026-08-04,04,Mumbai,68,12.7,29.8
2026-08-04,04,Bengaluru,48,3.3,5.2
2026-08-04,04,Kolkata,84,16.3,19.2
2026-08-04,04,Chennai,72,19.0,29.3
2026-08-04,04,Hyderabad,50,5.7,8.0
2026-08-04,04,Pune,35,3.0,4.7
2026-08-04,04,Ahmedabad,79,17.8,29.5
2026-08-04,05,Delhi,124,36.2,36.4
2026-08-04,05,Mumbai,67,14.2,31.5
2026-08-04,05,Bengaluru,47,2.9,4.1
2026-08-04,05,Kolkata,83,23.2,27.8
2026-08-04,05,Chennai,72,17.2,28.2
2026-08-04,05,Hyderabad,50,7.1,10.2
2026-08-04,05,Pune,35,4.0,7.5
2026-08-04,05,Ahmedabad,80,17.3,29.6
2026-08-04,06,Delhi,125,35.9,36.2
2026-08-04,06,Mumbai,67,14.8,33.9
2026-08-04,06,Bengaluru,47,3.0,3.8
2026-08-04,06,Kolkata,83,27.0,31.0
2026-08-04,06,Chennai,73,16.2,25.5
2026-08-04,06,Hyderabad,50,7.5,10.7
2026-08-04,06,Pune,36,3.5,6.0
2026-08-04,06,Ahmedabad,80,16.6,27.5
2026-08-04,07,Delhi,126,31.5,32.0
2026-08-04,07,Mumbai,67,16.8,40.2
2026-08-04,07,Bengaluru,47,3.7,4.5
2026-08-04,07,Kolkata,83,24.5,30.6
2026-08-04,07,Chennai,73,15.9,23.6
2026-08-04,07,Hyderabad,51,8.2,11.3
2026-08-04,07,Pune,36,4.1,6.1
2026-08-04,07,Ahmedabad,80,16.5,28.0
2026-08-04,08,Delhi,126,27.3,27.8
2026-08-04,08,Mumbai,67,18.6,42.0
2026-08-04,08,Bengaluru,46,4.0,5.0
2026-08-04,08,Kolkata,83,24.2,30.5
2026-08-04,08,Chennai,73,14.1,20.6
2026-08-04,08,Hyderabad,51,7.7,11.8
2026-08-04,08,Pune,36,5.2,8.9
2026-08-04,08,Ahmedabad,81,15.3,28.6
2026-08-04,09,Delhi,126,26.3,27.0
2026-08-04,09,Mumbai,67,19.4,45.2
2026-08-04,09,Bengaluru,46,3.8,5.3
2026-08-04,09,Kolkata,82,24.3,30.3
2026-08-04,09,Chennai,72,11.8,17.5
2026-08-04,09,Hyderabad,51,8.7,12.2
2026-08-04,09,Pune,37,7.5,16.1
2026-08-04,09,Ahmedabad,81,15.7,31.4
2026-08-04,10,Delhi,125,27.6,28.5
2026-08-04,10,Mumbai,67,21.1,49.4
2026-08-04,10,Bengaluru,45,4.2,8.6
2026-08-04,10,Kolkata,82,24.8,30.6
2026-08-04,10,Chennai,72,10.9,16.7
2026-08-04,10,Hyderabad,51,9.1,12.3
2026-08-04,10,Pune,38,10.4,24.9
2026-08-04,10,Ahmedabad,81,16.5,36.0
2026-08-04,11,Delhi,125,28.4,29.3
2026-08-04,11,Mumbai,67,22.8,49.8
2026-08-04,11,Bengaluru,43,5.5,10.4
2026-08-04,11,Kolkata,82,24.6,30.5
2026-08-04,11,Chennai,71,10.3,15.5
2026-08-04,11,Hyderabad,51,8.0,12.0
2026-08-04,11,Pune,39,11.8,28.6
2026-08-04,11,Ahmedabad,81,18.1,43.0
2026-08-04,12,Delhi,125,27.7,28.6
2026-08-04,12,Mumbai,67,24.7,49.9
2026-08-04,12,Bengaluru,42,6.3,11.3
2026-08-04,12,Kolkata,82,31.9,39.9
2026-08-04,12,Chennai,70,10.9,15.9
2026-08-04,12,Hyderabad,51,8.4,14.1
2026-08-04,12,Pune,40,12.3,29.2
2026-08-04,12,Ahmedabad,80,19.4,49.6
2026-08-04,13,Delhi,124,27.1,28.1
2026-08-04,13,Mumbai,67,23.2,46.9
2026-08-04,13,Bengaluru,41,6.4,11.5
2026-08-04,13,Kolkata,82,23.9,29.5
2026-08-04,13,Chennai,70,11.7,16.7
2026-08-04,13,Hyderabad,50,8.8,16.8
2026-08-04,13,Pune,41,12.1,27.9
2026-08-04,13,Ahmedabad,80,21.1,58.3
2026-08-04,14,Delhi,124,27.1,28.1
2026-08-04,14,Mumbai,67,21.6,43.4
2026-08-04,14,Bengaluru,40,5.9,11.1
2026-08-04,14,Kolkata,82,21.7,26.5
2026-08-04,14,Chennai,69,15.0,23.1
2026-08-04,14,Hyderabad,50,10.0,20.0
2026-08-04,14,Pune,42,12.0,26.2
2026-08-04,14,Ahmedabad,79,23.4,67.3
2026-08-04,15,Delhi,123,27.8,28.8
2026-08-04,15,Mumbai,67,20.7,41.1
2026-08-04,15,Bengaluru,39,6.2,10.2
2026-08-04,15,Kolkata,81,20.8,25.8
2026-08-04,15,Chennai,68,18.2,28.6
2026-08-04,15,Hyderabad,50,11.1,21.7
2026-08-04,15,Pune,43,12.1,24.6
2026-08-04,15,Ahmedabad,79,25.0,72.4
2026-08-04,16,Delhi,123,36.9,38.3
2026-08-04,16,Mumbai,67,20.0,39.6
2026-08-04,16,Bengaluru,39,7.4,10.2
2026-08-04,16,Kolkata,81,20.2,25.3
2026-08-04,16,Chennai,68,18.6,27.2
2026-08-04,16,Hyderabad,50,11.6,21.5
2026-08-04,16,Pune,44,10.8,19.7
2026-08-04,16,Ahmedabad,78,27.2,76.8
2026-08-04,17,Delhi,124,33.1,33.8
2026-08-04,17,Mumbai,67,18.0,41.4
2026-08-04,17,Bengaluru,38,8.1,9.6
2026-08-04,17,Kolkata,80,20.0,24.7
2026-08-04,17,Chennai,67,22.0,34.6
2026-08-04,17,Hyderabad,50,12.3,20.7
2026-08-04,17,Pune,44,8.8,16.1
2026-08-04,17,Ahmedabad,78,30.3,78.0
2026-08-04,18,Delhi,122,37.8,38.4
2026-08-04,18,Mumbai,67,19.8,46.3
2026-08-04,18,Bengaluru,37,9.5,11.0
2026-08-04,18,Kolkata,80,21.4,26.0
2026-08-04,18,Chennai,67,21.6,31.0
2026-08-04,18,Hyderabad,50,14.8,21.5
2026-08-04,18,Pune,43,8.0,12.7
2026-08-04,18,Ahmedabad,78,33.9,75.9
2026-08-04,19,Delhi,121,51.9,52.4
2026-08-04,19,Mumbai,67,20.1,47.8
2026-08-04,19,Bengaluru,36,10.0,12.3
2026-08-04,19,Kolkata,79,23.7,28.3
2026-08-04,19,Chennai,66,21.6,30.5
2026-08-04,19,Hyderabad,50,17.1,23.3
2026-08-04,19,Pune,42,8.8,12.8
2026-08-04,19,Ahmedabad,78,37.6,78.7
2026-08-04,20,Delhi,121,62.2,62.4
2026-08-04,20,Mumbai,67,19.8,46.7
2026-08-04,20,Bengaluru,35,9.8,12.4
2026-08-04,20,Kolkata,78,24.6,29.6
2026-08-04,20,Chennai,67,21.6,30.5
2026-08-04,20,Hyderabad,51,18.3,24.6
2026-08-04,20,Pune,42,8.8,12.6
2026-08-04,20,Ahmedabad,79,38.9,76.1
2026-08-04,21,Delhi,120,68.5,68.7
2026-08-04,21,Mumbai,67,19.2,44.6
2026-08-04,21,Bengaluru,34,8.6,11.3
2026-08-04,21,Kolkata,78,25.1,30.4
2026-08-04,21,Chennai,66,20.0,28.6
2026-08-04,21,Hyderabad,51,18.6,25.6
2026-08-04,21,Pune,41,8.6,12.3
2026-08-04,21,Ahmedabad,80,37.7,70.5
2026-08-04,22,Delhi,120,76.1,76.6
2026-08-04,22,Mumbai,67,18.5,43.0
2026-08-04,22,Bengaluru,33,8.5,11.0
2026-08-04,22,Kolkata,77,25.7,31.0
2026-08-04,22,Chennai,66,17.8,26.3
2026-08-04,22,Hyderabad,52,18.4,26.0
2026-08-04,22,Pune,41,7.5,10.6
2026-08-04,22,Ahmedabad,80,35.6,64.0
2026-08-04,23,Delhi,120,75.2,75.4
2026-08-04,23,Mumbai,68,18.2,44.5
2026-08-04,23,Bengaluru,33,8.0,10.9
2026-08-04,23,Kolkata,77,25.6,31.0
2026-08-04,23,Chennai,66,15.8,23.1
2026-08-04,23,Hyderabad,53,17.0,25.1
2026-08-04,23,Pune,41,6.8,9.5
2026-08-04,23,Ahmedabad,81,32.9,56.7
2026-08-05,00,Delhi,120,65.9,66.1
2026-08-05,00,Mumbai,68,17.8,43.5
2026-08-05,00,Bengaluru,33,6.6,9.4
2026-08-05,00,Kolkata,77,26.4,31.8
2026-08-05,00,Chennai,65,15.4,21.5
2026-08-05,00,Hyderabad,53,15.2,23.3
2026-08-05,00,Pune,42,5.2,7.8
2026-08-05,00,Ahmedabad,80,29.8,50.2
2026-08-05,01,Delhi,119,60.1,60.3
2026-08-05,01,Mumbai,68,17.2,42.3
2026-08-05,01,Bengaluru,33,5.4,7.9
2026-08-05,01,Kolkata,77,26.7,31.8
2026-08-05,01,Chennai,65,13.8,18.5
2026-08-05,01,Hyderabad,54,12.8,19.3
2026-08-05,01,Pune,42,4.3,6.4
2026-08-05,01,Ahmedabad,80,27.8,46.7
2026-08-05,02,Delhi,118,57.7,58.0
2026-08-05,02,Mumbai,68,15.8,38.5
2026-08-05,02,Bengaluru,33,4.0,5.9
2026-08-05,02,Kolkata,78,26.4,30.9
2026-08-05,02,Chennai,64,12.3,15.7
2026-08-05,02,Hyderabad,54,9.6,13.9
2026-08-05,02,Pune,42,3.5,5.5
2026-08-05,02,Ahmedabad,80,25.8,43.1
2026-08-05,03,Delhi,119,56.6,56.8
2026-08-05,03,Mumbai,68,14.7,35.0
2026-08-05,03,Bengaluru,33,3.4,5.2
2026-08-05,03,Kolkata,78,25.7,29.1
2026-08-05,03,Chennai,64,11.3,13.9
2026-08-05,03,Hyderabad,54,7.2,10.1
2026-08-05,03,Pune,42,3.0,4.5
2026-08-05,03,Ahmedabad,80,21.7,35.4
2026-08-05,04,Delhi,120,55.9,56.1
2026-08-05,04,Mumbai,68,14.1,33.9
2026-08-05,04,Bengaluru,33,3.2,5.0
2026-08-05,04,Kolkata,79,26.6,29.5
2026-08-05,04,Chennai,63,10.2,12.4
2026-08-05,04,Hyderabad,54,6.1,8.3
2026-08-05,04,Pune,42,2.5,3.6
2026-08-05,04,Ahmedabad,80,17.9,29.0
2026-08-05,05,Delhi,122,71.9,72.4
2026-08-05,05,Mumbai,68,14.6,38.1
2026-08-05,05,Bengaluru,33,3.3,4.4
2026-08-05,05,Kolkata,79,27.8,31.7
2026-08-05,05,Chennai,62,8.1,10.7
2026-08-05,05,Hyderabad,55,8.2,10.8
2026-08-05,05,Pune,42,3.4,6.8
2026-08-05,05,Ahmedabad,80,23.7,43.7
2026-08-05,06,Delhi,125,68.2,68.7
2026-08-05,06,Mumbai,69,13.8,35.0
2026-08-05,06,Bengaluru,34,3.6,5.2
2026-08-05,06,Kolkata,80,28.6,32.0
2026-08-05,06,Chennai,62,8.5,10.5
2026-08-05,06,Hyderabad,55,7.9,10.1
2026-08-05,06,Pune,42,4.5,9.3
2026-08-05,06,Ahmedabad,81,18.7,33.4
2026-08-05,07,Delhi,129,57.9,58.3
2026-08-05,07,Mumbai,68,14.2,32.6
2026-08-05,07,Bengaluru,34,4.6,8.3
2026-08-05,07,Kolkata,80,29.0,33.6
2026-08-05,07,Chennai,61,9.7,11.6
2026-08-05,07,Hyderabad,55,8.8,11.3
2026-08-05,07,Pune,42,5.7,11.0
2026-08-05,07,Ahmedabad,81,17.2,31.5
2026-08-05,08,Delhi,132,47.6,48.1
2026-08-05,08,Mumbai,68,16.1,37.8
2026-08-05,08,Bengaluru,34,6.4,9.7
2026-08-05,08,Kolkata,80,28.6,32.9
2026-08-05,08,Chennai,61,9.9,12.4
2026-08-05,08,Hyderabad,55,8.8,11.7
2026-08-05,08,Pune,43,4.9,9.1
2026-08-05,08,Ahmedabad,81,16.4,34.1
2026-08-05,09,Delhi,134,37.6,38.4
2026-08-05,09,Mumbai,68,15.7,35.3
2026-08-05,09,Bengaluru,34,6.5,10.6
2026-08-05,09,Kolkata,81,26.4,29.5
2026-08-05,09,Chennai,60,10.5,15.2
2026-08-05,09,Hyderabad,55,8.2,12.5
2026-08-05,09,Pune,42,4.0,8.9
2026-08-05,09,Ahmedabad,81,17.2,40.9
2026-08-05,10,Delhi,135,35.7,36.7
2026-08-05,10,Mumbai,68,16.2,36.4
2026-08-05,10,Bengaluru,35,7.3,14.2
2026-08-05,10,Kolkata,81,24.6,26.7
2026-08-05,10,Chennai,60,12.2,20.5
2026-08-05,10,Hyderabad,55,7.8,12.6
2026-08-05,10,Pune,42,4.6,10.1
2026-08-05,10,Ahmedabad,81,19.9,51.1
2026-08-05,11,Delhi,136,37.6,38.8
2026-08-05,11,Mumbai,67,17.7,37.8
2026-08-05,11,Bengaluru,36,8.6,18.6
2026-08-05,11,Kolkata,81,25.1,27.0
2026-08-05,11,Chennai,60,14.6,25.9
2026-08-05,11,Hyderabad,55,6.7,10.8
2026-08-05,11,Pune,40,6.0,10.7
2026-08-05,11,Ahmedabad,82,22.9,64.3
2026-08-05,12,Delhi,137,40.0,41.4
2026-08-05,12,Mumbai,67,16.9,36.4
2026-08-05,12,Bengaluru,36,8.6,19.3
2026-08-05,12,Kolkata,81,24.6,26.2
2026-08-05,12,Chennai,61,16.1,28.4
2026-08-05,12,Hyderabad,55,5.1,8.0
2026-08-05,12,Pune,39,6.0,11.3
2026-08-05,12,Ahmedabad,82,26.0,77.1
2026-08-05,13,Delhi,138,43.0,44.4
2026-08-05,13,Mumbai,66,16.1,33.6
2026-08-05,13,Bengaluru,37,9.6,20.5
2026-08-05,13,Kolkata,80,24.9,26.6
2026-08-05,13,Chennai,61,16.2,28.1
2026-08-05,13,Hyderabad,54,4.1,5.9
2026-08-05,13,Pune,37,4.6,9.6
2026-08-05,13,Ahmedabad,82,28.1,85.4
2026-08-05,14,Delhi,140,49.7,80.8
2026-08-05,14,Mumbai,66,16.5,32.5
2026-08-05,14,Bengaluru,38,10.4,21.7
2026-08-05,14,Kolkata,80,23.7,25.4
2026-08-05,14,Chennai,61,16.9,29.2
2026-08-05,14,Hyderabad,54,4.5,5.6
2026-08-05,14,Pune,36,5.6,11.6
2026-08-05,14,Ahmedabad,83,29.5,90.3
2026-08-05,15,Delhi,142,42.8,52.5
2026-08-05,15,Mumbai,65,16.9,33.5
2026-08-05,15,Bengaluru,39,11.2,20.8
2026-08-05,15,Kolkata,80,23.2,24.8
2026-08-05,15,Chennai,62,18.1,31.3
2026-08-05,15,Hyderabad,53,4.9,5.7
2026-08-05,15,Pune,34,6.9,14.0
2026-08-05,15,Ahmedabad,83,29.6,87.5
2026-08-05,16,Delhi,155,39.3,45.8
2026-08-05,16,Mumbai,65,17.2,35.5
2026-08-05,16,Bengaluru,40,11.7,21.5
2026-08-05,16,Kolkata,81,24.2,25.5
2026-08-05,16,Chennai,62,20.3,37.7
2026-08-05,16,Hyderabad,53,5.4,6.2
2026-08-05,16,Pune,33,7.4,13.9
2026-08-05,16,Ahmedabad,84,29.0,81.7
2026-08-05,17,Delhi,173,46.1,54.0
2026-08-05,17,Mumbai,65,17.8,41.9
2026-08-05,17,Bengaluru,41,10.0,16.5
2026-08-05,17,Kolkata,81,26.5,28.3
2026-08-05,17,Chennai,62,17.3,26.4
2026-08-05,17,Hyderabad,52,7.2,10.8
2026-08-05,17,Pune,32,7.7,16.4
2026-08-05,17,Ahmedabad,84,32.8,79.2
2026-08-05,18,Delhi,181,54.0,59.3
2026-08-05,18,Mumbai,65,17.4,39.5
2026-08-05,18,Bengaluru,41,10.6,16.4
2026-08-05,18,Kolkata,81,32.8,34.2
2026-08-05,18,Chennai,61,20.3,28.7
2026-08-05,18,Hyderabad,52,9.7,12.9
2026-08-05,18,Pune,32,8.6,17.2
2026-08-05,18,Ahmedabad,84,33.4,73.1
2026-08-05,19,Delhi,177,64.5,67.8
2026-08-05,19,Mumbai,65,16.9,38.5
2026-08-05,19,Bengaluru,42,11.1,16.1
2026-08-05,19,Kolkata,82,35.7,36.9
2026-08-05,19,Chennai,61,20.7,28.3
2026-08-05,19,Hyderabad,52,12.8,16.2
2026-08-05,19,Pune,32,9.8,19.0
2026-08-05,19,Ahmedabad,84,35.5,70.3
2026-08-05,20,Delhi,161,65.2,68.0
2026-08-05,20,Mumbai,64,16.9,38.3
2026-08-05,20,Bengaluru,42,10.4,15.0
2026-08-05,20,Kolkata,83,35.2,36.4
2026-08-05,20,Chennai,61,21.5,29.5
2026-08-05,20,Hyderabad,51,12.5,16.7
2026-08-05,20,Pune,32,9.9,19.0
2026-08-05,20,Ahmedabad,84,36.8,68.7
2026-08-05,21,Delhi,148,65.7,69.2
2026-08-05,21,Mumbai,64,15.9,35.9
2026-08-05,21,Bengaluru,42,9.7,14.2
2026-08-05,21,Kolkata,84,34.7,36.0
2026-08-05,21,Chennai,61,22.5,30.6
2026-08-05,21,Hyderabad,51,11.1,15.2
2026-08-05,21,Pune,33,9.5,15.7
2026-08-05,21,Ahmedabad,84,35.7,64.0
2026-08-05,22,Delhi,148,70.1,74.3
2026-08-05,22,Mumbai,64,16.0,35.9
2026-08-05,22,Bengaluru,42,9.1,13.0
2026-08-05,22,Kolkata,85,34.8,36.3
2026-08-05,22,Chennai,61,22.9,31.2
2026-08-05,22,Hyderabad,50,10.3,13.6
2026-08-05,22,Pune,33,6.3,9.5
2026-08-05,22,Ahmedabad,84,33.9,58.8
2026-08-05,23,Delhi,148,74.7,79.6
2026-08-05,23,Mumbai,64,16.7,39.3
2026-08-05,23,Bengaluru,42,7.8,10.9
2026-08-05,23,Kolkata,86,33.8,35.5
2026-08-05,23,Chennai,62,22.7,31.2
2026-08-05,23,Hyderabad,49,9.0,12.0
2026-08-05,23,Pune,33,4.6,6.8
2026-08-05,23,Ahmedabad,84,31.3,52.6
2026-08-06,00,Delhi,147,70.5,74.7
2026-08-06,00,Mumbai,64,16.9,41.6
2026-08-06,00,Bengaluru,42,6.1,8.8
2026-08-06,00,Kolkata,86,28.2,30.5
2026-08-06,00,Chennai,62,20.8,29.3
2026-08-06,00,Hyderabad,47,7.2,10.2
2026-08-06,00,Pune,32,3.5,5.5
2026-08-06,00,Ahmedabad,83,28.5,47.3
2026-08-06,01,Delhi,148,61.2,64.5
2026-08-06,01,Mumbai,64,17.3,43.2
2026-08-06,01,Bengaluru,42,4.9,6.7
2026-08-06,01,Kolkata,86,23.1,25.5
2026-08-06,01,Chennai,63,19.2,27.2
2026-08-06,01,Hyderabad,45,6.4,9.1
2026-08-06,01,Pune,32,3.1,4.8
2026-08-06,01,Ahmedabad,83,26.4,44.4
2026-08-06,02,Delhi,148,62.4,64.7
2026-08-06,02,Mumbai,64,17.2,43.2
2026-08-06,02,Bengaluru,42,3.9,5.0
2026-08-06,02,Kolkata,86,21.5,23.3
2026-08-06,02,Chennai,63,17.3,24.8
2026-08-06,02,Hyderabad,44,6.3,8.8
2026-08-06,02,Pune,31,2.8,4.2
2026-08-06,02,Ahmedabad,83,24.0,41.0
2026-08-06,03,Delhi,149,60.5,62.9
2026-08-06,03,Mumbai,64,17.3,43.8
2026-08-06,03,Bengaluru,42,3.1,4.0
2026-08-06,03,Kolkata,86,18.2,19.7
2026-08-06,03,Chennai,64,16.1,23.5
2026-08-06,03,Hyderabad,43,6.4,9.1
2026-08-06,03,Pune,31,2.5,3.7
2026-08-06,03,Ahmedabad,83,21.1,36.6
2026-08-06,04,Delhi,149,57.7,60.5
2026-08-06,04,Mumbai,64,17.2,42.7
2026-08-06,04,Bengaluru,42,3.0,4.2
2026-08-06,04,Kolkata,85,15.6,16.8
2026-08-06,04,Chennai,64,16.1,24.0
2026-08-06,04,Hyderabad,43,6.6,9.2
2026-08-06,04,Pune,31,2.2,3.3
2026-08-06,04,Ahmedabad,83,20.0,35.2
2026-08-06,05,Delhi,149,68.7,71.7
2026-08-06,05,Mumbai,64,17.9,45.4
2026-08-06,05,Bengaluru,42,3.8,6.1
2026-08-06,05,Kolkata,84,31.8,32.6
2026-08-06,05,Chennai,64,19.6,32.6
2026-08-06,05,Hyderabad,43,6.1,8.6
2026-08-06,05,Pune,31,3.3,7.1
2026-08-06,05,Ahmedabad,83,20.8,38.3
2026-08-06,06,Delhi,149,70.3,72.6
2026-08-06,06,Mumbai,64,18.6,46.7
2026-08-06,06,Bengaluru,42,4.0,6.5
2026-08-06,06,Kolkata,84,33.4,34.0
2026-08-06,06,Chennai,65,21.4,34.3
2026-08-06,06,Hyderabad,43,7.0,9.7
2026-08-06,06,Pune,31,3.4,6.4
2026-08-06,06,Ahmedabad,83,19.4,36.0
2026-08-06,07,Delhi,149,75.0,76.4
2026-08-06,07,Mumbai,65,19.2,47.7
2026-08-06,07,Bengaluru,42,5.5,8.1
2026-08-06,07,Kolkata,85,31.9,32.5
2026-08-06,07,Chennai,66,22.3,34.9
2026-08-06,07,Hyderabad,42,8.0,11.2
2026-08-06,07,Pune,31,4.4,7.9
2026-08-06,07,Ahmedabad,83,20.0,39.0
2026-08-06,08,Delhi,150,70.1,71.2
2026-08-06,08,Mumbai,65,20.1,47.7
2026-08-06,08,Bengaluru,42,5.4,8.5
2026-08-06,08,Kolkata,85,29.0,29.6
2026-08-06,08,Chennai,67,19.4,31.4
2026-08-06,08,Hyderabad,42,8.1,12.7
2026-08-06,08,Pune,30,5.8,13.1
2026-08-06,08,Ahmedabad,83,21.4,48.7
2026-08-06,09,Delhi,151,54.6,55.3
2026-08-06,09,Mumbai,65,19.5,45.8
2026-08-06,09,Bengaluru,42,5.6,9.7
2026-08-06,09,Kolkata,85,28.9,29.5
2026-08-06,09,Chennai,68,16.6,27.9
2026-08-06,09,Hyderabad,42,8.6,16.2
2026-08-06,09,Pune,31,7.2,16.6
2026-08-06,09,Ahmedabad,84,24.9,60.8
2026-08-06,10,Delhi,151,45.3,46.4
2026-08-06,10,Mumbai,66,21.0,49.9
2026-08-06,10,Bengaluru,42,6.9,14.0
2026-08-06,10,Kolkata,85,28.4,28.9
2026-08-06,10,Chennai,68,15.9,26.9
2026-08-06,10,Hyderabad,42,9.8,19.4
2026-08-06,10,Pune,31,6.8,15.5
2026-08-06,10,Ahmedabad,84,28.5,73.1
2026-08-06,11,Delhi,152,44.6,46.7
2026-08-06,11,Mumbai,66,20.7,47.0
2026-08-06,11,Bengaluru,42,7.9,16.3
2026-08-06,11,Kolkata,86,29.5,30.0
2026-08-06,11,Chennai,69,15.4,26.4
2026-08-06,11,Hyderabad,43,10.2,20.4
2026-08-06,11,Pune,32,7.1,17.7
2026-08-06,11,Ahmedabad,85,31.1,82.0
2026-08-06,12,Delhi,152,44.9,48.8
2026-08-06,12,Mumbai,66,18.5,40.5
2026-08-06,12,Bengaluru,42,8.5,19.0
2026-08-06,12,Kolkata,86,31.3,31.8
2026-08-06,12,Chennai,69,15.0,25.8
2026-08-06,12,Hyderabad,43,10.3,21.2
2026-08-06,12,Pune,32,7.5,16.8
2026-08-06,12,Ahmedabad,86,32.7,88.7
2026-08-06,13,Delhi,152,47.4,52.7
2026-08-06,13,Mumbai,66,17.3,36.9
2026-08-06,13,Bengaluru,42,10.2,20.5
2026-08-06,13,Kolkata,87,31.5,32.0
2026-08-06,13,Chennai,69,15.4,25.4
2026-08-06,13,Hyderabad,45,10.3,21.8
2026-08-06,13,Pune,33,7.9,17.2
2026-08-06,13,Ahmedabad,86,33.2,92.7
2026-08-06,14,Delhi,152,51.9,68.2
2026-08-06,14,Mumbai,67,17.2,35.3
2026-08-06,14,Bengaluru,42,11.0,22.1
2026-08-06,14,Kolkata,87,27.1,27.5
2026-08-06,14,Chennai,69,17.2,27.4
2026-08-06,14,Hyderabad,46,11.3,24.8
2026-08-06,14,Pune,33,8.5,20.4
2026-08-06,14,Ahmedabad,86,33.4,95.7
2026-08-06,15,Delhi,152,50.9,62.2
2026-08-06,15,Mumbai,67,17.3,35.3
2026-08-06,15,Bengaluru,42,12.0,24.1
2026-08-06,15,Kolkata,87,25.7,26.0
2026-08-06,15,Chennai,69,18.4,29.0
2026-08-06,15,Hyderabad,48,10.8,20.5
2026-08-06,15,Pune,34,10.2,22.0
2026-08-06,15,Ahmedabad,87,33.4,98.3
2026-08-06,16,Delhi,152,57.6,67.1
2026-08-06,16,Mumbai,67,17.2,35.2
2026-08-06,16,Bengaluru,42,12.1,25.8
2026-08-06,16,Kolkata,87,24.6,25.0
2026-08-06,16,Chennai,69,18.6,30.2
2026-08-06,16,Hyderabad,49,10.1,17.3
2026-08-06,16,Pune,35,11.3,24.2
2026-08-06,16,Ahmedabad,87,33.3,98.3
2026-08-06,17,Delhi,153,31.8,33.3
2026-08-06,17,Mumbai,67,19.4,44.5
2026-08-06,17,Bengaluru,42,14.9,30.6
2026-08-06,17,Kolkata,88,20.1,20.4
2026-08-06,17,Chennai,69,20.5,36.6
2026-08-06,17,Hyderabad,50,8.9,13.0
2026-08-06,17,Pune,36,11.1,24.6
2026-08-06,17,Ahmedabad,87,38.1,105.2
2026-08-06,18,Delhi,153,32.7,33.6
2026-08-06,18,Mumbai,67,18.2,42.1
2026-08-06,18,Bengaluru,43,15.5,27.1
2026-08-06,18,Kolkata,87,22.2,22.4
2026-08-06,18,Chennai,69,24.0,39.8
2026-08-06,18,Hyderabad,50,9.6,12.9
2026-08-06,18,Pune,36,10.2,19.3
2026-08-06,18,Ahmedabad,88,40.9,107.1
2026-08-06,19,Delhi,152,34.8,35.6
2026-08-06,19,Mumbai,67,17.5,41.1
2026-08-06,19,Bengaluru,45,17.1,30.4
2026-08-06,19,Kolkata,86,20.7,21.0
2026-08-06,19,Chennai,69,24.5,41.6
2026-08-06,19,Hyderabad,50,9.6,12.2
2026-08-06,19,Pune,37,10.3,18.4
2026-08-06,19,Ahmedabad,88,42.0,98.3
2026-08-06,20,Delhi,151,37.0,38.0
2026-08-06,20,Mumbai,67,17.3,40.9
2026-08-06,20,Bengaluru,46,14.1,22.5
2026-08-06,20,Kolkata,85,22.9,23.3
2026-08-06,20,Chennai,69,26.9,48.2
2026-08-06,20,Hyderabad,50,9.2,11.7
2026-08-06,20,Pune,37,9.5,16.0
2026-08-06,20,Ahmedabad,89,40.3,85.2
2026-08-06,21,Delhi,150,37.6,38.5
2026-08-06,21,Mumbai,67,16.9,40.2
2026-08-06,21,Bengaluru,47,11.8,18.4
2026-08-06,21,Kolkata,84,23.3,23.7
2026-08-06,21,Chennai,70,27.4,47.7
2026-08-06,21,Hyderabad,49,9.1,12.7
2026-08-06,21,Pune,37,8.4,12.7
2026-08-06,21,Ahmedabad,89,34.9,66.6
2026-08-06,22,Delhi,148,39.1,40.0
2026-08-06,22,Mumbai,67,16.9,40.9
2026-08-06,22,Bengaluru,47,9.9,14.5
2026-08-06,22,Kolkata,83,23.6,24.2
2026-08-06,22,Chennai,70,24.8,40.2
2026-08-06,22,Hyderabad,48,9.8,15.7
2026-08-06,22,Pune,37,5.2,7.6
2026-08-06,22,Ahmedabad,89,27.6,48.3
2026-08-06,23,Delhi,145,39.9,41.0
2026-08-06,23,Mumbai,67,15.6,36.9
2026-08-06,23,Bengaluru,47,7.9,10.8
2026-08-06,23,Kolkata,82,21.6,22.4
2026-08-06,23,Chennai,70,20.0,30.7
2026-08-06,23,Hyderabad,48,10.4,18.3
2026-08-06,23,Pune,36,4.0,5.8
2026-08-06,23,Ahmedabad,89,22.9,37.5
2026-08-07,00,Delhi,141,36.6,37.7
2026-08-07,00,Mumbai,67,13.9,32.0
2026-08-07,00,Bengaluru,47,5.6,7.3
2026-08-07,00,Kolkata,81,18.4,19.3
2026-08-07,00,Chennai,70,16.3,24.7
2026-08-07,00,Hyderabad,49,9.9,17.5
2026-08-07,00,Pune,36,2.8,4.2
2026-08-07,00,Ahmedabad,88,20.0,32.1
2026-08-07,01,Delhi,138,34.7,35.9
2026-08-07,01,Mumbai,67,13.4,30.5
2026-08-07,01,Bengaluru,47,4.0,5.2
2026-08-07,01,Kolkata,81,17.2,18.0
2026-08-07,01,Chennai,70,15.1,23.2
2026-08-07,01,Hyderabad,49,8.3,14.0
2026-08-07,01,Pune,36,2.1,3.5
2026-08-07,01,Ahmedabad,87,18.8,30.6
2026-08-07,02,Delhi,135,31.8,32.2
2026-08-07,02,Mumbai,66,13.1,29.5
2026-08-07,02,Bengaluru,47,3.2,4.2
2026-08-07,02,Kolkata,80,16.2,16.9
2026-08-07,02,Chennai,70,15.4,24.4
2026-08-07,02,Hyderabad,50,7.4,12.0
2026-08-07,02,Pune,36,2.2,3.2
2026-08-07,02,Ahmedabad,87,17.8,28.9
2026-08-07,03,Delhi,132,28.5,28.7
2026-08-07,03,Mumbai,66,12.6,27.9
2026-08-07,03,Bengaluru,47,3.0,4.1
2026-08-07,03,Kolkata,80,14.8,15.4
2026-08-07,03,Chennai,69,16.3,25.8
2026-08-07,03,Hyderabad,50,7.7,12.3
2026-08-07,03,Pune,36,2.0,3.1
2026-08-07,03,Ahmedabad,86,15.0,24.0
2026-08-07,04,Delhi,128,25.6,25.7
2026-08-07,04,Mumbai,66,11.5,24.4
2026-08-07,04,Bengaluru,47,2.7,3.9
2026-08-07,04,Kolkata,79,14.3,14.8
2026-08-07,04,Chennai,69,17.1,26.6
2026-08-07,04,Hyderabad,50,7.7,12.2
2026-08-07,04,Pune,36,2.1,3.5
2026-08-07,04,Ahmedabad,86,13.4,21.2
2026-08-07,05,Delhi,125,35.0,35.2
2026-08-07,05,Mumbai,65,11.2,24.3
2026-08-07,05,Bengaluru,47,2.7,4.4
2026-08-07,05,Kolkata,79,9.8,10.0
2026-08-07,05,Chennai,69,17.1,26.4
2026-08-07,05,Hyderabad,50,6.3,10.0
2026-08-07,05,Pune,35,3.7,6.7
2026-08-07,05,Ahmedabad,85,12.3,20.5
2026-08-07,06,Delhi,121,36.9,37.1
2026-08-07,06,Mumbai,65,11.3,24.8
2026-08-07,06,Bengaluru,47,3.1,5.0
2026-08-07,06,Kolkata,78,11.8,11.9
2026-08-07,06,Chennai,69,18.2,26.7
2026-08-07,06,Hyderabad,50,6.6,9.9
2026-08-07,06,Pune,36,3.4,5.5
2026-08-07,06,Ahmedabad,85,11.7,19.6
2026-08-07,07,Delhi,118,38.4,38.6
2026-08-07,07,Mumbai,64,11.8,25.2
2026-08-07,07,Bengaluru,46,4.6,7.0
2026-08-07,07,Kolkata,76,12.5,12.7
2026-08-07,07,Chennai,69,19.0,26.4
2026-08-07,07,Hyderabad,50,7.1,10.3
2026-08-07,07,Pune,36,3.6,5.6
2026-08-07,07,Ahmedabad,84,12.0,20.7
2026-08-07,08,Delhi,114,43.3,43.5
2026-08-07,08,Mumbai,64,12.1,24.8
2026-08-07,08,Bengaluru,46,5.2,8.2
2026-08-07,08,Kolkata,74,13.7,13.8
2026-08-07,08,Chennai,69,18.3,25.5
2026-08-07,08,Hyderabad,50,7.5,12.1
2026-08-07,08,Pune,35,4.7,7.5
2026-08-07,08,Ahmedabad,83,11.9,23.1
2026-08-07,09,Delhi,111,49.0,49.1
2026-08-07,09,Mumbai,63,12.4,25.6
2026-08-07,09,Bengaluru,46,5.1,7.9
2026-08-07,09,Kolkata,73,13.4,13.5
2026-08-07,09,Chennai,69,16.1,23.2
2026-08-07,09,Hyderabad,50,8.6,15.1
2026-08-07,09,Pune,35,6.7,11.7
2026-08-07,09,Ahmedabad,83,12.5,25.4
2026-08-07,10,Delhi,111,32.5,32.7
2026-08-07,10,Mumbai,62,13.6,26.9
2026-08-07,10,Bengaluru,46,4.3,6.7
2026-08-07,10,Kolkata,72,14.9,15.0
2026-08-07,10,Chennai,69,14.3,22.6
2026-08-07,10,Hyderabad,50,10.8,21.1
2026-08-07,10,Pune,35,6.7,11.8
2026-08-07,10,Ahmedabad,82,13.3,27.4
2026-08-07,11,Delhi,109,26.7,27.0
2026-08-07,11,Mumbai,62,16.1,31.1
2026-08-07,11,Bengaluru,45,3.8,6.7
2026-08-07,11,Kolkata,71,13.3,13.5
2026-08-07,11,Chennai,68,14.0,23.9
2026-08-07,11,Hyderabad,50,12.7,26.0
2026-08-07,11,Pune,35,7.2,13.2
2026-08-07,11,Ahmedabad,80,14.7,31.9
2026-08-07,12,Delhi,108,26.7,26.9
2026-08-07,12,Mumbai,62,14.8,28.6
2026-08-07,12,Bengaluru,45,4.3,8.1
2026-08-07,12,Kolkata,70,13.6,13.8
2026-08-07,12,Chennai,68,14.3,27.0
2026-08-07,12,Hyderabad,50,13.7,27.9
2026-08-07,12,Pune,35,8.3,15.7
2026-08-07,12,Ahmedabad,79,15.8,36.6
2026-08-07,13,Delhi,106,25.8,26.0
2026-08-07,13,Mumbai,61,15.0,28.2
2026-08-07,13,Bengaluru,44,5.9,10.0
2026-08-07,13,Kolkata,68,13.1,13.4
2026-08-07,13,Chennai,68,14.8,28.5
2026-08-07,13,Hyderabad,51,14.1,28.9
2026-08-07,13,Pune,35,9.3,18.0
2026-08-07,13,Ahmedabad,78,17.2,41.9
2026-08-07,14,Delhi,103,28.1,28.3
2026-08-07,14,Mumbai,61,15.4,27.6
2026-08-07,14,Bengaluru,43,6.8,10.6
2026-08-07,14,Kolkata,67,11.6,11.8
2026-08-07,14,Chennai,68,15.4,28.9
2026-08-07,14,Hyderabad,51,14.1,28.2
2026-08-07,14,Pune,36,9.4,17.5
2026-08-07,14,Ahmedabad,77,18.6,46.6
2026-08-07,15,Delhi,101,29.2,29.4
2026-08-07,15,Mumbai,61,15.0,26.9
2026-08-07,15,Bengaluru,42,8.1,12.5
2026-08-07,15,Kolkata,66,10.7,10.8
2026-08-07,15,Chennai,68,16.6,29.7
2026-08-07,15,Hyderabad,51,15.8,32.5
2026-08-07,15,Pune,36,9.4,16.8
2026-08-07,15,Ahmedabad,75,20.5,51.9
2026-08-07,16,Delhi,99,29.0,29.3
2026-08-07,16,Mumbai,61,15.4,28.1
2026-08-07,16,Bengaluru,41,8.8,13.9
2026-08-07,16,Kolkata,64,10.0,10.2
2026-08-07,16,Chennai,68,16.7,29.6
2026-08-07,16,Hyderabad,51,15.5,30.4
2026-08-07,16,Pune,36,8.3,15.6
2026-08-07,16,Ahmedabad,74,21.8,52.4
2026-08-07,17,Delhi,97,34.6,35.2
2026-08-07,17,Mumbai,61,19.4,42.8
2026-08-07,17,Bengaluru,40,5.8,8.2
2026-08-07,17,Kolkata,63,18.0,18.7
2026-08-07,17,Chennai,68,17.5,30.5
2026-08-07,17,Hyderabad,52,18.5,36.2
2026-08-07,17,Pune,35,11.8,23.3
2026-08-07,17,Ahmedabad,73,28.8,70.1
2026-08-07,18,Delhi,97,35.6,36.2
2026-08-07,18,Mumbai,61,18.7,40.5
2026-08-07,18,Bengaluru,38,8.7,13.2
2026-08-07,18,Kolkata,63,22.4,23.0
2026-08-07,18,Chennai,68,16.9,30.2
2026-08-07,18,Hyderabad,53,19.2,34.8
2026-08-07,18,Pune,35,12.0,21.1
2026-08-07,18,Ahmedabad,73,29.9,65.0
2026-08-07,19,Delhi,97,36.0,36.4
2026-08-07,19,Mumbai,61,18.2,38.6
2026-08-07,19,Bengaluru,36,9.3,12.9
2026-08-07,19,Kolkata,63,23.6,24.0
2026-08-07,19,Chennai,67,13.6,21.9
2026-08-07,19,Hyderabad,53,21.2,36.4
2026-08-07,19,Pune,35,12.1,19.0
2026-08-07,19,Ahmedabad,72,31.4,59.8
2026-08-07,20,Delhi,97,34.7,35.2
2026-08-07,20,Mumbai,61,17.5,37.3
2026-08-07,20,Bengaluru,34,8.7,11.3
2026-08-07,20,Kolkata,63,24.2,24.5
2026-08-07,20,Chennai,66,11.4,16.6
2026-08-07,20,Hyderabad,54,22.9,38.6
2026-08-07,20,Pune,36,12.3,18.6
2026-08-07,20,Ahmedabad,71,29.8,52.4
2026-08-07,21,Delhi,97,35.2,35.5
2026-08-07,21,Mumbai,61,17.2,37.5
2026-08-07,21,Bengaluru,33,7.2,8.5
2026-08-07,21,Kolkata,63,23.2,23.5
2026-08-07,21,Chennai,65,12.1,18.0
2026-08-07,21,Hyderabad,55,21.7,33.9
2026-08-07,21,Pune,37,10.8,15.9
2026-08-07,21,Ahmedabad,70,26.7,44.8
2026-08-07,22,Delhi,97,36.3,36.6
2026-08-07,22,Mumbai,61,16.5,36.6
2026-08-07,22,Bengaluru,32,5.8,6.4
2026-08-07,22,Kolkata,63,20.1,20.4
2026-08-07,22,Chennai,64,12.0,18.2
2026-08-07,22,Hyderabad,56,18.0,27.4
2026-08-07,22,Pune,37,8.6,12.2
2026-08-07,22,Ahmedabad,70,23.9,39.6
2026-08-07,23,Delhi,97,37.7,38.0
2026-08-07,23,Mumbai,61,15.5,33.5
2026-08-07,23,Bengaluru,31,4.7,5.0
2026-08-07,23,Kolkata,63,16.6,17.0
2026-08-07,23,Chennai,63,12.5,20.4
2026-08-07,23,Hyderabad,57,14.3,21.7
2026-08-07,23,Pune,38,6.5,8.7
2026-08-07,23,Ahmedabad,69,21.8,36.0
2026-08-08,00,Delhi,97,38.3,38.5
2026-08-08,00,Mumbai,61,14.8,32.9
2026-08-08,00,Bengaluru,30,3.7,4.0
2026-08-08,00,Kolkata,63,15.3,15.7
2026-08-08,00,Chennai,62,12.6,20.2
2026-08-08,00,Hyderabad,57,12.6,19.8
2026-08-08,00,Pune,38,3.8,5.2
2026-08-08,00,Ahmedabad,69,20.0,33.2
2026-08-08,01,Delhi,97,39.6,39.7
2026-08-08,01,Mumbai,61,13.7,30.5
2026-08-08,01,Bengaluru,30,2.9,3.1
2026-08-08,01,Kolkata,62,14.7,15.3
2026-08-08,01,Chennai,62,12.7,19.4
2026-08-08,01,Hyderabad,58,12.6,20.8
2026-08-08,01,Pune,39,2.9,3.9
2026-08-08,01,Ahmedabad,69,18.7,31.1
2026-08-08,02,Delhi,97,41.4,41.6
2026-08-08,02,Mumbai,61,13.4,30.0
2026-08-08,02,Bengaluru,30,2.4,2.8
2026-08-08,02,Kolkata,62,13.1,13.8
2026-08-08,02,Chennai,62,12.5,18.7
2026-08-08,02,Hyderabad,58,13.0,22.6
2026-08-08,02,Pune,39,2.5,3.1
2026-08-08,02,Ahmedabad,69,16.8,27.6
2026-08-08,03,Delhi,98,41.9,42.1
2026-08-08,03,Mumbai,61,13.2,29.9
2026-08-08,03,Bengaluru,30,2.3,3.0
2026-08-08,03,Kolkata,62,12.2,13.0
2026-08-08,03,Chennai,61,12.0,17.4
2026-08-08,03,Hyderabad,58,13.2,22.9
2026-08-08,03,Pune,39,2.1,3.0
2026-08-08,03,Ahmedabad,69,14.4,23.2
2026-08-08,04,Delhi,99,43.9,44.0
2026-08-08,04,Mumbai,61,12.5,27.5
2026-08-08,04,Bengaluru,29,2.2,3.0
2026-08-08,04,Kolkata,62,11.3,12.2
2026-08-08,04,Chennai,61,11.1,15.5
2026-08-08,04,Hyderabad,59,12.7,21.1
2026-08-08,04,Pune,39,2.3,3.6
2026-08-08,04,Ahmedabad,69,12.7,20.1
2026-08-08,05,Delhi,100,44.9,45.5
2026-08-08,05,Mumbai,61,13.0,30.9
2026-08-08,05,Bengaluru,29,1.8,1.9
2026-08-08,05,Kolkata,62,6.5,6.9
2026-08-08,05,Chennai,61,6.9,8.6
2026-08-08,05,Hyderabad,59,8.5,12.3
2026-08-08,05,Pune,39,3.0,5.6
2026-08-08,05,Ahmedabad,69,10.9,18.8
2026-08-08,06,Delhi,101,47.4,48.1
2026-08-08,06,Mumbai,61,13.6,32.1
2026-08-08,06,Bengaluru,29,1.9,2.3
2026-08-08,06,Kolkata,61,8.4,9.0
2026-08-08,06,Chennai,60,7.2,9.0
2026-08-08,06,Hyderabad,59,8.1,11.4
2026-08-08,06,Pune,39,3.3,5.5
2026-08-08,06,Ahmedabad,69,10.1,17.5
2026-08-08,07,Delhi,103,47.5,48.7
2026-08-08,07,Mumbai,61,14.1,33.4
2026-08-08,07,Bengaluru,29,3.2,3.8
2026-08-08,07,Kolkata,61,8.6,9.7
2026-08-08,07,Chennai,59,7.1,9.5
2026-08-08,07,Hyderabad,59,8.5,12.3
2026-08-08,07,Pune,39,3.5,6.1
2026-08-08,07,Ahmedabad,69,10.6,18.8
2026-08-08,08,Delhi,103,44.2,45.9
2026-08-08,08,Mumbai,61,14.6,33.8
2026-08-08,08,Bengaluru,28,4.3,5.5
2026-08-08,08,Kolkata,61,9.0,10.4
2026-08-08,08,Chennai,58,7.9,11.4
2026-08-08,08,Hyderabad,60,9.3,16.8
2026-08-08,08,Pune,39,4.8,9.0
2026-08-08,08,Ahmedabad,69,11.4,23.1
2026-08-08,09,Delhi,104,39.0,41.4
2026-08-08,09,Mumbai,62,15.3,34.3
2026-08-08,09,Bengaluru,28,4.5,6.6
2026-08-08,09,Kolkata,60,8.6,10.2
2026-08-08,09,Chennai,57,8.7,13.0
2026-08-08,09,Hyderabad,60,9.3,16.4
2026-08-08,09,Pune,39,7.9,16.5
2026-08-08,09,Ahmedabad,69,13.7,29.5
2026-08-08,10,Delhi,103,35.7,38.8
2026-08-08,10,Mumbai,62,15.3,33.4
2026-08-08,10,Bengaluru,28,5.0,8.3
2026-08-08,10,Kolkata,60,8.5,10.2
2026-08-08,10,Chennai,57,9.5,14.1
2026-08-08,10,Hyderabad,60,9.8,17.8
2026-08-08,10,Pune,39,8.9,18.6
2026-08-08,10,Ahmedabad,69,15.6,35.2
2026-08-08,11,Delhi,103,37.8,41.3
2026-08-08,11,Mumbai,62,15.5,32.2
2026-08-08,11,Bengaluru,28,5.4,9.4
2026-08-08,11,Kolkata,59,8.4,10.0
2026-08-08,11,Chennai,56,10.4,15.2
2026-08-08,11,Hyderabad,60,10.7,20.6
2026-08-08,11,Pune,40,9.3,19.4
2026-08-08,11,Ahmedabad,69,16.7,39.2
2026-08-08,12,Delhi,104,36.1,38.8
2026-08-08,12,Mumbai,62,16.1,32.9
2026-08-08,12,Bengaluru,29,6.9,14.1
2026-08-08,12,Kolkata,59,8.4,10.2
2026-08-08,12,Chennai,56,12.4,18.3
2026-08-08,12,Hyderabad,60,11.9,23.6
2026-08-08,12,Pune,40,8.9,18.3
2026-08-08,12,Ahmedabad,69,19.4,50.8
2026-08-08,13,Delhi,105,43.4,45.9
2026-08-08,13,Mumbai,62,17.1,34.5
2026-08-08,13,Bengaluru,29,5.5,10.5
2026-08-08,13,Kolkata,59,8.3,10.2
2026-08-08,13,Chennai,56,15.1,22.9
2026-08-08,13,Hyderabad,59,13.1,26.7
2026-08-08,13,Pune,40,8.3,16.5
2026-08-08,13,Ahmedabad,69,22.1,61.2
2026-08-08,14,Delhi,107,39.7,41.6
2026-08-08,14,Mumbai,62,17.3,34.0
2026-08-08,14,Bengaluru,29,6.5,11.3
2026-08-08,14,Kolkata,58,8.5,10.5
2026-08-08,14,Chennai,56,17.3,28.1
2026-08-08,14,Hyderabad,59,13.7,27.5
2026-08-08,14,Pune,40,8.1,15.8
2026-08-08,14,Ahmedabad,70,23.6,69.2
2026-08-08,15,Delhi,108,37.1,38.4
2026-08-08,15,Mumbai,62,16.5,32.1
2026-08-08,15,Bengaluru,29,7.9,13.3
2026-08-08,15,Kolkata,58,9.0,11.5
2026-08-08,15,Chennai,56,17.5,30.4
2026-08-08,15,Hyderabad,59,14.0,27.8
2026-08-08,15,Pune,40,8.4,15.4
2026-08-08,15,Ahmedabad,70,24.0,72.9
2026-08-08,16,Delhi,119,36.6,37.5
2026-08-08,16,Mumbai,62,16.1,31.0
2026-08-08,16,Bengaluru,29,8.9,15.2
2026-08-08,16,Kolkata,58,9.7,12.5
2026-08-08,16,Chennai,56,17.6,32.8
2026-08-08,16,Hyderabad,59,17.1,33.6
2026-08-08,16,Pune,39,8.5,16.1
2026-08-08,16,Ahmedabad,70,26.1,81.7
2026-08-08,17,Delhi,135,36.3,49.4
2026-08-08,17,Mumbai,63,18.0,40.7
2026-08-08,17,Bengaluru,29,12.5,22.1
2026-08-08,17,Kolkata,58,11.3,14.4
2026-08-08,17,Chennai,56,26.3,45.6
2026-08-08,17,Hyderabad,59,20.7,39.2
2026-08-08,17,Pune,39,13.9,29.8
2026-08-08,17,Ahmedabad,71,36.3,115.7
2026-08-08,18,Delhi,142,42.8,49.5
2026-08-08,18,Mumbai,62,16.0,34.1
2026-08-08,18,Bengaluru,31,12.9,19.4
2026-08-08,18,Kolkata,57,13.7,16.9
2026-08-08,18,Chennai,57,26.8,43.1
2026-08-08,18,Hyderabad,59,22.4,36.9
2026-08-08,18,Pune,40,13.1,25.5
2026-08-08,18,Ahmedabad,71,38.3,103.4
2026-08-08,19,Delhi,136,48.3,52.7
2026-08-08,19,Mumbai,62,14.7,29.3
2026-08-08,19,Bengaluru,32,12.9,17.8
2026-08-08,19,Kolkata,57,15.1,18.0
2026-08-08,19,Chennai,58,26.0,40.2
2026-08-08,19,Hyderabad,60,25.1,38.6
2026-08-08,19,Pune,40,12.5,22.5
2026-08-08,19,Ahmedabad,72,42.8,105.9
2026-08-08,20,Delhi,118,56.5,60.8
2026-08-08,20,Mumbai,62,13.6,26.5
2026-08-08,20,Bengaluru,32,11.7,15.3
2026-08-08,20,Kolkata,56,15.6,18.3
2026-08-08,20,Chennai,59,25.3,38.9
2026-08-08,20,Hyderabad,60,27.0,40.3
2026-08-08,20,Pune,40,12.3,20.8
2026-08-08,20,Ahmedabad,73,44.6,102.4
2026-08-08,21,Delhi,114,56.7,61.5
2026-08-08,21,Mumbai,62,12.6,25.9
2026-08-08,21,Bengaluru,33,9.7,11.9
2026-08-08,21,Kolkata,55,15.3,18.0
2026-08-08,21,Chennai,60,25.0,38.5
2026-08-08,21,Hyderabad,60,26.9,39.7
2026-08-08,21,Pune,40,11.1,18.0
2026-08-08,21,Ahmedabad,74,43.3,93.6
2026-08-08,22,Delhi,116,49.4,56.1
2026-08-08,22,Mumbai,61,11.7,23.4
2026-08-08,22,Bengaluru,34,7.7,9.0
2026-08-08,22,Kolkata,55,14.6,17.2
2026-08-08,22,Chennai,61,24.6,38.3
2026-08-08,22,Hyderabad,61,24.8,37.5
2026-08-08,22,Pune,40,9.7,14.8
2026-08-08,22,Ahmedabad,75,40.4,81.7
2026-08-08,23,Delhi,118,47.1,53.8
2026-08-08,23,Mumbai,61,10.9,22.3
2026-08-08,23,Bengaluru,34,6.0,6.9
2026-08-08,23,Kolkata,54,13.7,16.1
2026-08-08,23,Chennai,62,24.1,37.4
2026-08-08,23,Hyderabad,61,22.2,36.0
2026-08-08,23,Pune,41,8.4,12.2
2026-08-08,23,Ahmedabad,77,35.6,66.6
2026-08-09,00,Delhi,119,48.4,53.3
2026-08-09,00,Mumbai,61,10.1,20.5
2026-08-09,00,Bengaluru,34,4.3,5.0
2026-08-09,00,Kolkata,54,13.5,15.7
2026-08-09,00,Chennai,63,23.6,36.1
2026-08-09,00,Hyderabad,62,19.8,32.6
2026-08-09,00,Pune,41,5.8,8.7
2026-08-09,00,Ahmedabad,78,29.0,51.0
2026-08-09,01,Delhi,120,47.6,50.8
2026-08-09,01,Mumbai,60,10.1,21.5
2026-08-09,01,Bengaluru,35,3.3,3.8
2026-08-09,01,Kolkata,54,13.6,15.8
2026-08-09,01,Chennai,63,23.3,34.6
2026-08-09,01,Hyderabad,62,18.2,28.9
2026-08-09,01,Pune,42,4.5,6.4
2026-08-09,01,Ahmedabad,78,23.7,40.6
2026-08-09,02,Delhi,121,45.4,47.0
2026-08-09,02,Mumbai,60,9.8,21.7
2026-08-09,02,Bengaluru,35,2.7,3.2
2026-08-09,02,Kolkata,54,13.7,15.8
2026-08-09,02,Chennai,64,22.6,31.8
2026-08-09,02,Hyderabad,63,16.5,25.0
2026-08-09,02,Pune,42,3.4,4.9
2026-08-09,02,Ahmedabad,79,18.6,31.8
2026-08-09,03,Delhi,121,44.0,44.6
2026-08-09,03,Mumbai,60,10.2,22.9
2026-08-09,03,Bengaluru,35,2.5,3.2
2026-08-09,03,Kolkata,54,13.4,15.5
2026-08-09,03,Chennai,65,21.2,28.5
2026-08-09,03,Hyderabad,63,15.0,21.8
2026-08-09,03,Pune,42,2.3,3.3
2026-08-09,03,Ahmedabad,79,14.7,25.1
2026-08-09,04,Delhi,121,43.8,43.9
2026-08-09,04,Mumbai,59,10.9,26.0
2026-08-09,04,Bengaluru,35,2.4,3.4
2026-08-09,04,Kolkata,54,13.3,15.2
2026-08-09,04,Chennai,66,19.0,24.4
2026-08-09,04,Hyderabad,63,13.6,19.1
2026-08-09,04,Pune,42,1.9,3.0
2026-08-09,04,Ahmedabad,79,13.3,23.3
2026-08-09,05,Delhi,121,53.6,54.2
2026-08-09,05,Mumbai,59,11.8,29.0
2026-08-09,05,Bengaluru,35,2.2,2.8
2026-08-09,05,Kolkata,54,11.8,13.8
2026-08-09,05,Chennai,66,16.5,22.7
2026-08-09,05,Hyderabad,63,13.2,19.3
2026-08-09,05,Pune,42,2.6,4.5
2026-08-09,05,Ahmedabad,79,12.9,22.3
2026-08-09,06,Delhi,122,50.8,51.1
2026-08-09,06,Mumbai,59,12.7,30.9
2026-08-09,06,Bengaluru,35,2.2,2.8
2026-08-09,06,Kolkata,55,12.7,15.1
2026-08-09,06,Chennai,67,15.7,20.7
2026-08-09,06,Hyderabad,64,12.0,17.6
2026-08-09,06,Pune,42,2.8,4.6
2026-08-09,06,Ahmedabad,79,13.1,23.2
2026-08-09,07,Delhi,122,46.1,46.2
2026-08-09,07,Mumbai,59,14.7,34.8
2026-08-09,07,Bengaluru,35,2.4,3.2
2026-08-09,07,Kolkata,55,11.2,14.2
2026-08-09,07,Chennai,68,15.3,19.0
2026-08-09,07,Hyderabad,64,11.6,17.5
2026-08-09,07,Pune,42,3.2,5.6
2026-08-09,07,Ahmedabad,79,14.1,26.4
2026-08-09,08,Delhi,122,42.1,42.3
2026-08-09,08,Mumbai,59,15.8,37.0
2026-08-09,08,Bengaluru,35,2.8,4.3
2026-08-09,08,Kolkata,55,10.3,13.4
2026-08-09,08,Chennai,69,13.4,16.6
2026-08-09,08,Hyderabad,64,11.1,18.9
2026-08-09,08,Pune,42,4.2,7.9
2026-08-09,08,Ahmedabad,80,15.1,31.9
2026-08-09,09,Delhi,122,38.2,38.4
2026-08-09,09,Mumbai,59,16.5,37.5
2026-08-09,09,Bengaluru,34,3.4,4.8
2026-08-09,09,Kolkata,55,9.8,12.9
2026-08-09,09,Chennai,69,12.2,16.5
2026-08-09,09,Hyderabad,64,11.1,19.3
2026-08-09,09,Pune,42,6.2,12.7
2026-08-09,09,Ahmedabad,80,18.2,43.5
2026-08-09,10,Delhi,122,37.5,37.7
2026-08-09,10,Mumbai,59,17.1,38.3
2026-08-09,10,Bengaluru,34,3.8,7.0
2026-08-09,10,Kolkata,55,9.7,12.8
2026-08-09,10,Chennai,69,12.0,17.4
2026-08-09,10,Hyderabad,65,11.8,23.2
2026-08-09,10,Pune,41,7.1,15.0
2026-08-09,10,Ahmedabad,80,19.0,48.2
2026-08-09,11,Delhi,122,36.9,37.1
2026-08-09,11,Mumbai,59,16.8,35.0
2026-08-09,11,Bengaluru,34,3.8,7.1
2026-08-09,11,Kolkata,55,10.0,13.1
2026-08-09,11,Chennai,69,12.3,17.7
2026-08-09,11,Hyderabad,65,13.4,30.0
2026-08-09,11,Pune,41,6.9,14.2
2026-08-09,11,Ahmedabad,81,21.2,59.8
2026-08-09,12,Delhi,122,36.6,37.0
2026-08-09,12,Mumbai,60,17.7,37.0
2026-08-09,12,Bengaluru,34,4.6,9.1
2026-08-09,12,Kolkata,56,8.7,11.0
2026-08-09,12,Chennai,70,13.2,19.6
2026-08-09,12,Hyderabad,65,13.7,31.8
2026-08-09,12,Pune,40,6.7,14.1
2026-08-09,12,Ahmedabad,81,21.9,66.4
2026-08-09,13,Delhi,122,41.6,71.0
2026-08-09,13,Mumbai,60,16.2,32.7
2026-08-09,13,Bengaluru,33,5.2,10.7
2026-08-09,13,Kolkata,56,7.9,9.7
2026-08-09,13,Chennai,70,16.2,25.7
2026-08-09,13,Hyderabad,65,14.3,33.3
2026-08-09,13,Pune,40,7.1,14.6
2026-08-09,13,Ahmedabad,81,25.1,83.4
2026-08-09,14,Delhi,123,42.0,65.2
2026-08-09,14,Mumbai,60,15.5,29.7
2026-08-09,14,Bengaluru,33,7.4,15.7
2026-08-09,14,Kolkata,56,7.7,9.3
2026-08-09,14,Chennai,70,16.6,27.4
2026-08-09,14,Hyderabad,65,13.8,33.2
2026-08-09,14,Pune,40,7.9,16.9
2026-08-09,14,Ahmedabad,81,25.7,87.3
2026-08-09,15,Delhi,158,41.2,57.6
2026-08-09,15,Mumbai,59,14.1,26.5
2026-08-09,15,Bengaluru,33,6.8,13.6
2026-08-09,15,Kolkata,55,7.9,9.1
2026-08-09,15,Chennai,70,15.9,27.6
2026-08-09,15,Hyderabad,65,14.0,34.2
2026-08-09,15,Pune,39,8.2,16.5
2026-08-09,15,Ahmedabad,82,27.1,94.8
2026-08-09,16,Delhi,184,41.3,54.6
2026-08-09,16,Mumbai,59,15.3,29.6
2026-08-09,16,Bengaluru,33,7.2,12.5
2026-08-09,16,Kolkata,55,8.6,9.7
2026-08-09,16,Chennai,70,19.2,37.3
2026-08-09,16,Hyderabad,65,14.1,33.3
2026-08-09,16,Pune,39,7.9,15.6
2026-08-09,16,Ahmedabad,82,26.9,88.9
2026-08-09,17,Delhi,203,48.0,48.4
2026-08-09,17,Mumbai,59,14.7,30.7
2026-08-09,17,Bengaluru,33,12.1,22.1
2026-08-09,17,Kolkata,55,8.9,9.4
2026-08-09,17,Chennai,70,20.2,35.0
2026-08-09,17,Hyderabad,65,21.3,47.8
2026-08-09,17,Pune,39,10.5,21.4
2026-08-09,17,Ahmedabad,82,29.9,88.9
2026-08-09,18,Delhi,206,60.5,61.0
2026-08-09,18,Mumbai,59,14.5,29.6
2026-08-09,18,Bengaluru,32,14.1,21.9
2026-08-09,18,Kolkata,55,13.0,13.8
2026-08-09,18,Chennai,69,19.5,29.7
2026-08-09,18,Hyderabad,65,22.6,44.9
2026-08-09,18,Pune,38,9.5,17.2
2026-08-09,18,Ahmedabad,81,29.3,72.9
2026-08-09,19,Delhi,203,83.4,83.8
2026-08-09,19,Mumbai,59,15.8,31.1
2026-08-09,19,Bengaluru,33,14.2,20.8
2026-08-09,19,Kolkata,55,16.9,17.9
2026-08-09,19,Chennai,69,18.6,25.9
2026-08-09,19,Hyderabad,65,24.3,43.7
2026-08-09,19,Pune,38,8.8,14.7
2026-08-09,19,Ahmedabad,81,30.5,66.1
2026-08-09,20,Delhi,188,107.8,108.0
2026-08-09,20,Mumbai,59,16.2,32.4
2026-08-09,20,Bengaluru,33,13.1,18.4
2026-08-09,20,Kolkata,55,18.5,19.7
2026-08-09,20,Chennai,68,18.7,24.7
2026-08-09,20,Hyderabad,65,25.4,43.8
2026-08-09,20,Pune,37,8.5,13.2
2026-08-09,20,Ahmedabad,80,30.5,59.8
2026-08-09,21,Delhi,160,128.1,128.1
2026-08-09,21,Mumbai,59,16.5,32.7
2026-08-09,21,Bengaluru,33,11.2,15.1
2026-08-09,21,Kolkata,55,20.4,21.8
2026-08-09,21,Chennai,68,20.4,26.5
2026-08-09,21,Hyderabad,65,25.7,44.0
2026-08-09,21,Pune,36,8.0,12.7
2026-08-09,21,Ahmedabad,79,29.0,53.1
2026-08-09,22,Delhi,143,140.6,140.6
2026-08-09,22,Mumbai,59,16.4,33.3
2026-08-09,22,Bengaluru,34,10.1,12.9
2026-08-09,22,Kolkata,56,21.7,23.3
2026-08-09,22,Chennai,67,22.8,29.7
2026-08-09,22,Hyderabad,65,25.9,43.9
2026-08-09,22,Pune,35,7.8,12.1
2026-08-09,22,Ahmedabad,77,26.7,46.8
2026-08-09,23,Delhi,151,130.4,130.4
2026-08-09,23,Mumbai,60,16.0,33.3
2026-08-09,23,Bengaluru,34,8.8,11.0
2026-08-09,23,Kolkata,56,21.5,23.5
2026-08-09,23,Chennai,67,22.8,30.6
2026-08-09,23,Hyderabad,65,24.7,42.0
2026-08-09,23,Pune,35,7.5,11.3
2026-08-09,23,Ahmedabad,76,24.8,44.1
2026-08-10,00,Delhi,153,100.1,100.4
2026-08-10,00,Mumbai,60,15.0,32.9
2026-08-10,00,Bengaluru,35,7.1,8.9
2026-08-10,00,Kolkata,57,23.3,25.6
2026-08-10,00,Chennai,67,20.5,28.0
2026-08-10,00,Hyderabad,65,22.9,39.1
2026-08-10,00,Pune,35,6.5,10.2
2026-08-10,00,Ahmedabad,75,23.4,43.1
2026-08-10,01,Delhi,155,74.3,74.5
2026-08-10,01,Mumbai,61,14.1,30.7
2026-08-10,01,Bengaluru,36,6.0,7.6
2026-08-10,01,Kolkata,58,23.3,25.6
2026-08-10,01,Chennai,67,19.0,26.1
2026-08-10,01,Hyderabad,65,21.8,36.8
2026-08-10,01,Pune,35,5.4,8.6
2026-08-10,01,Ahmedabad,75,22.6,42.6
2026-08-10,02,Delhi,155,59.1,59.3
2026-08-10,02,Mumbai,61,13.2,29.6
2026-08-10,02,Bengaluru,36,5.1,6.7
2026-08-10,02,Kolkata,59,19.8,22.0
2026-08-10,02,Chennai,66,18.6,25.9
2026-08-10,02,Hyderabad,66,20.7,33.9
2026-08-10,02,Pune,35,4.4,6.8
2026-08-10,02,Ahmedabad,75,21.9,41.8
2026-08-10,03,Delhi,156,53.0,53.1
2026-08-10,03,Mumbai,61,13.4,32.4
2026-08-10,03,Bengaluru,37,4.5,6.2
2026-08-10,03,Kolkata,59,17.3,19.6
2026-08-10,03,Chennai,66,18.6,25.8
2026-08-10,03,Hyderabad,66,18.7,29.0
2026-08-10,03,Pune,35,3.7,5.9
2026-08-10,03,Ahmedabad,75,20.8,39.7
2026-08-10,04,Delhi,156,50.3,50.4
2026-08-10,04,Mumbai,61,12.6,29.8
2026-08-10,04,Bengaluru,37,4.0,5.8
2026-08-10,04,Kolkata,59,15.8,18.0
2026-08-10,04,Chennai,66,18.6,25.3
2026-08-10,04,Hyderabad,66,16.0,23.6
2026-08-10,04,Pune,35,3.1,5.1
2026-08-10,04,Ahmedabad,76,16.7,32.1
2026-08-10,05,Delhi,156,37.8,38.0
2026-08-10,05,Mumbai,62,13.0,32.7
2026-08-10,05,Bengaluru,38,3.9,5.6
2026-08-10,05,Kolkata,59,16.4,18.5
2026-08-10,05,Chennai,66,18.3,24.6
2026-08-10,05,Hyderabad,66,13.7,19.7
2026-08-10,05,Pune,36,1.9,3.1
2026-08-10,05,Ahmedabad,76,14.0,27.5
2026-08-10,06,Delhi,156,36.0,36.2
2026-08-10,06,Mumbai,62,14.1,36.7
2026-08-10,06,Bengaluru,38,4.1,5.6
2026-08-10,06,Kolkata,60,16.6,19.1
2026-08-10,06,Chennai,66,18.2,23.5
2026-08-10,06,Hyderabad,66,11.0,14.8
2026-08-10,06,Pune,36,2.3,3.4
2026-08-10,06,Ahmedabad,76,12.9,25.6
2026-08-10,07,Delhi,155,32.4,32.6
2026-08-10,07,Mumbai,62,14.5,35.2
2026-08-10,07,Bengaluru,38,4.1,5.8
2026-08-10,07,Kolkata,60,15.4,19.3
2026-08-10,07,Chennai,66,18.5,23.1
2026-08-10,07,Hyderabad,66,10.0,13.9
2026-08-10,07,Pune,35,3.2,4.5
2026-08-10,07,Ahmedabad,76,13.5,28.3
2026-08-10,08,Delhi,155,29.9,30.0
2026-08-10,08,Mumbai,62,14.5,32.4
2026-08-10,08,Bengaluru,39,4.9,6.6
2026-08-10,08,Kolkata,60,15.6,20.4
2026-08-10,08,Chennai,66,17.3,21.5
2026-08-10,08,Hyderabad,66,9.9,15.2
2026-08-10,08,Pune,35,4.1,5.9
2026-08-10,08,Ahmedabad,76,13.3,28.3
2026-08-10,09,Delhi,155,28.9,29.1
2026-08-10,09,Mumbai,62,15.1,32.7
2026-08-10,09,Bengaluru,39,4.9,7.1
2026-08-10,09,Kolkata,61,15.0,18.7
2026-08-10,09,Chennai,67,15.9,20.9
2026-08-10,09,Hyderabad,66,10.9,19.3
2026-08-10,09,Pune,35,4.4,7.3
2026-08-10,09,Ahmedabad,76,16.9,41.2
2026-08-10,10,Delhi,154,30.6,30.7
2026-08-10,10,Mumbai,62,15.5,33.1
2026-08-10,10,Bengaluru,40,5.4,9.0
2026-08-10,10,Kolkata,61,13.8,15.5
2026-08-10,10,Chennai,67,15.7,21.4
2026-08-10,10,Hyderabad,66,12.5,25.3
2026-08-10,10,Pune,35,6.3,12.1
2026-08-10,10,Ahmedabad,76,18.3,45.6
2026-08-10,11,Delhi,154,31.5,33.1
2026-08-10,11,Mumbai,61,16.9,35.7
2026-08-10,11,Bengaluru,40,6.3,11.3
2026-08-10,11,Kolkata,62,14.5,15.9
2026-08-10,11,Chennai,67,16.0,22.1
2026-08-10,11,Hyderabad,66,13.6,29.0
2026-08-10,11,Pune,35,7.4,15.7
2026-08-10,11,Ahmedabad,76,20.7,53.0
2026-08-10,12,Delhi,154,32.9,36.9
2026-08-10,12,Mumbai,61,17.8,38.8
2026-08-10,12,Bengaluru,41,7.0,13.0
2026-08-10,12,Kolkata,62,16.1,17.4
2026-08-10,12,Chennai,68,17.6,25.6
2026-08-10,12,Hyderabad,66,13.8,29.8
2026-08-10,12,Pune,35,7.7,17.0
2026-08-10,12,Ahmedabad,76,21.7,55.1
2026-08-10,13,Delhi,154,36.2,60.8
2026-08-10,13,Mumbai,61,16.6,36.9
2026-08-10,13,Bengaluru,41,7.5,14.2
2026-08-10,13,Kolkata,63,16.8,18.1
2026-08-10,13,Chennai,68,19.6,29.0
2026-08-10,13,Hyderabad,66,13.7,29.4
2026-08-10,13,Pune,35,7.0,15.0
2026-08-10,13,Ahmedabad,76,21.3,53.8
2026-08-10,14,Delhi,154,37.8,47.7
2026-08-10,14,Mumbai,61,16.1,32.7
2026-08-10,14,Bengaluru,42,7.4,14.6
2026-08-10,14,Kolkata,63,16.8,18.1
2026-08-10,14,Chennai,68,20.0,30.0
2026-08-10,14,Hyderabad,66,13.6,29.3
2026-08-10,14,Pune,35,7.2,14.3
2026-08-10,14,Ahmedabad,75,22.3,52.9
2026-08-10,15,Delhi,154,39.6,47.5
2026-08-10,15,Mumbai,61,16.5,32.8
2026-08-10,15,Bengaluru,42,7.6,15.4
2026-08-10,15,Kolkata,82,15.0,15.9
2026-08-10,15,Chennai,68,20.0,31.0
2026-08-10,15,Hyderabad,66,13.3,28.3
2026-08-10,15,Pune,35,7.2,14.1
2026-08-10,15,Ahmedabad,75,20.4,46.7
2026-08-10,16,Delhi,154,40.5,46.2
2026-08-10,16,Mumbai,62,15.9,31.2
2026-08-10,16,Bengaluru,42,8.4,14.8
2026-08-10,16,Kolkata,94,13.1,13.9
2026-08-10,16,Chennai,69,20.3,31.9
2026-08-10,16,Hyderabad,66,12.6,26.1
2026-08-10,16,Pune,35,7.6,14.3
2026-08-10,16,Ahmedabad,75,19.7,43.3
2026-08-10,17,Delhi,154,52.5,54.4
2026-08-10,17,Mumbai,62,18.0,39.0
2026-08-10,17,Bengaluru,42,9.8,14.3
2026-08-10,17,Kolkata,94,18.7,21.9
2026-08-10,17,Chennai,83,24.2,34.0
2026-08-10,17,Hyderabad,66,14.0,26.0
2026-08-10,17,Pune,35,12.2,27.4
2026-08-10,17,Ahmedabad,74,19.6,36.2
2026-08-10,18,Delhi,154,56.9,57.6
2026-08-10,18,Mumbai,62,17.9,38.3
2026-08-10,18,Bengaluru,42,10.3,13.8
2026-08-10,18,Kolkata,88,24.3,27.0
2026-08-10,18,Chennai,88,24.4,33.3
2026-08-10,18,Hyderabad,65,17.3,27.8
2026-08-10,18,Pune,35,13.0,25.1
2026-08-10,18,Ahmedabad,73,21.9,37.4
2026-08-10,19,Delhi,154,58.8,59.0
2026-08-10,19,Mumbai,62,18.1,37.1
2026-08-10,19,Bengaluru,41,12.9,16.1
2026-08-10,19,Kolkata,75,29.6,32.1
2026-08-10,19,Chennai,86,25.0,34.1
2026-08-10,19,Hyderabad,65,18.5,27.0
2026-08-10,19,Pune,36,14.1,24.4
2026-08-10,19,Ahmedabad,73,22.4,36.4
2026-08-10,20,Delhi,153,65.0,65.0
2026-08-10,20,Mumbai,62,19.2,42.7
2026-08-10,20,Bengaluru,40,13.3,16.4
2026-08-10,20,Kolkata,68,34.2,36.8
2026-08-10,20,Chennai,78,25.5,34.6
2026-08-10,20,Hyderabad,64,16.1,22.8
2026-08-10,20,Pune,37,15.1,24.2
2026-08-10,20,Ahmedabad,72,23.6,37.4
2026-08-10,21,Delhi,152,70.8,71.0
2026-08-10,21,Mumbai,63,19.0,42.3
2026-08-10,21,Bengaluru,40,12.2,15.2
2026-08-10,21,Kolkata,69,39.9,42.6
2026-08-10,21,Chennai,71,25.7,34.3
2026-08-10,21,Hyderabad,64,14.7,20.1
2026-08-10,21,Pune,39,13.5,22.0
2026-08-10,21,Ahmedabad,71,23.7,37.6
2026-08-10,22,Delhi,149,77.1,77.5
2026-08-10,22,Mumbai,63,19.1,40.5
2026-08-10,22,Bengaluru,41,11.2,14.0
2026-08-10,22,Kolkata,70,41.3,44.1
2026-08-10,22,Chennai,71,24.3,32.4
2026-08-10,22,Hyderabad,63,14.0,18.7
2026-08-10,22,Pune,40,14.3,22.2
2026-08-10,22,Ahmedabad,71,23.2,38.0
2026-08-10,23,Delhi,143,77.3,77.8
2026-08-10,23,Mumbai,63,19.0,39.9
2026-08-10,23,Bengaluru,41,10.0,12.5
2026-08-10,23,Kolkata,72,40.5,43.4
2026-08-10,23,Chennai,71,21.9,28.9
2026-08-10,23,Hyderabad,62,13.3,18.0
2026-08-10,23,Pune,41,12.3,19.6
2026-08-10,23,Ahmedabad,71,22.4,37.4
2026-08-11,00,Delhi,137,77.3,77.8
2026-08-11,00,Mumbai,63,18.6,38.8
2026-08-11,00,Bengaluru,41,8.4,10.7
2026-08-11,00,Kolkata,73,42.4,45.6
2026-08-11,00,Chennai,71,20.0,26.1
2026-08-11,00,Hyderabad,61,12.9,17.6
2026-08-11,00,Pune,43,9.8,15.4
2026-08-11,00,Ahmedabad,71,20.2,34.3
2026-08-11,01,Delhi,135,76.6,77.1
2026-08-11,01,Mumbai,64,17.4,36.2
2026-08-11,01,Bengaluru,41,7.2,9.2
2026-08-11,01,Kolkata,75,43.8,47.0
2026-08-11,01,Chennai,71,18.0,23.3
2026-08-11,01,Hyderabad,60,12.4,16.9
2026-08-11,01,Pune,43,7.2,11.9
2026-08-11,01,Ahmedabad,70,18.6,32.1
2026-08-11,02,Delhi,135,74.5,75.2
2026-08-11,02,Mumbai,64,16.6,34.3
2026-08-11,02,Bengaluru,42,6.2,8.0
2026-08-11,02,Kolkata,76,45.6,48.8
2026-08-11,02,Chennai,71,15.9,20.5
2026-08-11,02,Hyderabad,60,12.0,16.6
2026-08-11,02,Pune,44,5.0,8.4
2026-08-11,02,Ahmedabad,70,17.3,30.5
2026-08-11,03,Delhi,137,71.9,72.6
2026-08-11,03,Mumbai,64,15.5,32.1
2026-08-11,03,Bengaluru,42,5.6,7.5
2026-08-11,03,Kolkata,78,43.2,45.9
2026-08-11,03,Chennai,71,14.0,18.0
2026-08-11,03,Hyderabad,59,11.7,16.3
2026-08-11,03,Pune,44,3.7,5.9
2026-08-11,03,Ahmedabad,70,15.7,27.4
2026-08-11,04,Delhi,139,65.4,65.9
2026-08-11,04,Mumbai,64,15.9,34.8
2026-08-11,04,Bengaluru,42,5.4,7.6
2026-08-11,04,Kolkata,81,45.1,47.5
2026-08-11,04,Chennai,70,12.6,15.9
2026-08-11,04,Hyderabad,58,11.3,16.0
2026-08-11,04,Pune,44,2.7,4.2
2026-08-11,04,Ahmedabad,69,14.5,25.0
2026-08-11,05,Delhi,140,51.9,52.3
2026-08-11,05,Mumbai,65,13.9,30.0
2026-08-11,05,Bengaluru,43,5.3,7.4
2026-08-11,05,Kolkata,83,40.2,43.2
2026-08-11,05,Chennai,70,9.2,12.6
2026-08-11,05,Hyderabad,58,10.6,16.0
2026-08-11,05,Pune,44,3.0,5.3
2026-08-11,05,Ahmedabad,69,10.0,17.8
2026-08-11,06,Delhi,142,47.4,47.6
2026-08-11,06,Mumbai,65,14.4,31.0
2026-08-11,06,Bengaluru,43,5.5,7.4
2026-08-11,06,Kolkata,85,40.0,43.1
2026-08-11,06,Chennai,69,9.9,13.4
2026-08-11,06,Hyderabad,58,10.9,16.1
2026-08-11,06,Pune,44,3.5,5.5
2026-08-11,06,Ahmedabad,69,8.3,15.1
2026-08-11,07,Delhi,143,50.5,50.9
2026-08-11,07,Mumbai,65,15.6,33.4
2026-08-11,07,Bengaluru,43,6.3,8.2
2026-08-11,07,Kolkata,87,34.8,38.1
2026-08-11,07,Chennai,69,11.6,15.5
2026-08-11,07,Hyderabad,58,11.6,18.2
2026-08-11,07,Pune,44,3.7,5.6
2026-08-11,07,Ahmedabad,68,9.0,17.3
2026-08-11,08,Delhi,145,44.9,45.3
2026-08-11,08,Mumbai,65,17.0,36.3
2026-08-11,08,Bengaluru,44,5.5,7.5
2026-08-11,08,Kolkata,88,28.1,31.0
2026-08-11,08,Chennai,68,13.6,18.1
2026-08-11,08,Hyderabad,58,12.1,21.5
2026-08-11,08,Pune,44,3.8,5.2
2026-08-11,08,Ahmedabad,68,9.7,20.1
2026-08-11,09,Delhi,146,40.3,40.4
2026-08-11,09,Mumbai,65,17.0,37.3
2026-08-11,09,Bengaluru,44,5.6,8.2
2026-08-11,09,Kolkata,89,24.9,27.0
2026-08-11,09,Chennai,68,14.7,19.8
2026-08-11,09,Hyderabad,58,16.9,36.6
2026-08-11,09,Pune,44,4.0,5.5
2026-08-11,09,Ahmedabad,68,10.7,22.8
2026-08-11,10,Delhi,148,37.5,37.7
2026-08-11,10,Mumbai,65,17.6,38.0
2026-08-11,10,Bengaluru,44,5.9,9.5
2026-08-11,10,Kolkata,90,22.8,24.2
2026-08-11,10,Chennai,68,16.1,22.8
2026-08-11,10,Hyderabad,58,15.5,34.5
2026-08-11,10,Pune,44,3.8,5.8
2026-08-11,10,Ahmedabad,67,12.2,28.8
2026-08-11,11,Delhi,148,38.5,38.8
2026-08-11,11,Mumbai,65,17.3,36.8
2026-08-11,11,Bengaluru,44,6.9,12.0
2026-08-11,11,Kolkata,91,22.9,24.3
2026-08-11,11,Chennai,68,18.4,26.7
2026-08-11,11,Hyderabad,59,15.5,34.5
2026-08-11,11,Pune,44,3.6,6.4
2026-08-11,11,Ahmedabad,67,13.8,34.7
2026-08-11,12,Delhi,149,39.8,40.3
2026-08-11,12,Mumbai,65,16.0,34.5
2026-08-11,12,Bengaluru,44,7.4,13.4
2026-08-11,12,Kolkata,91,23.8,25.0
2026-08-11,12,Chennai,68,21.2,31.5
2026-08-11,12,Hyderabad,59,13.6,29.1
2026-08-11,12,Pune,43,3.7,7.2
2026-08-11,12,Ahmedabad,66,15.5,39.6
2026-08-11,13,Delhi,150,39.6,39.9
2026-08-11,13,Mumbai,65,15.7,34.8
2026-08-11,13,Bengaluru,44,7.8,14.2
2026-08-11,13,Kolkata,92,23.9,25.0
2026-08-11,13,Chennai,68,22.6,34.0
2026-08-11,13,Hyderabad,59,12.0,24.8
2026-08-11,13,Pune,42,4.7,8.8
2026-08-11,13,Ahmedabad,66,17.7,47.4
2026-08-11,14,Delhi,150,38.0,38.3
2026-08-11,14,Mumbai,65,15.4,36.4
2026-08-11,14,Bengaluru,44,8.1,14.7
2026-08-11,14,Kolkata,92,24.1,25.2
2026-08-11,14,Chennai,68,21.9,33.4
2026-08-11,14,Hyderabad,59,10.5,20.5
2026-08-11,14,Pune,41,5.2,9.5
2026-08-11,14,Ahmedabad,65,19.4,50.5
2026-08-11,15,Delhi,150,36.4,36.7
2026-08-11,15,Mumbai,65,16.5,37.4
2026-08-11,15,Bengaluru,45,8.2,15.0
2026-08-11,15,Kolkata,122,23.1,24.1
2026-08-11,15,Chennai,68,21.4,33.2
2026-08-11,15,Hyderabad,58,9.1,16.5
2026-08-11,15,Pune,41,6.8,13.9
2026-08-11,15,Ahmedabad,65,20.5,52.3
2026-08-11,16,Delhi,150,37.0,37.3
2026-08-11,16,Mumbai,65,17.1,38.9
2026-08-11,16,Bengaluru,45,8.5,13.6
2026-08-11,16,Kolkata,140,21.5,22.2
2026-08-11,16,Chennai,69,21.4,33.1
2026-08-11,16,Hyderabad,58,8.0,14.1
2026-08-11,16,Pune,41,7.6,13.4
2026-08-11,16,Ahmedabad,65,24.0,59.8
2026-08-11,17,Delhi,149,45.2,45.3
2026-08-11,17,Mumbai,65,16.3,38.8
2026-08-11,17,Bengaluru,45,12.6,20.8
2026-08-11,17,Kolkata,145,13.9,14.2
2026-08-11,17,Chennai,82,14.8,20.3
2026-08-11,17,Hyderabad,58,9.9,17.5
2026-08-11,17,Pune,41,4.7,7.2
2026-08-11,17,Ahmedabad,66,16.8,42.5
2026-08-11,18,Delhi,149,47.4,47.5
2026-08-11,18,Mumbai,65,16.1,35.4
2026-08-11,18,Bengaluru,45,14.5,21.1
2026-08-11,18,Kolkata,139,23.2,23.5
2026-08-11,18,Chennai,91,15.8,21.1
2026-08-11,18,Hyderabad,57,12.1,18.3
2026-08-11,18,Pune,39,4.5,6.4
2026-08-11,18,Ahmedabad,65,17.9,40.7
2026-08-11,19,Delhi,148,58.9,59.0
2026-08-11,19,Mumbai,65,15.8,34.5
2026-08-11,19,Bengaluru,46,15.7,21.9
2026-08-11,19,Kolkata,124,31.8,32.0
2026-08-11,19,Chennai,93,16.2,21.4
2026-08-11,19,Hyderabad,57,12.7,17.6
2026-08-11,19,Pune,37,3.9,5.2
2026-08-11,19,Ahmedabad,65,19.7,39.3
2026-08-11,20,Delhi,148,74.7,75.0
2026-08-11,20,Mumbai,65,15.6,34.1
2026-08-11,20,Bengaluru,47,16.0,22.6
2026-08-11,20,Kolkata,100,34.2,34.3
2026-08-11,20,Chennai,90,17.5,22.9
2026-08-11,20,Hyderabad,57,13.4,18.0
2026-08-11,20,Pune,35,3.8,5.0
2026-08-11,20,Ahmedabad,65,21.9,41.1
2026-08-11,21,Delhi,149,86.6,86.8
2026-08-11,21,Mumbai,64,15.2,34.2
2026-08-11,21,Bengaluru,48,14.5,20.4
2026-08-11,21,Kolkata,94,34.6,34.7
2026-08-11,21,Chennai,84,19.0,25.0
2026-08-11,21,Hyderabad,56,13.7,18.3
2026-08-11,21,Pune,32,4.4,6.1
2026-08-11,21,Ahmedabad,65,24.2,43.4
2026-08-11,22,Delhi,150,102.7,102.9
2026-08-11,22,Mumbai,64,14.3,31.8
2026-08-11,22,Bengaluru,48,12.5,17.1
2026-08-11,22,Kolkata,94,26.0,26.1
2026-08-11,22,Chennai,77,20.0,26.4
2026-08-11,22,Hyderabad,56,12.6,16.7
2026-08-11,22,Pune,30,5.3,7.9
2026-08-11,22,Ahmedabad,65,26.5,46.8
2026-08-11,23,Delhi,151,111.3,111.5
2026-08-11,23,Mumbai,64,14.2,31.9
2026-08-11,23,Bengaluru,49,10.2,13.6
2026-08-11,23,Kolkata,92,23.6,23.6
2026-08-11,23,Chennai,69,19.4,25.9
2026-08-11,23,Hyderabad,56,10.6,13.9
2026-08-11,23,Pune,28,5.4,8.4
2026-08-11,23,Ahmedabad,65,27.5,47.6
2026-08-12,00,Delhi,152,109.0,109.2
2026-08-12,00,Mumbai,63,13.9,31.7
2026-08-12,00,Bengaluru,49,8.0,10.5
2026-08-12,00,Kolkata,91,24.2,24.2
2026-08-12,00,Chennai,65,17.5,23.2
2026-08-12,00,Hyderabad,56,8.1,10.7
2026-08-12,00,Pune,26,5.0,7.8
2026-08-12,00,Ahmedabad,65,23.7,41.2
2026-08-12,01,Delhi,153,110.4,110.6
2026-08-12,01,Mumbai,63,13.7,32.1
2026-08-12,01,Bengaluru,48,6.4,8.6
2026-08-12,01,Kolkata,90,25.7,25.8
2026-08-12,01,Chennai,65,15.9,20.4
2026-08-12,01,Hyderabad,56,6.2,8.0
2026-08-12,01,Pune,25,4.7,8.0
2026-08-12,01,Ahmedabad,66,21.4,37.3
2026-08-12,02,Delhi,154,116.9,117.1
2026-08-12,02,Mumbai,63,13.1,30.9
2026-08-12,02,Bengaluru,48,5.6,7.9
2026-08-12,02,Kolkata,88,27.6,27.7
2026-08-12,02,Chennai,65,15.8,20.3
2026-08-12,02,Hyderabad,55,4.9,6.4
2026-08-12,02,Pune,25,4.5,7.7
2026-08-12,02,Ahmedabad,66,19.7,34.1
2026-08-12,03,Delhi,155,122.0,122.0
2026-08-12,03,Mumbai,62,13.0,29.9
2026-08-12,03,Bengaluru,48,5.4,8.0
2026-08-12,03,Kolkata,87,29.3,29.3
2026-08-12,03,Chennai,65,16.1,20.8
2026-08-12,03,Hyderabad,55,4.3,5.7
2026-08-12,03,Pune,25,4.8,8.7
2026-08-12,03,Ahmedabad,66,18.3,31.7
2026-08-12,04,Delhi,157,114.6,114.6
2026-08-12,04,Mumbai,62,13.6,32.1
2026-08-12,04,Bengaluru,48,5.4,8.4
2026-08-12,04,Kolkata,86,30.9,30.9
2026-08-12,04,Chennai,65,16.4,21.3
2026-08-12,04,Hyderabad,54,4.2,5.9
2026-08-12,04,Pune,25,4.7,8.7
2026-08-12,04,Ahmedabad,66,17.0,29.0
2026-08-12,05,Delhi,158,92.2,92.2
2026-08-12,05,Mumbai,62,14.2,37.7
2026-08-12,05,Bengaluru,48,4.7,7.4
2026-08-12,05,Kolkata,85,22.1,22.2
2026-08-12,05,Chennai,65,15.6,20.6
2026-08-12,05,Hyderabad,53,5.4,8.0
2026-08-12,05,Pune,25,2.6,4.2
2026-08-12,05,Ahmedabad,66,13.1,22.3
2026-08-12,06,Delhi,159,93.6,93.8
2026-08-12,06,Mumbai,62,14.1,36.4
2026-08-12,06,Bengaluru,48,4.9,7.7
2026-08-12,06,Kolkata,83,23.9,24.0
2026-08-12,06,Chennai,65,16.7,21.7
2026-08-12,06,Hyderabad,53,6.1,9.0
2026-08-12,06,Pune,25,2.5,3.6
2026-08-12,06,Ahmedabad,67,11.9,20.6
2026-08-12,07,Delhi,161,75.0,75.2
2026-08-12,07,Mumbai,62,14.3,34.7
2026-08-12,07,Bengaluru,48,5.2,8.6
2026-08-12,07,Kolkata,82,24.0,24.2
2026-08-12,07,Chennai,66,18.7,23.7
2026-08-12,07,Hyderabad,53,7.2,11.2
2026-08-12,07,Pune,25,3.4,4.8
2026-08-12,07,Ahmedabad,67,12.1,20.5
2026-08-12,08,Delhi,161,54.5,54.6
2026-08-12,08,Mumbai,62,15.9,36.1
2026-08-12,08,Bengaluru,48,5.8,9.6
2026-08-12,08,Kolkata,81,23.5,23.6
2026-08-12,08,Chennai,67,19.7,24.9
2026-08-12,08,Hyderabad,52,7.6,13.1
2026-08-12,08,Pune,25,3.9,5.6
2026-08-12,08,Ahmedabad,67,12.0,22.1
2026-08-12,09,Delhi,162,40.4,40.6
2026-08-12,09,Mumbai,62,16.8,39.2
2026-08-12,09,Bengaluru,48,6.2,10.8
2026-08-12,09,Kolkata,81,20.0,20.1
2026-08-12,09,Chennai,67,18.8,24.2
2026-08-12,09,Hyderabad,52,7.4,13.0
2026-08-12,09,Pune,25,3.9,6.5
2026-08-12,09,Ahmedabad,67,13.1,24.4
2026-08-12,10,Delhi,162,40.6,40.9
2026-08-12,10,Mumbai,62,16.8,37.5
2026-08-12,10,Bengaluru,48,6.5,11.9
2026-08-12,10,Kolkata,80,19.3,19.4
2026-08-12,10,Chennai,67,18.4,24.0
2026-08-12,10,Hyderabad,51,7.3,12.7
2026-08-12,10,Pune,25,4.9,9.2
2026-08-12,10,Ahmedabad,68,14.1,27.5
2026-08-12,11,Delhi,162,42.8,43.2
2026-08-12,11,Mumbai,62,17.9,35.9
2026-08-12,11,Bengaluru,48,7.1,13.6
2026-08-12,11,Kolkata,80,15.4,15.5
2026-08-12,11,Chennai,68,19.2,25.7
2026-08-12,11,Hyderabad,51,7.1,11.9
2026-08-12,11,Pune,25,7.1,14.5
2026-08-12,11,Ahmedabad,68,14.8,29.3
2026-08-12,12,Delhi,162,44.6,44.9
2026-08-12,12,Mumbai,62,17.0,34.1
2026-08-12,12,Bengaluru,48,7.0,13.2
2026-08-12,12,Kolkata,79,15.5,15.6
2026-08-12,12,Chennai,68,21.8,30.9
2026-08-12,12,Hyderabad,50,6.8,11.0
2026-08-12,12,Pune,26,7.7,18.6
2026-08-12,12,Ahmedabad,68,15.8,31.3
2026-08-12,13,Delhi,162,46.4,46.9
2026-08-12,13,Mumbai,62,15.9,33.3
2026-08-12,13,Bengaluru,48,6.4,11.6
2026-08-12,13,Kolkata,79,16.8,16.9
2026-08-12,13,Chennai,68,22.4,31.9
2026-08-12,13,Hyderabad,48,6.4,11.0
2026-08-12,13,Pune,27,8.2,20.5
2026-08-12,13,Ahmedabad,68,16.5,32.5
2026-08-12,14,Delhi,162,47.7,48.1
2026-08-12,14,Mumbai,62,15.8,31.0
2026-08-12,14,Bengaluru,48,5.7,9.5
2026-08-12,14,Kolkata,78,19.6,19.7
2026-08-12,14,Chennai,68,21.0,30.6
2026-08-12,14,Hyderabad,47,6.9,11.8
2026-08-12,14,Pune,28,6.9,13.3
2026-08-12,14,Ahmedabad,68,16.5,32.5
2026-08-12,15,Delhi,162,47.7,48.1
2026-08-12,15,Mumbai,62,15.0,29.1
2026-08-12,15,Bengaluru,47,5.2,8.4
2026-08-12,15,Kolkata,78,22.9,23.0
2026-08-12,15,Chennai,68,20.3,30.6
2026-08-12,15,Hyderabad,46,7.7,11.1
2026-08-12,15,Pune,28,5.9,10.2
2026-08-12,15,Ahmedabad,68,16.4,31.2
2026-08-12,16,Delhi,178,48.8,49.1
2026-08-12,16,Mumbai,62,15.7,30.5
2026-08-12,16,Bengaluru,46,5.1,8.1
2026-08-12,16,Kolkata,78,25.2,25.3
2026-08-12,16,Chennai,80,20.5,31.3
2026-08-12,16,Hyderabad,46,8.0,11.8
2026-08-12,16,Pune,28,6.0,11.7
2026-08-12,16,Ahmedabad,67,16.8,30.5
2026-08-12,17,Delhi,202,43.9,46.7
2026-08-12,17,Mumbai,62,16.5,37.7
2026-08-12,17,Bengaluru,46,10.7,16.8
2026-08-12,17,Kolkata,78,22.5,23.5
2026-08-12,17,Chennai,93,25.2,36.7
2026-08-12,17,Hyderabad,46,9.3,14.0
2026-08-12,17,Pune,28,8.9,16.9
2026-08-12,17,Ahmedabad,67,14.3,27.0
2026-08-12,18,Delhi,208,65.4,67.5
2026-08-12,18,Mumbai,62,15.6,34.3
2026-08-12,18,Bengaluru,45,12.2,16.8
2026-08-12,18,Kolkata,82,30.7,31.9
2026-08-12,18,Chennai,100,25.4,36.4
2026-08-12,18,Hyderabad,45,11.4,15.4
2026-08-12,18,Pune,28,9.1,15.8
2026-08-12,18,Ahmedabad,66,15.5,25.0
2026-08-12,19,Delhi,210,82.4,85.2
2026-08-12,19,Mumbai,62,15.6,32.8
2026-08-12,19,Bengaluru,45,12.8,17.2
2026-08-12,19,Kolkata,83,39.0,41.0
2026-08-12,19,Chennai,99,25.5,36.6
2026-08-12,19,Hyderabad,45,14.1,18.3
2026-08-12,19,Pune,30,9.8,16.1
2026-08-12,19,Ahmedabad,66,17.6,26.3
2026-08-12,20,Delhi,205,85.9,89.2
2026-08-12,20,Mumbai,62,16.0,33.3
2026-08-12,20,Bengaluru,44,12.9,17.5
2026-08-12,20,Kolkata,80,43.2,45.4
2026-08-12,20,Chennai,91,25.6,36.7
2026-08-12,20,Hyderabad,46,15.0,19.2
2026-08-12,20,Pune,31,10.0,16.1
2026-08-12,20,Ahmedabad,66,18.3,26.8
2026-08-12,21,Delhi,191,87.3,89.4
2026-08-12,21,Mumbai,62,16.1,33.8
2026-08-12,21,Bengaluru,43,12.0,16.3
2026-08-12,21,Kolkata,81,45.2,47.3
2026-08-12,21,Chennai,81,25.0,35.7
2026-08-12,21,Hyderabad,46,13.5,17.6
2026-08-12,21,Pune,32,10.1,16.5
2026-08-12,21,Ahmedabad,66,17.2,25.4
2026-08-12,22,Delhi,165,81.5,81.7
2026-08-12,22,Mumbai,62,16.1,33.5
2026-08-12,22,Bengaluru,43,11.5,15.7
2026-08-12,22,Kolkata,81,46.4,48.7
2026-08-12,22,Chennai,71,24.9,35.3
2026-08-12,22,Hyderabad,46,11.5,14.8
2026-08-12,22,Pune,34,10.1,16.6
2026-08-12,22,Ahmedabad,65,16.4,24.9
2026-08-12,23,Delhi,164,77.3,77.3
2026-08-12,23,Mumbai,62,16.1,34.1
2026-08-12,23,Bengaluru,42,10.1,13.9
2026-08-12,23,Kolkata,83,43.2,45.3
2026-08-12,23,Chennai,71,25.0,35.4
2026-08-12,23,Hyderabad,46,9.6,12.3
2026-08-12,23,Pune,35,9.9,16.7
2026-08-12,23,Ahmedabad,64,16.4,24.9
2026-08-13,00,Delhi,163,66.8,66.8
2026-08-13,00,Mumbai,62,15.1,32.6
2026-08-13,00,Bengaluru,42,8.8,12.4
2026-08-13,00,Kolkata,85,36.8,38.9
2026-08-13,00,Chennai,72,23.6,32.7
2026-08-13,00,Hyderabad,45,8.0,10.8
2026-08-13,00,Pune,36,9.3,16.8
2026-08-13,00,Ahmedabad,64,15.4,24.3
2026-08-13,01,Delhi,162,61.2,61.2
2026-08-13,01,Mumbai,62,14.3,31.1
2026-08-13,01,Bengaluru,43,7.7,11.1
2026-08-13,01,Kolkata,86,32.9,34.7
2026-08-13,01,Chennai,72,21.4,29.5
2026-08-13,01,Hyderabad,45,7.2,10.1
2026-08-13,01,Pune,37,7.6,13.7
2026-08-13,01,Ahmedabad,63,14.8,24.2
2026-08-13,02,Delhi,160,55.4,55.4
2026-08-13,02,Mumbai,62,14.6,33.6
2026-08-13,02,Bengaluru,43,6.8,10.1
2026-08-13,02,Kolkata,86,27.9,29.6
2026-08-13,02,Chennai,73,20.3,27.8
2026-08-13,02,Hyderabad,46,6.9,10.0
2026-08-13,02,Pune,37,6.0,10.1
2026-08-13,02,Ahmedabad,62,14.8,25.0
2026-08-13,03,Delhi,159,47.5,47.5
2026-08-13,03,Mumbai,62,13.4,30.0
2026-08-13,03,Bengaluru,43,6.0,9.0
2026-08-13,03,Kolkata,86,22.2,23.7
2026-08-13,03,Chennai,73,19.6,27.2
2026-08-13,03,Hyderabad,46,7.0,10.0
2026-08-13,03,Pune,38,3.4,5.8
2026-08-13,03,Ahmedabad,62,15.3,26.0
2026-08-13,04,Delhi,156,41.1,41.2
2026-08-13,04,Mumbai,62,12.5,27.4
2026-08-13,04,Bengaluru,43,5.2,7.7
2026-08-13,04,Kolkata,86,19.4,20.7
2026-08-13,04,Chennai,73,19.1,26.8
2026-08-13,04,Hyderabad,47,7.5,10.7
2026-08-13,04,Pune,37,2.3,3.4
2026-08-13,04,Ahmedabad,62,16.1,27.9
2026-08-13,05,Delhi,154,51.5,51.5
2026-08-13,05,Mumbai,62,12.0,26.2
2026-08-13,05,Bengaluru,43,3.8,5.0
2026-08-13,05,Kolkata,85,11.5,12.3
2026-08-13,05,Chennai,73,23.0,30.9
2026-08-13,05,Hyderabad,47,6.2,8.7
2026-08-13,05,Pune,37,1.7,2.4
2026-08-13,05,Ahmedabad,62,14.9,24.9
2026-08-13,06,Delhi,153,50.3,50.9
2026-08-13,06,Mumbai,62,13.5,31.5
2026-08-13,06,Bengaluru,43,3.6,4.5
2026-08-13,06,Kolkata,84,11.8,12.3
2026-08-13,06,Chennai,74,23.5,30.5
2026-08-13,06,Hyderabad,48,7.3,10.3
2026-08-13,06,Pune,37,1.9,2.9
2026-08-13,06,Ahmedabad,62,15.0,25.1
2026-08-13,07,Delhi,152,47.3,48.7
2026-08-13,07,Mumbai,62,14.8,33.8
2026-08-13,07,Bengaluru,43,3.5,4.3
2026-08-13,07,Kolkata,83,11.8,12.2
2026-08-13,07,Chennai,75,24.6,31.0
2026-08-13,07,Hyderabad,48,8.9,13.2
2026-08-13,07,Pune,37,3.3,5.3
2026-08-13,07,Ahmedabad,62,14.6,25.3
2026-08-13,08,Delhi,151,44.2,47.8
2026-08-13,08,Mumbai,62,16.1,36.4
2026-08-13,08,Bengaluru,42,3.5,4.2
2026-08-13,08,Kolkata,82,11.5,11.6
2026-08-13,08,Chennai,75,22.9,29.2
2026-08-13,08,Hyderabad,48,9.8,16.8
2026-08-13,08,Pune,37,4.4,7.9
2026-08-13,08,Ahmedabad,62,13.6,23.9
2026-08-13,09,Delhi,150,46.0,73.8
2026-08-13,09,Mumbai,62,16.9,38.6
2026-08-13,09,Bengaluru,42,3.6,4.7
2026-08-13,09,Kolkata,81,12.7,12.7
2026-08-13,09,Chennai,75,19.8,25.4
2026-08-13,09,Hyderabad,49,10.9,20.4
2026-08-13,09,Pune,37,5.3,10.3
2026-08-13,09,Ahmedabad,62,12.3,23.6
2026-08-13,10,Delhi,151,44.4,53.9
2026-08-13,10,Mumbai,62,18.7,41.4
2026-08-13,10,Bengaluru,41,3.6,4.7
2026-08-13,10,Kolkata,80,13.9,14.0
2026-08-13,10,Chennai,75,18.0,23.5
2026-08-13,10,Hyderabad,50,10.9,21.1
2026-08-13,10,Pune,37,6.0,11.1
2026-08-13,10,Ahmedabad,62,12.7,27.6
2026-08-13,11,Delhi,151,42.3,48.9
2026-08-13,11,Mumbai,62,18.5,41.2
2026-08-13,11,Bengaluru,40,3.8,5.2
2026-08-13,11,Kolkata,80,14.3,14.4
2026-08-13,11,Chennai,75,17.1,22.0
2026-08-13,11,Hyderabad,50,9.9,18.7
2026-08-13,11,Pune,37,7.1,14.3
2026-08-13,11,Ahmedabad,62,11.7,24.6
2026-08-13,12,Delhi,151,41.8,46.7
2026-08-13,12,Mumbai,62,18.9,42.4
2026-08-13,12,Bengaluru,40,3.7,5.2
2026-08-13,12,Kolkata,80,13.9,14.0
2026-08-13,12,Chennai,75,18.3,23.6
2026-08-13,12,Hyderabad,50,8.4,15.0
2026-08-13,12,Pune,37,8.7,19.0
2026-08-13,12,Ahmedabad,62,10.7,21.6
2026-08-13,13,Delhi,151,39.6,42.8
2026-08-13,13,Mumbai,62,18.6,39.6
2026-08-13,13,Bengaluru,39,4.0,6.1
2026-08-13,13,Kolkata,80,13.3,13.4
2026-08-13,13,Chennai,75,23.5,32.6
2026-08-13,13,Hyderabad,50,7.4,12.3
2026-08-13,13,Pune,37,9.2,19.4
2026-08-13,13,Ahmedabad,62,9.8,19.7
2026-08-13,14,Delhi,150,37.5,39.6
2026-08-13,14,Mumbai,63,17.2,34.3
2026-08-13,14,Bengaluru,38,7.6,13.8
2026-08-13,14,Kolkata,80,12.0,12.2
2026-08-13,14,Chennai,75,22.9,31.3
2026-08-13,14,Hyderabad,51,6.3,10.2
2026-08-13,14,Pune,38,9.3,17.5
2026-08-13,14,Ahmedabad,61,11.3,21.5
2026-08-13,15,Delhi,166,37.8,74.5
2026-08-13,15,Mumbai,63,15.8,30.7
2026-08-13,15,Bengaluru,39,6.6,11.2
2026-08-13,15,Kolkata,79,11.2,11.5
2026-08-13,15,Chennai,75,20.0,27.9
2026-08-13,15,Hyderabad,51,6.4,10.7
2026-08-13,15,Pune,38,9.3,17.9
2026-08-13,15,Ahmedabad,61,12.0,23.0
2026-08-13,16,Delhi,188,41.7,110.8
2026-08-13,16,Mumbai,63,15.9,30.9
2026-08-13,16,Bengaluru,39,8.1,13.0
2026-08-13,16,Kolkata,78,12.2,13.3
2026-08-13,16,Chennai,75,17.4,24.7
2026-08-13,16,Hyderabad,50,7.3,11.6
2026-08-13,16,Pune,39,8.1,15.0
2026-08-13,16,Ahmedabad,60,13.6,25.6
2026-08-13,17,Delhi,201,37.6,47.1
2026-08-13,17,Mumbai,63,16.5,38.3
2026-08-13,17,Bengaluru,40,10.9,16.9
2026-08-13,17,Kolkata,82,20.8,21.4
2026-08-13,17,Chennai,75,23.2,34.5
2026-08-13,17,Hyderabad,50,14.3,23.1
2026-08-13,17,Pune,40,7.0,13.1
2026-08-13,17,Ahmedabad,60,17.5,30.3
2026-08-13,18,Delhi,202,46.0,52.7
2026-08-13,18,Mumbai,63,17.9,43.9
2026-08-13,18,Bengaluru,40,13.2,17.5
2026-08-13,18,Kolkata,82,21.0,21.2
2026-08-13,18,Chennai,83,26.5,36.9
2026-08-13,18,Hyderabad,51,16.1,23.5
2026-08-13,18,Pune,39,6.8,11.5
2026-08-13,18,Ahmedabad,60,17.5,27.9
2026-08-13,19,Delhi,197,54.8,61.9
2026-08-13,19,Mumbai,63,18.4,44.7
2026-08-13,19,Bengaluru,40,13.1,17.0
2026-08-13,19,Kolkata,76,20.3,20.5
2026-08-13,19,Chennai,88,28.9,39.7
2026-08-13,19,Hyderabad,51,17.1,23.9
2026-08-13,19,Pune,39,7.6,12.0
2026-08-13,19,Ahmedabad,60,19.4,28.8
2026-08-13,20,Delhi,175,63.6,71.7
2026-08-13,20,Mumbai,63,18.5,44.7
2026-08-13,20,Bengaluru,40,13.0,16.7
2026-08-13,20,Kolkata,75,19.9,20.3
2026-08-13,20,Chennai,89,31.7,43.4
2026-08-13,20,Hyderabad,51,16.6,24.2
2026-08-13,20,Pune,38,7.8,12.0
2026-08-13,20,Ahmedabad,61,22.3,32.4
2026-08-13,21,Delhi,145,76.8,86.6
2026-08-13,21,Mumbai,63,17.6,41.8
2026-08-13,21,Bengaluru,40,12.5,16.2
2026-08-13,21,Kolkata,73,19.4,19.9
2026-08-13,21,Chennai,86,31.9,43.2
2026-08-13,21,Hyderabad,51,14.4,21.1
2026-08-13,21,Pune,38,7.0,10.6
2026-08-13,21,Ahmedabad,61,22.0,31.8
2026-08-13,22,Delhi,140,83.6,90.8
2026-08-13,22,Mumbai,64,17.9,41.4
2026-08-13,22,Bengaluru,40,12.1,16.0
2026-08-13,22,Kolkata,71,18.6,19.3
2026-08-13,22,Chennai,80,27.4,36.6
2026-08-13,22,Hyderabad,52,12.6,18.2
2026-08-13,22,Pune,37,6.3,9.6
2026-08-13,22,Ahmedabad,61,20.5,29.9
2026-08-13,23,Delhi,140,74.0,78.5
2026-08-13,23,Mumbai,64,17.3,40.0
2026-08-13,23,Bengaluru,40,11.2,15.5
2026-08-13,23,Kolkata,69,17.3,18.4
2026-08-13,23,Chennai,76,21.1,27.1
2026-08-13,23,Hyderabad,52,11.5,16.9
2026-08-13,23,Pune,36,5.3,8.6
2026-08-13,23,Ahmedabad,62,18.9,27.8
2026-08-14,00,Delhi,140,73.6,75.4
2026-08-14,00,Mumbai,64,16.8,40.3
2026-08-14,00,Bengaluru,41,9.7,14.3
2026-08-14,00,Kolkata,67,16.2,17.3
2026-08-14,00,Chennai,76,19.4,23.9
2026-08-14,00,Hyderabad,52,11.0,16.2
2026-08-14,00,Pune,35,5.5,10.3
2026-08-14,00,Ahmedabad,62,16.9,25.3
2026-08-14,01,Delhi,140,72.6,74.0
2026-08-14,01,Mumbai,64,16.2,39.0
2026-08-14,01,Bengaluru,41,8.5,12.9
2026-08-14,01,Kolkata,65,15.3,16.5
2026-08-14,01,Chennai,76,18.1,21.2
2026-08-14,01,Hyderabad,52,10.4,14.9
2026-08-14,01,Pune,34,5.1,10.0
2026-08-14,01,Ahmedabad,62,15.5,23.6
2026-08-14,02,Delhi,142,72.4,73.8
2026-08-14,02,Mumbai,64,15.4,35.9
2026-08-14,02,Bengaluru,41,7.3,11.1
2026-08-14,02,Kolkata,64,14.7,16.0
2026-08-14,02,Chennai,75,16.9,19.8
2026-08-14,02,Hyderabad,52,9.4,12.8
2026-08-14,02,Pune,33,4.5,8.8
2026-08-14,02,Ahmedabad,62,14.3,22.1
2026-08-14,03,Delhi,143,71.5,73.3
2026-08-14,03,Mumbai,64,15.3,36.0
2026-08-14,03,Bengaluru,41,6.4,9.5
2026-08-14,03,Kolkata,63,14.1,15.3
2026-08-14,03,Chennai,75,16.1,19.0
2026-08-14,03,Hyderabad,52,8.2,10.9
2026-08-14,03,Pune,33,3.9,7.5
2026-08-14,03,Ahmedabad,62,13.2,20.4
2026-08-14,04,Delhi,146,71.7,73.6
2026-08-14,04,Mumbai,64,14.6,34.2
2026-08-14,04,Bengaluru,41,5.6,8.1
2026-08-14,04,Kolkata,62,14.2,15.4
2026-08-14,04,Chennai,75,16.3,19.3
2026-08-14,04,Hyderabad,53,7.2,9.5
2026-08-14,04,Pune,33,3.2,5.7
2026-08-14,04,Ahmedabad,62,12.0,18.7
2026-08-14,05,Delhi,149,61.2,65.9
2026-08-14,05,Mumbai,64,14.2,33.9
2026-08-14,05,Bengaluru,41,4.4,6.0
2026-08-14,05,Kolkata,61,18.9,19.6
2026-08-14,05,Chennai,75,7.5,7.5
2026-08-14,05,Hyderabad,53,5.8,7.6
2026-08-14,05,Pune,33,2.2,3.2
2026-08-14,05,Ahmedabad,61,10.4,17.9
2026-08-14,06,Delhi,150,59.4,68.2
2026-08-14,06,Mumbai,65,15.0,36.2
2026-08-14,06,Bengaluru,42,4.3,5.9
2026-08-14,06,Kolkata,62,21.5,22.1
2026-08-14,06,Chennai,73,9.2,10.0
2026-08-14,06,Hyderabad,53,6.0,7.9
2026-08-14,06,Pune,34,2.1,2.7
2026-08-14,06,Ahmedabad,61,9.9,17.4
2026-08-14,07,Delhi,150,51.3,62.9
2026-08-14,07,Mumbai,65,15.7,36.1
2026-08-14,07,Bengaluru,42,4.3,5.9
2026-08-14,07,Kolkata,63,20.8,22.2
2026-08-14,07,Chennai,72,11.8,13.5
2026-08-14,07,Hyderabad,52,6.6,8.8
2026-08-14,07,Pune,34,2.4,2.9
2026-08-14,07,Ahmedabad,61,10.2,17.9
2026-08-14,08,Delhi,150,48.5,61.7
2026-08-14,08,Mumbai,65,17.4,38.4
2026-08-14,08,Bengaluru,42,4.8,6.7
2026-08-14,08,Kolkata,64,16.7,17.4
2026-08-14,08,Chennai,71,12.4,16.0
2026-08-14,08,Hyderabad,52,7.0,10.9
2026-08-14,08,Pune,33,3.4,4.2
2026-08-14,08,Ahmedabad,60,10.7,22.5
2026-08-14,09,Delhi,151,43.5,64.5
2026-08-14,09,Mumbai,65,18.2,38.9
2026-08-14,09,Bengaluru,42,4.6,6.2
2026-08-14,09,Kolkata,64,13.5,14.2
2026-08-14,09,Chennai,70,12.1,18.0
2026-08-14,09,Hyderabad,52,8.1,14.6
2026-08-14,09,Pune,33,4.0,5.5
2026-08-14,09,Ahmedabad,60,12.4,27.4
2026-08-14,10,Delhi,150,42.8,65.2
2026-08-14,10,Mumbai,65,18.1,38.3
2026-08-14,10,Bengaluru,42,4.3,6.2
2026-08-14,10,Kolkata,64,11.9,12.5
2026-08-14,10,Chennai,70,12.4,20.5
2026-08-14,10,Hyderabad,52,8.9,16.5
2026-08-14,10,Pune,33,4.4,6.5
2026-08-14,10,Ahmedabad,60,15.5,35.9
2026-08-14,11,Delhi,150,40.3,59.8
2026-08-14,11,Mumbai,65,17.9,38.6
2026-08-14,11,Bengaluru,43,3.8,5.6
2026-08-14,11,Kolkata,64,11.6,12.3
2026-08-14,11,Chennai,69,13.2,22.4
2026-08-14,11,Hyderabad,52,9.0,17.1
2026-08-14,11,Pune,32,5.5,10.4
2026-08-14,11,Ahmedabad,60,17.3,41.1
2026-08-14,12,Delhi,150,38.4,55.1
2026-08-14,12,Mumbai,65,20.3,43.7
2026-08-14,12,Bengaluru,43,3.9,5.7
2026-08-14,12,Kolkata,64,11.7,12.3
2026-08-14,12,Chennai,69,14.4,23.9
2026-08-14,12,Hyderabad,52,8.6,15.9
2026-08-14,12,Pune,32,7.8,16.8
2026-08-14,12,Ahmedabad,61,18.2,44.5
2026-08-14,13,Delhi,150,38.8,53.8
2026-08-14,13,Mumbai,65,20.9,42.8
2026-08-14,13,Bengaluru,43,3.7,5.4
2026-08-14,13,Kolkata,63,11.6,12.2
2026-08-14,13,Chennai,69,19.0,30.3
2026-08-14,13,Hyderabad,52,7.9,13.6
2026-08-14,13,Pune,32,7.9,18.1
2026-08-14,13,Ahmedabad,61,19.5,47.0
2026-08-14,14,Delhi,150,39.5,53.0
2026-08-14,14,Mumbai,65,19.8,40.7
2026-08-14,14,Bengaluru,43,4.6,7.7
2026-08-14,14,Kolkata,63,11.6,12.3
2026-08-14,14,Chennai,68,21.4,32.9
2026-08-14,14,Hyderabad,52,7.3,12.4
2026-08-14,14,Pune,32,7.3,16.4
2026-08-14,14,Ahmedabad,62,19.7,48.1
2026-08-14,15,Delhi,150,39.2,50.6
2026-08-14,15,Mumbai,65,17.3,37.1
2026-08-14,15,Bengaluru,42,5.1,9.1
2026-08-14,15,Kolkata,63,12.4,13.1
2026-08-14,15,Chennai,68,20.3,31.3
2026-08-14,15,Hyderabad,52,6.9,12.0
2026-08-14,15,Pune,31,8.3,15.3
2026-08-14,15,Ahmedabad,63,23.8,58.7
2026-08-14,16,Delhi,150,37.8,46.1
2026-08-14,16,Mumbai,65,16.4,34.3
2026-08-14,16,Bengaluru,42,5.9,9.7
2026-08-14,16,Kolkata,67,13.0,13.7
2026-08-14,16,Chennai,68,18.6,28.7
2026-08-14,16,Hyderabad,52,7.2,11.6
2026-08-14,16,Pune,31,7.4,12.5
2026-08-14,16,Ahmedabad,64,26.4,62.2
2026-08-14,17,Delhi,150,46.2,60.3
2026-08-14,17,Mumbai,66,16.4,34.2
2026-08-14,17,Bengaluru,41,7.8,10.9
2026-08-14,17,Kolkata,71,23.5,24.7
2026-08-14,17,Chennai,68,24.0,35.4
2026-08-14,17,Hyderabad,52,7.8,10.6
2026-08-14,17,Pune,31,12.0,25.8
2026-08-14,17,Ahmedabad,65,20.1,39.9
2026-08-14,18,Delhi,150,50.2,61.0
2026-08-14,18,Mumbai,66,16.5,35.0
2026-08-14,18,Bengaluru,40,10.1,12.7
2026-08-14,18,Kolkata,72,25.1,26.2
2026-08-14,18,Chennai,68,25.6,36.2
2026-08-14,18,Hyderabad,51,9.8,12.3
2026-08-14,18,Pune,32,11.9,23.1
2026-08-14,18,Ahmedabad,65,22.6,41.2
2026-08-14,19,Delhi,151,66.4,75.0
2026-08-14,19,Mumbai,65,17.2,38.1
2026-08-14,19,Bengaluru,40,10.8,13.3
2026-08-14,19,Kolkata,71,26.8,27.9
2026-08-14,19,Chennai,69,26.7,36.7
2026-08-14,19,Hyderabad,51,11.6,14.3
2026-08-14,19,Pune,33,10.7,18.6
2026-08-14,19,Ahmedabad,65,25.1,43.8
2026-08-14,20,Delhi,151,79.2,87.1
2026-08-14,20,Mumbai,65,16.5,36.4
2026-08-14,20,Bengaluru,39,9.6,12.0
2026-08-14,20,Kolkata,69,27.8,28.8
2026-08-14,20,Chennai,71,27.2,37.1
2026-08-14,20,Hyderabad,50,12.0,15.9
2026-08-14,20,Pune,34,9.8,15.1
2026-08-14,20,Ahmedabad,66,27.0,45.4
2026-08-14,21,Delhi,151,89.4,96.9
2026-08-14,21,Mumbai,65,15.8,33.9
2026-08-14,21,Bengaluru,38,9.4,11.7
2026-08-14,21,Kolkata,66,29.1,30.2
2026-08-14,21,Chennai,70,25.7,34.5
2026-08-14,21,Hyderabad,50,11.1,15.1
2026-08-14,21,Pune,34,8.8,12.9
2026-08-14,21,Ahmedabad,66,28.8,46.6
2026-08-14,22,Delhi,152,91.7,97.8
2026-08-14,22,Mumbai,65,16.9,39.1
2026-08-14,22,Bengaluru,38,9.3,11.4
2026-08-14,22,Kolkata,66,29.5,30.5
2026-08-14,22,Chennai,67,21.7,29.0
2026-08-14,22,Hyderabad,49,10.4,14.2
2026-08-14,22,Pune,35,7.8,11.1
2026-08-14,22,Ahmedabad,67,29.2,46.3
2026-08-14,23,Delhi,152,93.6,98.7
2026-08-14,23,Mumbai,65,15.2,32.6
2026-08-14,23,Bengaluru,37,8.3,10.2
2026-08-14,23,Kolkata,67,26.8,27.8
2026-08-14,23,Chennai,67,17.7,22.6
2026-08-14,23,Hyderabad,49,10.0,13.9
2026-08-14,23,Pune,35,5.7,8.1
2026-08-14,23,Ahmedabad,67,28.7,45.6
2026-08-15,00,Delhi,153,95.2,99.9
2026-08-15,00,Mumbai,65,13.6,28.6
2026-08-15,00,Bengaluru,36,6.6,8.3
2026-08-15,00,Kolkata,67,23.2,24.2
2026-08-15,00,Chennai,67,15.5,19.4
2026-08-15,00,Hyderabad,48,9.7,14.0
2026-08-15,00,Pune,35,4.5,5.9
2026-08-15,00,Ahmedabad,68,27.4,44.0
2026-08-15,01,Delhi,153,93.6,97.8
2026-08-15,01,Mumbai,65,13.8,31.1
2026-08-15,01,Bengaluru,36,5.1,7.0
2026-08-15,01,Kolkata,68,21.7,22.5
2026-08-15,01,Chennai,66,14.0,17.4
2026-08-15,01,Hyderabad,48,9.5,14.0
2026-08-15,01,Pune,35,3.2,4.4
2026-08-15,01,Ahmedabad,69,25.8,42.4
2026-08-15,02,Delhi,154,94.1,97.6
2026-08-15,02,Mumbai,64,12.8,28.6
2026-08-15,02,Bengaluru,35,4.3,6.3
2026-08-15,02,Kolkata,69,20.1,20.9
2026-08-15,02,Chennai,66,12.8,16.2
2026-08-15,02,Hyderabad,48,9.0,12.8
2026-08-15,02,Pune,34,2.8,4.1
2026-08-15,02,Ahmedabad,70,24.3,40.3
2026-08-15,03,Delhi,155,94.5,98.0
2026-08-15,03,Mumbai,64,12.0,25.9
2026-08-15,03,Bengaluru,34,3.9,6.1
2026-08-15,03,Kolkata,69,17.9,18.6
2026-08-15,03,Chennai,66,12.9,16.4
2026-08-15,03,Hyderabad,48,8.2,11.6
2026-08-15,03,Pune,34,2.4,3.6
2026-08-15,03,Ahmedabad,71,22.6,37.4
2026-08-15,04,Delhi,155,95.7,99.0
2026-08-15,04,Mumbai,64,11.7,24.8
2026-08-15,04,Bengaluru,33,3.9,6.5
2026-08-15,04,Kolkata,69,15.7,16.4
2026-08-15,04,Chennai,65,13.2,16.4
2026-08-15,04,Hyderabad,48,7.6,11.0
2026-08-15,04,Pune,34,2.2,3.3
2026-08-15,04,Ahmedabad,71,19.7,32.0
2026-08-15,05,Delhi,156,97.1,106.9
2026-08-15,05,Mumbai,64,13.9,32.6
2026-08-15,05,Bengaluru,33,4.5,7.7
2026-08-15,05,Kolkata,69,12.1,12.8
2026-08-15,05,Chennai,65,10.1,11.9
2026-08-15,05,Hyderabad,48,7.0,10.9
2026-08-15,05,Pune,33,2.5,4.0
2026-08-15,05,Ahmedabad,72,21.6,36.7
2026-08-15,06,Delhi,157,93.4,102.7
2026-08-15,06,Mumbai,64,14.2,33.5
2026-08-15,06,Bengaluru,33,4.9,8.3
2026-08-15,06,Kolkata,69,13.5,13.9
2026-08-15,06,Chennai,65,11.0,12.8
2026-08-15,06,Hyderabad,48,6.7,9.8
2026-08-15,06,Pune,34,3.1,5.2
2026-08-15,06,Ahmedabad,73,19.3,31.5
2026-08-15,07,Delhi,158,85.2,96.4
2026-08-15,07,Mumbai,64,14.8,34.7
2026-08-15,07,Bengaluru,33,5.8,9.7
2026-08-15,07,Kolkata,68,12.7,13.4
2026-08-15,07,Chennai,66,12.4,14.6
2026-08-15,07,Hyderabad,48,6.7,8.9
2026-08-15,07,Pune,34,3.8,6.2
2026-08-15,07,Ahmedabad,74,18.2,28.9
2026-08-15,08,Delhi,159,65.0,77.8
2026-08-15,08,Mumbai,63,15.4,36.1
2026-08-15,08,Bengaluru,34,5.7,10.1
2026-08-15,08,Kolkata,68,13.2,14.8
2026-08-15,08,Chennai,66,12.3,15.4
2026-08-15,08,Hyderabad,48,5.6,7.7
2026-08-15,08,Pune,34,3.8,6.1
2026-08-15,08,Ahmedabad,74,14.6,26.8
2026-08-15,09,Delhi,159,52.6,65.7
2026-08-15,09,Mumbai,63,15.5,36.1
2026-08-15,09,Bengaluru,34,6.3,11.0
2026-08-15,09,Kolkata,67,11.6,13.1
2026-08-15,09,Chennai,66,11.8,16.2
2026-08-15,09,Hyderabad,48,6.0,9.5
2026-08-15,09,Pune,34,3.3,5.2
2026-08-15,09,Ahmedabad,75,13.3,25.6
2026-08-15,10,Delhi,160,51.0,63.3
2026-08-15,10,Mumbai,63,17.9,39.7
2026-08-15,10,Bengaluru,34,7.1,13.7
2026-08-15,10,Kolkata,67,10.4,11.3
2026-08-15,10,Chennai,66,12.1,17.5
2026-08-15,10,Hyderabad,47,5.6,8.9
2026-08-15,10,Pune,34,3.6,6.7
2026-08-15,10,Ahmedabad,75,14.1,28.6
2026-08-15,11,Delhi,160,49.5,60.8
2026-08-15,11,Mumbai,63,18.5,40.5
2026-08-15,11,Bengaluru,35,8.1,16.6
2026-08-15,11,Kolkata,67,10.4,11.4
2026-08-15,11,Chennai,66,13.5,20.6
2026-08-15,11,Hyderabad,47,6.0,9.9
2026-08-15,11,Pune,34,4.4,9.3
2026-08-15,11,Ahmedabad,74,14.4,30.6
2026-08-15,12,Delhi,160,48.8,59.0
2026-08-15,12,Mumbai,63,20.3,41.7
2026-08-15,12,Bengaluru,36,9.3,19.7
2026-08-15,12,Kolkata,67,10.0,11.3
2026-08-15,12,Chennai,66,17.5,27.1
2026-08-15,12,Hyderabad,46,6.6,11.1
2026-08-15,12,Pune,34,5.7,13.5
2026-08-15,12,Ahmedabad,74,14.5,32.4
2026-08-15,13,Delhi,161,48.4,57.7
2026-08-15,13,Mumbai,63,20.8,41.4
2026-08-15,13,Bengaluru,37,7.4,14.5
2026-08-15,13,Kolkata,67,10.2,11.3
2026-08-15,13,Chennai,66,20.4,31.0
2026-08-15,13,Hyderabad,45,6.6,11.1
2026-08-15,13,Pune,33,6.2,14.3
2026-08-15,13,Ahmedabad,74,15.0,35.3
2026-08-15,14,Delhi,161,44.9,53.0
2026-08-15,14,Mumbai,63,20.5,41.4
2026-08-15,14,Bengaluru,38,6.3,11.5
2026-08-15,14,Kolkata,67,9.6,10.5
2026-08-15,14,Chennai,66,20.5,31.9
2026-08-15,14,Hyderabad,45,6.6,11.4
2026-08-15,14,Pune,33,6.8,13.8
2026-08-15,14,Ahmedabad,74,14.8,36.9
2026-08-15,15,Delhi,161,42.7,49.5
2026-08-15,15,Mumbai,63,18.7,38.5
2026-08-15,15,Bengaluru,38,5.7,10.2
2026-08-15,15,Kolkata,67,9.4,10.7
2026-08-15,15,Chennai,66,19.4,30.9
2026-08-15,15,Hyderabad,45,6.8,11.9
2026-08-15,15,Pune,33,6.8,14.2
2026-08-15,15,Ahmedabad,73,15.1,39.8
2026-08-15,16,Delhi,173,41.0,47.5
2026-08-15,16,Mumbai,63,17.3,37.5
2026-08-15,16,Bengaluru,38,5.7,10.0
2026-08-15,16,Kolkata,66,9.1,10.1
2026-08-15,16,Chennai,66,18.9,30.5
2026-08-15,16,Hyderabad,45,7.5,12.5
2026-08-15,16,Pune,32,6.9,15.1
2026-08-15,16,Ahmedabad,73,15.8,42.4
2026-08-15,17,Delhi,189,43.8,71.2
2026-08-15,17,Mumbai,63,18.3,40.6
2026-08-15,17,Bengaluru,38,7.2,12.5
2026-08-15,17,Kolkata,66,11.8,13.4
2026-08-15,17,Chennai,66,16.2,25.3
2026-08-15,17,Hyderabad,45,8.5,13.0
2026-08-15,17,Pune,32,9.3,18.1
2026-08-15,17,Ahmedabad,72,23.1,56.8
2026-08-15,18,Delhi,192,56.5,83.8
2026-08-15,18,Mumbai,64,17.1,39.7
2026-08-15,18,Bengaluru,38,9.8,14.6
2026-08-15,18,Kolkata,65,12.8,14.3
2026-08-15,18,Chennai,65,16.1,24.9
2026-08-15,18,Hyderabad,45,10.2,14.0
2026-08-15,18,Pune,31,10.5,22.1
2026-08-15,18,Ahmedabad,72,24.6,54.5
2026-08-15,19,Delhi,184,72.9,106.4
2026-08-15,19,Mumbai,64,16.2,35.0
2026-08-15,19,Bengaluru,38,11.3,15.8
2026-08-15,19,Kolkata,64,14.1,15.5
2026-08-15,19,Chennai,64,16.8,25.6
2026-08-15,19,Hyderabad,45,11.3,15.0
2026-08-15,19,Pune,31,10.6,20.3
2026-08-15,19,Ahmedabad,72,26.8,53.1
2026-08-15,20,Delhi,163,83.1,120.6
2026-08-15,20,Mumbai,63,16.3,34.7
2026-08-15,20,Bengaluru,38,11.0,15.1
2026-08-15,20,Kolkata,63,13.8,14.9
2026-08-15,20,Chennai,64,17.8,26.0
2026-08-15,20,Hyderabad,45,11.7,16.2
2026-08-15,20,Pune,31,9.1,15.9
2026-08-15,20,Ahmedabad,72,26.9,49.9
2026-08-15,21,Delhi,162,90.6,133.6
2026-08-15,21,Mumbai,63,17.1,38.0
2026-08-15,21,Bengaluru,39,10.2,13.8
2026-08-15,21,Kolkata,62,13.3,14.6
2026-08-15,21,Chennai,63,19.2,27.5
2026-08-15,21,Hyderabad,45,9.7,12.9
2026-08-15,21,Pune,31,7.0,11.5
2026-08-15,21,Ahmedabad,72,25.6,45.9
2026-08-15,22,Delhi,162,103.6,152.3
2026-08-15,22,Mumbai,64,17.3,37.7
2026-08-15,22,Bengaluru,39,9.7,13.1
2026-08-15,22,Kolkata,61,12.9,14.1
2026-08-15,22,Chennai,62,19.1,26.8
2026-08-15,22,Hyderabad,45,7.7,10.3
2026-08-15,22,Pune,31,4.8,7.7
2026-08-15,22,Ahmedabad,72,23.9,41.3
2026-08-15,23,Delhi,162,110.6,162.5
2026-08-15,23,Mumbai,64,16.2,35.2
2026-08-15,23,Bengaluru,39,8.5,11.5
2026-08-15,23,Kolkata,59,12.0,13.2
2026-08-15,23,Chennai,62,18.3,26.0
2026-08-15,23,Hyderabad,44,6.8,9.1
2026-08-15,23,Pune,30,4.6,7.3
2026-08-15,23,Ahmedabad,72,21.6,36.2
2026-08-16,00,Delhi,163,104.3,157.4
2026-08-16,00,Mumbai,64,16.5,36.8
2026-08-16,00,Bengaluru,39,7.1,9.7
2026-08-16,00,Kolkata,58,10.9,12.1
2026-08-16,00,Chennai,62,17.1,25.0
2026-08-16,00,Hyderabad,43,6.2,8.7
2026-08-16,00,Pune,30,4.6,7.4
2026-08-16,00,Ahmedabad,71,19.0,31.5
2026-08-16,01,Delhi,163,94.1,154.6
2026-08-16,01,Mumbai,64,16.5,37.0
2026-08-16,01,Bengaluru,39,6.0,8.3
2026-08-16,01,Kolkata,57,9.9,11.2
2026-08-16,01,Chennai,62,17.2,24.8
2026-08-16,01,Hyderabad,43,6.0,8.7
2026-08-16,01,Pune,30,4.4,7.1
2026-08-16,01,Ahmedabad,70,18.7,32.1
2026-08-16,02,Delhi,163,92.7,157.4
2026-08-16,02,Mumbai,64,15.1,34.7
2026-08-16,02,Bengaluru,39,5.2,7.5
2026-08-16,02,Kolkata,56,9.1,10.3
2026-08-16,02,Chennai,63,18.0,25.0
2026-08-16,02,Hyderabad,42,6.0,8.6
2026-08-16,02,Pune,30,3.1,6.0
2026-08-16,02,Ahmedabad,70,16.4,27.8
2026-08-16,03,Delhi,163,91.5,144.4
2026-08-16,03,Mumbai,64,13.9,32.0
2026-08-16,03,Bengaluru,39,4.7,7.0
2026-08-16,03,Kolkata,56,8.1,9.1
2026-08-16,03,Chennai,63,18.9,25.4
2026-08-16,03,Hyderabad,41,6.0,8.8
2026-08-16,03,Pune,30,2.8,4.8
2026-08-16,03,Ahmedabad,69,13.8,23.3
2026-08-16,04,Delhi,163,77.3,113.6
2026-08-16,04,Mumbai,64,13.0,31.0
2026-08-16,04,Bengaluru,40,4.4,6.8
2026-08-16,04,Kolkata,55,7.5,8.4
2026-08-16,04,Chennai,64,19.2,24.8
2026-08-16,04,Hyderabad,41,6.1,9.1
2026-08-16,04,Pune,30,2.3,3.7
2026-08-16,04,Ahmedabad,68,13.1,21.9
2026-08-16,05,Delhi,162,65.4,269.2
2026-08-16,05,Mumbai,65,12.0,29.5
2026-08-16,05,Bengaluru,40,3.9,5.6
2026-08-16,05,Kolkata,54,8.3,9.3
2026-08-16,05,Chennai,64,19.2,24.9
2026-08-16,05,Hyderabad,40,4.9,7.8
2026-08-16,05,Pune,30,2.3,3.1
2026-08-16,05,Ahmedabad,68,11.5,19.0
2026-08-16,06,Delhi,161,74.5,301.7
2026-08-16,06,Mumbai,64,12.3,30.6
2026-08-16,06,Bengaluru,40,3.8,5.4
2026-08-16,06,Kolkata,54,9.5,10.4
2026-08-16,06,Chennai,65,17.8,22.4
2026-08-16,06,Hyderabad,40,5.8,9.0
2026-08-16,06,Pune,30,2.4,3.8
2026-08-16,06,Ahmedabad,67,11.9,19.6
2026-08-16,07,Delhi,161,82.4,312.0
2026-08-16,07,Mumbai,64,13.5,30.9
2026-08-16,07,Bengaluru,39,4.2,6.2
2026-08-16,07,Kolkata,54,9.6,10.9
2026-08-16,07,Chennai,65,16.5,20.7
2026-08-16,07,Hyderabad,40,7.0,10.5
2026-08-16,07,Pune,30,3.3,5.2
2026-08-16,07,Ahmedabad,67,13.0,22.9
2026-08-16,08,Delhi,161,87.3,354.8
2026-08-16,08,Mumbai,64,14.2,31.7
2026-08-16,08,Bengaluru,39,4.5,7.1
2026-08-16,08,Kolkata,53,9.5,11.1
2026-08-16,08,Chennai,66,14.6,19.3
2026-08-16,08,Hyderabad,40,7.5,12.6
2026-08-16,08,Pune,30,4.4,8.9
2026-08-16,08,Ahmedabad,66,13.6,27.9
2026-08-16,09,Delhi,161,96.2,476.8
2026-08-16,09,Mumbai,64,15.8,35.5
2026-08-16,09,Bengaluru,39,4.9,8.5
2026-08-16,09,Kolkata,53,9.6,11.5
2026-08-16,09,Chennai,66,13.6,19.2
2026-08-16,09,Hyderabad,40,8.4,15.9
2026-08-16,09,Pune,30,6.9,16.1
2026-08-16,09,Ahmedabad,66,14.0,30.7
2026-08-16,10,Delhi,163,92.9,470.3
2026-08-16,10,Mumbai,64,16.9,39.2
2026-08-16,10,Bengaluru,38,5.4,10.0
2026-08-16,10,Kolkata,53,9.7,11.4
2026-08-16,10,Chennai,66,13.2,19.3
2026-08-16,10,Hyderabad,41,9.7,19.6
2026-08-16,10,Pune,31,8.1,18.7
2026-08-16,10,Ahmedabad,66,15.3,35.4
2026-08-16,11,Delhi,164,75.7,299.9
2026-08-16,11,Mumbai,64,17.0,38.5
2026-08-16,11,Bengaluru,38,5.9,11.0
2026-08-16,11,Kolkata,53,9.2,10.6
2026-08-16,11,Chennai,66,13.0,18.9
2026-08-16,11,Hyderabad,42,10.1,21.2
2026-08-16,11,Pune,32,8.7,20.8
2026-08-16,11,Ahmedabad,66,16.4,39.2
2026-08-16,12,Delhi,165,68.7,245.9
2026-08-16,12,Mumbai,64,18.0,38.9
2026-08-16,12,Bengaluru,38,5.6,10.7
2026-08-16,12,Kolkata,53,8.9,10.4
2026-08-16,12,Chennai,66,14.6,21.2
2026-08-16,12,Hyderabad,43,10.3,21.9
2026-08-16,12,Pune,33,9.1,21.4
2026-08-16,12,Ahmedabad,66,16.9,41.0
2026-08-16,13,Delhi,165,66.1,244.9
2026-08-16,13,Mumbai,64,18.5,37.7
2026-08-16,13,Bengaluru,37,5.3,9.9
2026-08-16,13,Kolkata,53,9.3,10.6
2026-08-16,13,Chennai,66,19.1,28.6
2026-08-16,13,Hyderabad,43,10.7,22.9
2026-08-16,13,Pune,34,8.6,19.7
2026-08-16,13,Ahmedabad,67,17.0,39.7
2026-08-16,14,Delhi,166,68.2,264.5
2026-08-16,14,Mumbai,64,17.7,35.3
2026-08-16,14,Bengaluru,36,5.0,9.0
2026-08-16,14,Kolkata,53,10.3,11.6
2026-08-16,14,Chennai,66,19.5,29.5
2026-08-16,14,Hyderabad,44,10.8,22.8
2026-08-16,14,Pune,34,7.9,16.9
2026-08-16,14,Ahmedabad,67,16.7,37.8
2026-08-16,15,Delhi,166,68.5,274.7
2026-08-16,15,Mumbai,63,16.7,34.7
2026-08-16,15,Bengaluru,36,5.0,8.8
2026-08-16,15,Kolkata,53,10.2,10.9
2026-08-16,15,Chennai,66,18.2,27.9
2026-08-16,15,Hyderabad,45,10.1,21.1
2026-08-16,15,Pune,34,7.6,15.3
2026-08-16,15,Ahmedabad,67,16.7,37.0
2026-08-16,16,Delhi,167,66.6,256.1
2026-08-16,16,Mumbai,63,15.4,30.3
2026-08-16,16,Bengaluru,36,6.3,10.8
2026-08-16,16,Kolkata,53,11.7,12.0
2026-08-16,16,Chennai,65,17.1,26.4
2026-08-16,16,Hyderabad,46,9.9,20.4
2026-08-16,16,Pune,35,6.8,13.2
2026-08-16,16,Ahmedabad,67,17.1,37.0
2026-08-16,17,Delhi,168,91.3,440.5
2026-08-16,17,Mumbai,63,13.7,32.4
2026-08-16,17,Bengaluru,36,9.5,17.8
2026-08-16,17,Kolkata,53,8.8,9.3
2026-08-16,17,Chennai,69,14.6,22.1
2026-08-16,17,Hyderabad,47,10.7,21.7
2026-08-16,17,Pune,35,8.3,18.0
2026-08-16,17,Ahmedabad,67,20.1,44.0
2026-08-16,18,Delhi,169,95.2,359.5
2026-08-16,18,Mumbai,63,13.5,29.6
2026-08-16,18,Bengaluru,36,11.9,19.8
2026-08-16,18,Kolkata,53,11.2,11.3
2026-08-16,18,Chennai,79,15.4,22.4
2026-08-16,18,Hyderabad,47,12.6,22.5
2026-08-16,18,Pune,34,7.4,14.4
2026-08-16,18,Ahmedabad,67,22.2,42.1
2026-08-16,19,Delhi,170,106.4,370.7
2026-08-16,19,Mumbai,62,14.0,31.2
2026-08-16,19,Bengaluru,37,14.2,21.8
2026-08-16,19,Kolkata,52,13.6,13.7
2026-08-16,19,Chennai,84,15.7,21.7
2026-08-16,19,Hyderabad,48,15.4,25.8
2026-08-16,19,Pune,34,7.0,12.4
2026-08-16,19,Ahmedabad,67,25.1,43.3
2026-08-16,20,Delhi,171,105.7,333.4
2026-08-16,20,Mumbai,62,14.3,30.2
2026-08-16,20,Bengaluru,38,14.8,21.8
2026-08-16,20,Kolkata,52,12.7,12.8
2026-08-16,20,Chennai,83,17.1,23.4
2026-08-16,20,Hyderabad,49,17.9,28.9
2026-08-16,20,Pune,33,5.8,9.1
2026-08-16,20,Ahmedabad,67,26.3,43.2
2026-08-16,21,Delhi,172,92.0,252.4
2026-08-16,21,Mumbai,62,14.3,30.7
2026-08-16,21,Bengaluru,38,13.9,20.3
2026-08-16,21,Kolkata,52,13.2,13.3
2026-08-16,21,Chennai,78,18.6,25.9
2026-08-16,21,Hyderabad,50,19.4,31.1
2026-08-16,21,Pune,32,5.7,7.9
2026-08-16,21,Ahmedabad,67,25.2,40.5
2026-08-16,22,Delhi,172,82.4,198.4
2026-08-16,22,Mumbai,62,14.3,31.8
2026-08-16,22,Bengaluru,39,12.8,18.6
2026-08-16,22,Kolkata,52,13.2,13.4
2026-08-16,22,Chennai,70,18.6,26.5
2026-08-16,22,Hyderabad,51,19.7,31.5
2026-08-16,22,Pune,32,5.4,6.7
2026-08-16,22,Ahmedabad,66,22.6,35.7
2026-08-16,23,Delhi,172,71.9,191.9
2026-08-16,23,Mumbai,62,14.0,31.1
2026-08-16,23,Bengaluru,40,11.1,16.2
2026-08-16,23,Kolkata,52,12.3,12.5
2026-08-16,23,Chennai,65,17.4,25.3
2026-08-16,23,Hyderabad,52,18.6,29.9
2026-08-16,23,Pune,32,4.6,5.4
2026-08-16,23,Ahmedabad,66,22.1,36.3
2026-08-17,00,Delhi,170,70.1,172.3
2026-08-17,00,Mumbai,61,12.5,26.7
2026-08-17,00,Bengaluru,41,9.1,13.6
2026-08-17,00,Kolkata,52,11.1,11.6
2026-08-17,00,Chennai,65,15.5,22.5
2026-08-17,00,Hyderabad,53,17.5,29.3
2026-08-17,00,Pune,32,3.3,4.1
2026-08-17,00,Ahmedabad,66,18.8,30.6
2026-08-17,01,Delhi,169,70.3,149.9
2026-08-17,01,Mumbai,61,11.0,22.5
2026-08-17,01,Bengaluru,41,7.8,11.8
2026-08-17,01,Kolkata,52,10.3,10.9
2026-08-17,01,Chennai,65,13.9,19.6
2026-08-17,01,Hyderabad,54,17.8,31.8
2026-08-17,01,Pune,32,2.8,4.0
2026-08-17,01,Ahmedabad,66,15.9,26.4
2026-08-17,02,Delhi,169,68.7,144.4
2026-08-17,02,Mumbai,61,10.3,20.6
2026-08-17,02,Bengaluru,41,6.8,10.3
2026-08-17,02,Kolkata,52,9.8,10.4
2026-08-17,02,Chennai,64,13.2,17.8
2026-08-17,02,Hyderabad,54,15.5,26.5
2026-08-17,02,Pune,31,2.7,3.9
2026-08-17,02,Ahmedabad,66,13.4,22.5
2026-08-17,03,Delhi,168,73.3,156.9
2026-08-17,03,Mumbai,60,10.5,23.3
2026-08-17,03,Bengaluru,42,5.9,8.9
2026-08-17,03,Kolkata,52,9.3,10.0
2026-08-17,03,Chennai,64,13.2,17.0
2026-08-17,03,Hyderabad,55,10.7,16.3
2026-08-17,03,Pune,31,2.4,3.9
2026-08-17,03,Ahmedabad,66,11.5,19.0
2026-08-17,04,Delhi,167,75.2,158.3
2026-08-17,04,Mumbai,60,11.1,25.9
2026-08-17,04,Bengaluru,42,5.2,7.7
2026-08-17,04,Kolkata,53,9.7,10.3
2026-08-17,04,Chennai,64,13.2,16.7
2026-08-17,04,Hyderabad,56,6.4,8.7
2026-08-17,04,Pune,31,2.6,4.3
2026-08-17,04,Ahmedabad,66,10.4,16.8
2026-08-17,05,Delhi,167,64.3,173.7
2026-08-17,05,Mumbai,60,9.8,20.7
2026-08-17,05,Bengaluru,42,5.4,8.7
2026-08-17,05,Kolkata,53,7.3,7.3
2026-08-17,05,Chennai,63,20.9,26.1
2026-08-17,05,Hyderabad,56,4.8,6.7
2026-08-17,05,Pune,31,2.3,4.3
2026-08-17,05,Ahmedabad,66,8.9,15.0
2026-08-17,06,Delhi,167,58.8,187.2
2026-08-17,06,Mumbai,60,10.4,21.5
2026-08-17,06,Bengaluru,43,4.9,7.5
2026-08-17,06,Kolkata,53,10.4,10.8
2026-08-17,06,Chennai,63,22.9,28.8
2026-08-17,06,Hyderabad,56,5.1,7.1
2026-08-17,06,Pune,31,2.4,3.9
2026-08-17,06,Ahmedabad,65,9.0,14.8
2026-08-17,07,Delhi,167,53.4,172.8
2026-08-17,07,Mumbai,60,11.3,22.3
2026-08-17,07,Bengaluru,43,5.0,8.1
2026-08-17,07,Kolkata,53,9.7,10.0
2026-08-17,07,Chennai,64,25.3,32.2
2026-08-17,07,Hyderabad,56,6.1,9.1
2026-08-17,07,Pune,31,2.7,4.0
2026-08-17,07,Ahmedabad,65,9.7,15.5
2026-08-17,08,Delhi,166,47.6,165.3
2026-08-17,08,Mumbai,59,12.7,24.7
2026-08-17,08,Bengaluru,43,6.2,10.0
2026-08-17,08,Kolkata,53,9.9,10.2
2026-08-17,08,Chennai,64,25.0,33.4
2026-08-17,08,Hyderabad,55,7.0,12.3
2026-08-17,08,Pune,31,3.1,4.5
2026-08-17,08,Ahmedabad,65,9.7,19.4
2026-08-17,09,Delhi,165,42.7,143.9
2026-08-17,09,Mumbai,59,14.2,28.5
2026-08-17,09,Bengaluru,43,6.8,12.6
2026-08-17,09,Kolkata,53,11.6,11.8
2026-08-17,09,Chennai,65,22.6,31.9
2026-08-17,09,Hyderabad,55,8.6,17.2
2026-08-17,09,Pune,31,4.6,7.1
2026-08-17,09,Ahmedabad,65,11.2,24.8
2026-08-17,10,Delhi,163,56.7,277.5
2026-08-17,10,Mumbai,59,16.0,33.1
2026-08-17,10,Bengaluru,44,8.3,18.1
2026-08-17,10,Kolkata,53,13.6,13.7
2026-08-17,10,Chennai,66,21.0,32.9
2026-08-17,10,Hyderabad,55,11.4,25.9
2026-08-17,10,Pune,30,5.8,9.6
2026-08-17,10,Ahmedabad,64,13.5,31.4
2026-08-17,11,Delhi,162,71.7,402.3
2026-08-17,11,Mumbai,59,16.1,33.8
2026-08-17,11,Bengaluru,45,9.4,21.2
2026-08-17,11,Kolkata,53,16.0,16.1
2026-08-17,11,Chennai,66,20.7,34.1
2026-08-17,11,Hyderabad,56,10.4,22.1
2026-08-17,11,Pune,30,8.6,16.0
2026-08-17,11,Ahmedabad,64,14.6,34.9
2026-08-17,12,Delhi,162,74.3,405.1
2026-08-17,12,Mumbai,59,15.7,34.7
2026-08-17,12,Bengaluru,45,9.7,21.7
2026-08-17,12,Kolkata,54,19.0,19.1
2026-08-17,12,Chennai,67,22.1,36.1
2026-08-17,12,Hyderabad,56,10.2,22.1
2026-08-17,12,Pune,30,8.1,15.1
2026-08-17,12,Ahmedabad,64,15.8,38.6
2026-08-17,13,Delhi,162,65.0,292.4
2026-08-17,13,Mumbai,59,15.9,33.9
2026-08-17,13,Bengaluru,46,9.2,19.6
2026-08-17,13,Kolkata,55,21.9,22.0
2026-08-17,13,Chennai,68,25.2,39.3
2026-08-17,13,Hyderabad,56,10.0,21.0
2026-08-17,13,Pune,29,6.6,13.0
2026-08-17,13,Ahmedabad,64,17.1,44.0
2026-08-17,14,Delhi,162,66.6,299.9
2026-08-17,14,Mumbai,59,15.2,31.5
2026-08-17,14,Bengaluru,47,8.7,17.3
2026-08-17,14,Kolkata,56,23.9,24.1
2026-08-17,14,Chennai,68,27.5,41.8
2026-08-17,14,Hyderabad,56,9.8,21.0
2026-08-17,14,Pune,29,7.2,13.4
2026-08-17,14,Ahmedabad,64,18.2,48.0
2026-08-17,15,Delhi,162,67.5,299.9
2026-08-17,15,Mumbai,58,14.6,28.7
2026-08-17,15,Bengaluru,48,8.8,17.1
2026-08-17,15,Kolkata,57,23.5,23.6
2026-08-17,15,Chennai,69,27.0,40.5
2026-08-17,15,Hyderabad,55,9.8,21.1
2026-08-17,15,Pune,29,8.0,15.4
2026-08-17,15,Ahmedabad,64,20.0,52.0
2026-08-17,16,Delhi,162,67.1,288.7
2026-08-17,16,Mumbai,58,14.7,28.6
2026-08-17,16,Bengaluru,49,8.7,16.8
2026-08-17,16,Kolkata,58,22.2,22.4
2026-08-17,16,Chennai,69,26.6,39.8
2026-08-17,16,Hyderabad,55,9.5,18.8
2026-08-17,16,Pune,29,8.6,16.5
2026-08-17,16,Ahmedabad,64,21.3,53.4
2026-08-17,17,Delhi,162,55.5,197.0
2026-08-17,17,Mumbai,58,17.9,38.0
2026-08-17,17,Bengaluru,50,10.3,18.3
2026-08-17,17,Kolkata,68,19.3,19.8
2026-08-17,17,Chennai,85,25.6,36.1
2026-08-17,17,Hyderabad,55,11.8,22.9
2026-08-17,17,Pune,29,8.6,18.3
2026-08-17,17,Ahmedabad,65,24.7,60.3
2026-08-17,18,Delhi,161,57.4,154.1
2026-08-17,18,Mumbai,59,16.6,35.5
2026-08-17,18,Bengaluru,50,11.5,18.2
2026-08-17,18,Kolkata,71,18.5,18.8
2026-08-17,18,Chennai,98,26.0,36.2
2026-08-17,18,Hyderabad,56,13.7,24.3
2026-08-17,18,Pune,29,9.4,18.6
2026-08-17,18,Ahmedabad,65,26.8,55.4
2026-08-17,19,Delhi,160,64.5,144.8
2026-08-17,19,Mumbai,59,15.8,31.0
2026-08-17,19,Bengaluru,50,12.7,18.6
2026-08-17,19,Kolkata,69,18.7,19.0
2026-08-17,19,Chennai,105,25.2,35.2
2026-08-17,19,Hyderabad,56,14.9,25.6
2026-08-17,19,Pune,30,8.7,15.3
2026-08-17,19,Ahmedabad,65,28.2,52.5
2026-08-17,20,Delhi,159,72.6,143.9
2026-08-17,20,Mumbai,59,14.6,30.5
2026-08-17,20,Bengaluru,49,13.3,18.7
2026-08-17,20,Kolkata,62,18.9,19.4
2026-08-17,20,Chennai,105,23.6,32.9
2026-08-17,20,Hyderabad,56,14.5,23.3
2026-08-17,20,Pune,30,8.9,14.4
2026-08-17,20,Ahmedabad,66,27.5,49.5
2026-08-17,21,Delhi,158,78.2,142.5
2026-08-17,21,Mumbai,59,12.8,25.4
2026-08-17,21,Bengaluru,49,12.3,16.9
2026-08-17,21,Kolkata,61,19.3,19.7
2026-08-17,21,Chennai,100,21.0,29.5
2026-08-17,21,Hyderabad,55,13.5,21.0
2026-08-17,21,Pune,31,6.9,11.4
2026-08-17,21,Ahmedabad,66,24.6,42.7
2026-08-17,22,Delhi,157,82.4,133.2
2026-08-17,22,Mumbai,59,12.2,23.1
2026-08-17,22,Bengaluru,49,10.9,14.5
2026-08-17,22,Kolkata,61,19.1,19.5
2026-08-17,22,Chennai,90,17.1,24.4
2026-08-17,22,Hyderabad,55,12.6,19.2
2026-08-17,22,Pune,31,5.1,7.8
2026-08-17,22,Ahmedabad,66,21.4,35.5
2026-08-17,23,Delhi,157,82.4,121.5
2026-08-17,23,Mumbai,59,12.5,24.3
2026-08-17,23,Bengaluru,48,9.1,12.0
2026-08-17,23,Kolkata,62,17.8,18.1
2026-08-17,23,Chennai,78,14.0,20.5
2026-08-17,23,Hyderabad,54,11.7,18.0
2026-08-17,23,Pune,31,4.0,5.7
2026-08-17,23,Ahmedabad,66,18.2,28.6
2026-08-18,00,Delhi,158,72.2,96.6
2026-08-18,00,Mumbai,59,12.1,24.9
2026-08-18,00,Bengaluru,48,7.5,10.2
2026-08-18,00,Kolkata,62,16.8,17.2
2026-08-18,00,Chennai,73,13.0,19.8
2026-08-18,00,Hyderabad,54,11.3,17.5
2026-08-18,00,Pune,31,3.8,5.7
2026-08-18,00,Ahmedabad,65,14.2,21.9
2026-08-18,01,Delhi,158,55.4,68.2
2026-08-18,01,Mumbai,58,11.8,24.2
2026-08-18,01,Bengaluru,47,6.9,9.9
2026-08-18,01,Kolkata,63,16.4,16.8
2026-08-18,01,Chennai,73,13.5,20.3
2026-08-18,01,Hyderabad,53,11.1,17.5
2026-08-18,01,Pune,31,4.0,6.2
2026-08-18,01,Ahmedabad,65,12.0,18.7
2026-08-18,02,Delhi,157,44.6,52.7
2026-08-18,02,Mumbai,59,12.7,26.0
2026-08-18,02,Bengaluru,47,6.8,10.5
2026-08-18,02,Kolkata,63,16.0,16.4
2026-08-18,02,Chennai,73,15.0,21.4
2026-08-18,02,Hyderabad,53,10.9,17.2
2026-08-18,02,Pune,31,3.4,5.0
2026-08-18,02,Ahmedabad,65,10.8,17.5
2026-08-18,03,Delhi,156,41.8,49.2
2026-08-18,03,Mumbai,59,12.8,27.0
2026-08-18,03,Bengaluru,47,7.1,11.8
2026-08-18,03,Kolkata,64,14.7,15.0
2026-08-18,03,Chennai,73,16.1,22.1
2026-08-18,03,Hyderabad,52,10.2,16.2
2026-08-18,03,Pune,31,2.3,3.4
2026-08-18,03,Ahmedabad,64,10.3,17.3
2026-08-18,04,Delhi,156,48.1,57.9
2026-08-18,04,Mumbai,59,12.8,29.0
2026-08-18,04,Bengaluru,47,7.6,13.2
2026-08-18,04,Kolkata,64,13.1,13.3
2026-08-18,04,Chennai,73,16.9,22.8
2026-08-18,04,Hyderabad,52,9.4,14.9
2026-08-18,04,Pune,31,2.0,2.5
2026-08-18,04,Ahmedabad,64,10.1,17.3
2026-08-18,05,Delhi,155,29.2,55.5
2026-08-18,05,Mumbai,59,12.2,30.9
2026-08-18,05,Bengaluru,48,7.6,14.1
2026-08-18,05,Kolkata,64,15.9,16.7
2026-08-18,05,Chennai,73,18.2,23.8
2026-08-18,05,Hyderabad,53,8.5,14.0
2026-08-18,05,Pune,31,1.5,2.5
2026-08-18,05,Ahmedabad,64,10.0,17.9
2026-08-18,06,Delhi,154,41.6,178.3
2026-08-18,06,Mumbai,59,12.1,29.6
2026-08-18,06,Bengaluru,48,7.8,14.1
2026-08-18,06,Kolkata,65,17.3,18.1
2026-08-18,06,Chennai,73,18.7,24.1
2026-08-18,06,Hyderabad,53,8.2,12.5
2026-08-18,06,Pune,31,2.0,3.2
2026-08-18,06,Ahmedabad,64,10.5,18.0
2026-08-18,07,Delhi,153,51.3,212.3
2026-08-18,07,Mumbai,59,11.6,26.1
2026-08-18,07,Bengaluru,49,8.3,14.2
2026-08-18,07,Kolkata,65,17.2,18.6
2026-08-18,07,Chennai,73,19.7,25.1
2026-08-18,07,Hyderabad,53,8.4,12.3
2026-08-18,07,Pune,31,3.2,4.5
2026-08-18,07,Ahmedabad,64,11.6,21.1
2026-08-18,08,Delhi,153,56.1,249.6
2026-08-18,08,Mumbai,59,13.4,29.9
2026-08-18,08,Bengaluru,50,7.1,12.2
2026-08-18,08,Kolkata,66,16.6,17.7
2026-08-18,08,Chennai,72,18.0,24.3
2026-08-18,08,Hyderabad,53,7.7,12.1
2026-08-18,08,Pune,31,3.6,6.0
2026-08-18,08,Ahmedabad,65,11.4,22.2
2026-08-18,09,Delhi,153,63.8,299.0
2026-08-18,09,Mumbai,59,13.7,27.1
2026-08-18,09,Bengaluru,50,7.3,12.0
2026-08-18,09,Kolkata,67,15.7,16.7
2026-08-18,09,Chennai,72,17.1,24.9
2026-08-18,09,Hyderabad,53,7.7,13.1
2026-08-18,09,Pune,31,4.7,9.2
2026-08-18,09,Ahmedabad,65,11.9,23.3
2026-08-18,10,Delhi,154,71.0,353.0
2026-08-18,10,Mumbai,59,13.6,24.7
2026-08-18,10,Bengaluru,50,6.9,12.7
2026-08-18,10,Kolkata,67,15.8,16.9
2026-08-18,10,Chennai,71,17.2,27.1
2026-08-18,10,Hyderabad,53,8.0,15.2
2026-08-18,10,Pune,31,4.4,9.1
2026-08-18,10,Ahmedabad,65,13.6,28.9
2026-08-18,11,Delhi,154,61.2,261.7
2026-08-18,11,Mumbai,59,15.0,25.6
2026-08-18,11,Bengaluru,50,7.2,13.1
2026-08-18,11,Kolkata,67,15.6,16.8
2026-08-18,11,Chennai,71,18.2,29.1
2026-08-18,11,Hyderabad,53,8.0,15.6
2026-08-18,11,Pune,31,5.2,10.8
2026-08-18,11,Ahmedabad,65,15.9,36.3
2026-08-18,12,Delhi,154,57.5,231.0
2026-08-18,12,Mumbai,59,15.4,26.1
2026-08-18,12,Bengaluru,49,8.0,14.8
2026-08-18,12,Kolkata,67,15.6,17.0
2026-08-18,12,Chennai,71,21.0,33.2
2026-08-18,12,Hyderabad,53,8.0,16.0
2026-08-18,12,Pune,30,6.2,12.4
2026-08-18,12,Ahmedabad,65,17.6,43.0
2026-08-18,13,Delhi,154,56.8,223.1
2026-08-18,13,Mumbai,59,14.6,24.4
2026-08-18,13,Bengaluru,49,8.4,15.9
2026-08-18,13,Kolkata,67,16.1,17.6
2026-08-18,13,Chennai,71,25.3,39.0
2026-08-18,13,Hyderabad,53,8.4,17.1
2026-08-18,13,Pune,30,5.5,11.4
2026-08-18,13,Ahmedabad,65,19.7,49.1
2026-08-18,14,Delhi,153,57.2,222.1
2026-08-18,14,Mumbai,59,14.4,24.3
2026-08-18,14,Bengaluru,49,8.6,16.9
2026-08-18,14,Kolkata,66,15.4,17.2
2026-08-18,14,Chennai,71,25.1,39.0
2026-08-18,14,Hyderabad,52,8.9,18.5
2026-08-18,14,Pune,29,5.2,10.2
2026-08-18,14,Ahmedabad,65,21.1,52.6
2026-08-18,15,Delhi,153,60.3,245.9
2026-08-18,15,Mumbai,59,15.3,25.5
2026-08-18,15,Bengaluru,49,9.5,19.9
2026-08-18,15,Kolkata,66,15.0,16.8
2026-08-18,15,Chennai,71,24.2,38.4
2026-08-18,15,Hyderabad,52,11.0,24.0
2026-08-18,15,Pune,29,5.6,10.2
2026-08-18,15,Ahmedabad,66,21.5,52.6
2026-08-18,16,Delhi,153,58.3,229.6
2026-08-18,16,Mumbai,59,14.5,23.9
2026-08-18,16,Bengaluru,49,9.7,18.3
2026-08-18,16,Kolkata,69,15.0,16.8
2026-08-18,16,Chennai,79,22.8,36.9
2026-08-18,16,Hyderabad,53,10.7,22.5
2026-08-18,16,Pune,28,6.8,11.2
2026-08-18,16,Ahmedabad,66,21.9,50.9
2026-08-18,17,Delhi,153,55.1,165.8
2026-08-18,17,Mumbai,59,15.5,30.3
2026-08-18,17,Bengaluru,49,13.4,22.5
2026-08-18,17,Kolkata,74,19.1,21.6
2026-08-18,17,Chennai,95,27.9,48.8
2026-08-18,17,Hyderabad,53,16.5,29.4
2026-08-18,17,Pune,28,7.9,13.7
2026-08-18,17,Ahmedabad,66,31.7,71.9
2026-08-18,18,Delhi,153,69.4,156.5
2026-08-18,18,Mumbai,59,15.8,31.2
2026-08-18,18,Bengaluru,50,15.7,22.8
2026-08-18,18,Kolkata,74,21.4,23.6
2026-08-18,18,Chennai,105,28.1,46.2
2026-08-18,18,Hyderabad,53,16.7,27.1
2026-08-18,18,Pune,28,8.0,12.6
2026-08-18,18,Ahmedabad,66,31.5,64.3
2026-08-18,19,Delhi,153,90.1,177.9
2026-08-18,19,Mumbai,59,15.9,31.2
2026-08-18,19,Bengaluru,50,15.4,21.4
2026-08-18,19,Kolkata,70,23.2,25.2
2026-08-18,19,Chennai,109,28.9,47.3
2026-08-18,19,Hyderabad,53,16.3,24.9
2026-08-18,19,Pune,28,8.8,13.4
2026-08-18,19,Ahmedabad,67,32.1,59.6
2026-08-18,20,Delhi,154,103.8,176.5
2026-08-18,20,Mumbai,59,15.3,28.8
2026-08-18,20,Bengaluru,51,14.6,19.9
2026-08-18,20,Kolkata,65,23.7,25.3
2026-08-18,20,Chennai,108,29.6,48.3
2026-08-18,20,Hyderabad,53,15.4,22.8
2026-08-18,20,Pune,28,8.6,12.5
2026-08-18,20,Ahmedabad,67,30.5,54.1
2026-08-18,21,Delhi,155,88.5,149.5
2026-08-18,21,Mumbai,59,14.7,28.1
2026-08-18,21,Bengaluru,51,13.5,18.0
2026-08-18,21,Kolkata,65,23.4,24.6
2026-08-18,21,Chennai,102,29.8,48.7
2026-08-18,21,Hyderabad,53,14.2,20.6
2026-08-18,21,Pune,27,7.2,9.9
2026-08-18,21,Ahmedabad,67,27.2,46.8
2026-08-18,22,Delhi,155,83.1,137.4
2026-08-18,22,Mumbai,59,13.4,24.9
2026-08-18,22,Bengaluru,51,12.5,16.3
2026-08-18,22,Kolkata,66,21.3,22.4
2026-08-18,22,Chennai,95,29.6,48.0
2026-08-18,22,Hyderabad,53,13.4,18.7
2026-08-18,22,Pune,28,5.9,7.7
2026-08-18,22,Ahmedabad,67,23.6,39.7
2026-08-18,23,Delhi,155,80.6,124.3
2026-08-18,23,Mumbai,59,12.5,22.9
2026-08-18,23,Bengaluru,51,11.1,14.6
2026-08-18,23,Kolkata,66,18.0,19.0
2026-08-18,23,Chennai,85,27.2,43.4
2026-08-18,23,Hyderabad,54,12.1,16.6
2026-08-18,23,Pune,28,4.5,5.9
2026-08-18,23,Ahmedabad,68,20.2,33.8
2026-08-19,00,Delhi,155,78.9,115.5
2026-08-19,00,Mumbai,59,11.7,21.7
2026-08-19,00,Bengaluru,51,9.2,12.2
2026-08-19,00,Kolkata,66,16.5,18.0
2026-08-19,00,Chennai,76,21.0,31.5
2026-08-19,00,Hyderabad,54,10.9,14.7
2026-08-19,00,Pune,28,3.4,4.5
2026-08-19,00,Ahmedabad,68,17.3,28.9
2026-08-19,01,Delhi,155,81.0,113.4
2026-08-19,01,Mumbai,59,11.4,21.9
2026-08-19,01,Bengaluru,51,7.7,10.3
2026-08-19,01,Kolkata,66,16.3,18.2
2026-08-19,01,Chennai,75,17.2,24.3
2026-08-19,01,Hyderabad,54,9.6,13.6
2026-08-19,01,Pune,28,2.7,3.5
2026-08-19,01,Ahmedabad,68,14.7,24.1
2026-08-19,02,Delhi,156,86.4,118.3
2026-08-19,02,Mumbai,59,10.9,21.4
2026-08-19,02,Bengaluru,51,6.6,8.8
2026-08-19,02,Kolkata,66,16.2,18.3
2026-08-19,02,Chennai,75,16.7,23.6
2026-08-19,02,Hyderabad,53,9.3,13.8
2026-08-19,02,Pune,27,2.2,2.8
2026-08-19,02,Ahmedabad,68,12.0,19.3
2026-08-19,03,Delhi,157,92.2,124.3
2026-08-19,03,Mumbai,59,10.8,21.6
2026-08-19,03,Bengaluru,51,5.7,7.5
2026-08-19,03,Kolkata,66,16.1,18.3
2026-08-19,03,Chennai,75,16.5,23.2
2026-08-19,03,Hyderabad,53,9.1,13.8
2026-08-19,03,Pune,27,1.9,2.4
2026-08-19,03,Ahmedabad,68,11.1,17.8
2026-08-19,04,Delhi,159,96.4,128.5
2026-08-19,04,Mumbai,59,10.9,22.4
2026-08-19,04,Bengaluru,51,5.2,6.8
2026-08-19,04,Kolkata,66,15.8,18.2
2026-08-19,04,Chennai,75,15.8,21.9
2026-08-19,04,Hyderabad,53,8.8,13.3
2026-08-19,04,Pune,27,1.8,2.3
2026-08-19,04,Ahmedabad,68,11.3,18.6
2026-08-19,05,Delhi,160,65.0,98.5
2026-08-19,05,Mumbai,59,12.7,29.4
2026-08-19,05,Bengaluru,51,4.5,6.1
2026-08-19,05,Kolkata,66,15.0,17.1
2026-08-19,05,Chennai,75,15.8,21.4
2026-08-19,05,Hyderabad,53,7.4,10.2
2026-08-19,05,Pune,27,2.7,4.2
2026-08-19,05,Ahmedabad,68,10.7,17.9
2026-08-19,06,Delhi,161,67.8,105.7
2026-08-19,06,Mumbai,59,12.9,29.4
2026-08-19,06,Bengaluru,51,4.8,6.7
2026-08-19,06,Kolkata,66,16.2,18.8
2026-08-19,06,Chennai,75,15.5,20.3
2026-08-19,06,Hyderabad,53,7.4,9.9
2026-08-19,06,Pune,27,3.2,4.5
2026-08-19,06,Ahmedabad,68,11.0,18.8
2026-08-19,07,Delhi,162,64.7,114.6
2026-08-19,07,Mumbai,59,12.9,27.9
2026-08-19,07,Bengaluru,50,5.8,8.5
2026-08-19,07,Kolkata,66,16.2,19.5
2026-08-19,07,Chennai,75,16.7,22.2
2026-08-19,07,Hyderabad,53,8.0,10.9
2026-08-19,07,Pune,28,3.5,5.0
2026-08-19,07,Ahmedabad,68,12.6,23.3
2026-08-19,08,Delhi,162,61.5,120.6
2026-08-19,08,Mumbai,59,14.0,28.8
2026-08-19,08,Bengaluru,50,5.9,9.4
2026-08-19,08,Kolkata,66,16.1,19.7
2026-08-19,08,Chennai,74,18.1,25.0
2026-08-19,08,Hyderabad,53,8.5,12.5
2026-08-19,08,Pune,28,4.6,7.3
2026-08-19,08,Ahmedabad,69,13.4,25.0
2026-08-19,09,Delhi,162,58.0,121.5
2026-08-19,09,Mumbai,59,13.7,28.3
2026-08-19,09,Bengaluru,50,5.8,10.0
2026-08-19,09,Kolkata,66,16.2,19.4
2026-08-19,09,Chennai,74,17.1,24.2
2026-08-19,09,Hyderabad,53,10.1,17.9
2026-08-19,09,Pune,28,6.0,10.3
2026-08-19,09,Ahmedabad,69,13.0,24.3
2026-08-19,10,Delhi,162,57.3,135.0
2026-08-19,10,Mumbai,59,14.1,27.6
2026-08-19,10,Bengaluru,50,5.7,9.6
2026-08-19,10,Kolkata,66,16.1,18.8
2026-08-19,10,Chennai,74,16.2,23.2
2026-08-19,10,Hyderabad,53,10.4,18.5
2026-08-19,10,Pune,28,7.1,13.1
2026-08-19,10,Ahmedabad,69,13.6,25.8
2026-08-19,11,Delhi,162,50.5,108.0
2026-08-19,11,Mumbai,59,14.0,24.7
2026-08-19,11,Bengaluru,50,5.4,9.4
2026-08-19,11,Kolkata,66,17.0,19.8
2026-08-19,11,Chennai,74,16.9,24.4
2026-08-19,11,Hyderabad,53,10.7,19.8
2026-08-19,11,Pune,29,7.4,14.7
2026-08-19,11,Ahmedabad,69,13.8,28.1
2026-08-19,12,Delhi,162,47.8,101.7
2026-08-19,12,Mumbai,59,13.9,23.9
2026-08-19,12,Bengaluru,49,5.7,10.6
2026-08-19,12,Kolkata,66,17.3,20.4
2026-08-19,12,Chennai,74,18.7,27.1
2026-08-19,12,Hyderabad,54,10.6,19.3
2026-08-19,12,Pune,29,8.1,16.5
2026-08-19,12,Ahmedabad,69,16.1,34.6
2026-08-19,13,Delhi,161,47.5,97.6
2026-08-19,13,Mumbai,59,15.3,27.0
2026-08-19,13,Bengaluru,49,6.5,13.3
2026-08-19,13,Kolkata,66,17.1,20.4
2026-08-19,13,Chennai,74,19.3,27.2
2026-08-19,13,Hyderabad,54,10.7,19.3
2026-08-19,13,Pune,30,8.4,15.9
2026-08-19,13,Ahmedabad,69,18.3,40.9
2026-08-19,14,Delhi,161,49.5,97.1
2026-08-19,14,Mumbai,59,14.7,26.2
2026-08-19,14,Bengaluru,48,7.6,16.2
2026-08-19,14,Kolkata,66,16.7,20.3
2026-08-19,14,Chennai,73,21.4,32.1
2026-08-19,14,Hyderabad,54,11.8,19.3
2026-08-19,14,Pune,30,8.0,14.5
2026-08-19,14,Ahmedabad,68,19.3,44.0
2026-08-19,15,Delhi,161,49.8,95.7
2026-08-19,15,Mumbai,59,14.8,26.6
2026-08-19,15,Bengaluru,48,8.6,18.5
2026-08-19,15,Kolkata,66,16.1,19.7
2026-08-19,15,Chennai,73,20.3,32.2
2026-08-19,15,Hyderabad,54,12.1,19.3
2026-08-19,15,Pune,31,7.8,13.8
2026-08-19,15,Ahmedabad,68,20.9,48.1
2026-08-19,16,Delhi,160,50.4,107.6
2026-08-19,16,Mumbai,59,13.9,26.1
2026-08-19,16,Bengaluru,48,9.0,16.5
2026-08-19,16,Kolkata,67,17.0,21.5
2026-08-19,16,Chennai,73,20.7,31.2
2026-08-19,16,Hyderabad,54,12.4,18.9
2026-08-19,16,Pune,32,7.4,12.7
2026-08-19,16,Ahmedabad,68,21.4,48.5
2026-08-19,17,Delhi,176,50.6,96.4
2026-08-19,17,Mumbai,59,16.0,31.8
2026-08-19,17,Bengaluru,48,11.6,18.7
2026-08-19,17,Kolkata,68,17.7,22.0
2026-08-19,17,Chennai,86,27.0,40.7
2026-08-19,17,Hyderabad,54,17.6,31.4
2026-08-19,17,Pune,32,10.6,20.7
2026-08-19,17,Ahmedabad,68,29.6,58.7
2026-08-19,18,Delhi,180,51.5,85.2
2026-08-19,18,Mumbai,59,15.0,29.4
2026-08-19,18,Bengaluru,47,15.7,26.7
2026-08-19,18,Kolkata,67,19.3,24.0
2026-08-19,18,Chennai,98,28.0,39.8
2026-08-19,18,Hyderabad,55,20.3,31.9
2026-08-19,18,Pune,32,10.4,18.6
2026-08-19,18,Ahmedabad,68,28.6,54.0
2026-08-19,19,Delhi,176,59.0,86.4
2026-08-19,19,Mumbai,59,15.0,30.2
2026-08-19,19,Bengaluru,47,17.2,30.4
2026-08-19,19,Kolkata,66,22.0,27.5
2026-08-19,19,Chennai,104,27.8,38.6
2026-08-19,19,Hyderabad,55,20.4,31.0
2026-08-19,19,Pune,33,10.2,16.8
2026-08-19,19,Ahmedabad,68,27.8,48.9
2026-08-19,20,Delhi,161,60.8,80.3
2026-08-19,20,Mumbai,59,14.6,29.9
2026-08-19,20,Bengaluru,48,15.5,25.8
2026-08-19,20,Kolkata,66,23.2,28.8
2026-08-19,20,Chennai,106,27.2,37.6
2026-08-19,20,Hyderabad,55,20.1,29.6
2026-08-19,20,Pune,33,10.1,15.5
2026-08-19,20,Ahmedabad,67,26.3,43.9
2026-08-19,21,Delhi,157,57.4,75.0
2026-08-19,21,Mumbai,58,14.3,30.0
2026-08-19,21,Bengaluru,48,14.3,24.3
2026-08-19,21,Kolkata,66,22.9,28.0
2026-08-19,21,Chennai,105,27.9,41.0
2026-08-19,21,Hyderabad,55,19.8,28.4
2026-08-19,21,Pune,34,9.5,13.9
2026-08-19,21,Ahmedabad,67,23.8,38.6
2026-08-19,22,Delhi,156,59.6,74.0
2026-08-19,22,Mumbai,58,14.0,30.4
2026-08-19,22,Bengaluru,48,13.5,22.8
2026-08-19,22,Kolkata,66,22.4,27.0
2026-08-19,22,Chennai,99,24.1,33.4
2026-08-19,22,Hyderabad,56,19.0,27.1
2026-08-19,22,Pune,34,7.4,10.7
2026-08-19,22,Ahmedabad,67,21.4,34.5
2026-08-19,23,Delhi,156,61.0,74.0
2026-08-19,23,Mumbai,58,13.5,29.5
2026-08-19,23,Bengaluru,48,9.9,14.9
2026-08-19,23,Kolkata,66,20.3,24.6
2026-08-19,23,Chennai,91,19.8,28.5
2026-08-19,23,Hyderabad,56,17.0,24.4
2026-08-19,23,Pune,34,5.6,8.8
2026-08-19,23,Ahmedabad,67,19.3,31.8
2026-08-20,00,Delhi,155,58.2,72.4
2026-08-20,00,Mumbai,59,12.6,27.7
2026-08-20,00,Bengaluru,48,6.9,9.5
2026-08-20,00,Kolkata,66,18.7,22.8
2026-08-20,00,Chennai,80,17.1,24.4
2026-08-20,00,Hyderabad,57,15.2,22.2
2026-08-20,00,Pune,35,4.3,6.6
2026-08-20,00,Ahmedabad,67,17.2,29.1
2026-08-20,01,Delhi,155,58.4,71.0
2026-08-20,01,Mumbai,59,11.8,24.7
2026-08-20,01,Bengaluru,47,5.3,7.1
2026-08-20,01,Kolkata,67,18.2,22.0
2026-08-20,01,Chennai,71,16.2,23.3
2026-08-20,01,Hyderabad,57,14.6,22.6
2026-08-20,01,Pune,35,3.5,5.5
2026-08-20,01,Ahmedabad,67,14.5,24.9
2026-08-20,02,Delhi,154,58.2,69.8
2026-08-20,02,Mumbai,59,11.4,24.5
2026-08-20,02,Bengaluru,47,4.6,6.2
2026-08-20,02,Kolkata,67,18.2,21.9
2026-08-20,02,Chennai,71,16.2,23.1
2026-08-20,02,Hyderabad,57,14.7,23.5
2026-08-20,02,Pune,35,3.2,4.9
2026-08-20,02,Ahmedabad,67,12.5,21.5
2026-08-20,03,Delhi,153,58.6,71.0
2026-08-20,03,Mumbai,59,10.8,21.4
2026-08-20,03,Bengaluru,46,4.7,7.1
2026-08-20,03,Kolkata,67,18.5,22.1
2026-08-20,03,Chennai,71,16.2,23.2
2026-08-20,03,Hyderabad,58,14.8,23.5
2026-08-20,03,Pune,35,2.9,4.4
2026-08-20,03,Ahmedabad,67,11.8,20.1
2026-08-20,04,Delhi,152,57.7,69.2
2026-08-20,04,Mumbai,59,10.9,23.7
2026-08-20,04,Bengaluru,46,4.5,7.2
2026-08-20,04,Kolkata,67,18.8,22.5
2026-08-20,04,Chennai,71,16.2,23.1
2026-08-20,04,Hyderabad,58,14.7,22.6
2026-08-20,04,Pune,36,2.6,3.8
2026-08-20,04,Ahmedabad,67,12.9,23.0
2026-08-20,05,Delhi,151,38.0,46.9
2026-08-20,05,Mumbai,59,10.7,21.1
2026-08-20,05,Bengaluru,46,4.2,6.7
2026-08-20,05,Kolkata,67,18.9,22.4
2026-08-20,05,Chennai,71,14.0,19.8
2026-08-20,05,Hyderabad,59,11.9,17.4
2026-08-20,05,Pune,36,2.6,4.5
2026-08-20,05,Ahmedabad,67,10.1,17.2
2026-08-20,06,Delhi,150,37.1,44.8
2026-08-20,06,Mumbai,59,11.0,23.1
2026-08-20,06,Bengaluru,46,4.7,7.6
2026-08-20,06,Kolkata,68,20.5,24.4
2026-08-20,06,Chennai,71,14.6,20.8
2026-08-20,06,Hyderabad,59,10.4,14.8
2026-08-20,06,Pune,36,3.1,4.9
2026-08-20,06,Ahmedabad,67,9.7,15.8
2026-08-20,07,Delhi,147,34.8,42.5
2026-08-20,07,Mumbai,58,12.0,21.4
2026-08-20,07,Bengaluru,46,5.6,8.9
2026-08-20,07,Kolkata,68,20.4,26.5
2026-08-20,07,Chennai,71,16.3,23.3
2026-08-20,07,Hyderabad,59,10.2,15.2
2026-08-20,07,Pune,36,4.0,7.8
2026-08-20,07,Ahmedabad,67,10.3,18.3
2026-08-20,08,Delhi,144,30.7,40.4
2026-08-20,08,Mumbai,58,12.4,22.5
2026-08-20,08,Bengaluru,46,5.7,10.2
2026-08-20,08,Kolkata,68,20.8,28.1
2026-08-20,08,Chennai,71,18.3,25.9
2026-08-20,08,Hyderabad,60,10.4,17.6
2026-08-20,08,Pune,36,5.5,10.1
2026-08-20,08,Ahmedabad,66,9.3,16.6
2026-08-20,09,Delhi,141,31.7,43.0
2026-08-20,09,Mumbai,58,12.3,23.8
2026-08-20,09,Bengaluru,46,7.1,14.4
2026-08-20,09,Kolkata,69,20.3,26.7
2026-08-20,09,Chennai,71,18.6,26.6
2026-08-20,09,Hyderabad,60,11.3,20.4
2026-08-20,09,Pune,36,7.1,14.0
2026-08-20,09,Ahmedabad,66,9.9,18.9
2026-08-20,10,Delhi,138,34.1,48.9
2026-08-20,10,Mumbai,58,13.0,25.0
2026-08-20,10,Bengaluru,46,7.8,16.8
2026-08-20,10,Kolkata,69,20.0,25.7
2026-08-20,10,Chennai,71,18.9,27.4
2026-08-20,10,Hyderabad,60,12.8,26.4
2026-08-20,10,Pune,36,9.6,21.2
2026-08-20,10,Ahmedabad,66,11.1,22.1
2026-08-20,11,Delhi,136,36.7,58.1
2026-08-20,11,Mumbai,58,13.9,26.0
2026-08-20,11,Bengaluru,47,8.4,19.5
2026-08-20,11,Kolkata,69,20.0,25.3
2026-08-20,11,Chennai,71,19.6,28.8
2026-08-20,11,Hyderabad,60,13.5,29.2
2026-08-20,11,Pune,37,9.7,20.4
2026-08-20,11,Ahmedabad,66,12.9,27.5
2026-08-20,12,Delhi,134,38.1,67.8
2026-08-20,12,Mumbai,58,15.3,27.2
2026-08-20,12,Bengaluru,47,12.6,33.4
2026-08-20,12,Kolkata,70,19.7,24.7
2026-08-20,12,Chennai,71,21.2,31.9
2026-08-20,12,Hyderabad,60,18.7,47.5
2026-08-20,12,Pune,37,15.8,40.2
2026-08-20,12,Ahmedabad,66,14.4,32.0
2026-08-20,13,Delhi,133,37.7,65.7
2026-08-20,13,Mumbai,58,14.6,25.9
2026-08-20,13,Bengaluru,49,9.1,22.8
2026-08-20,13,Kolkata,70,19.9,24.8
2026-08-20,13,Chennai,71,22.6,37.0
2026-08-20,13,Hyderabad,61,14.4,31.9
2026-08-20,13,Pune,39,10.7,23.0
2026-08-20,13,Ahmedabad,66,15.5,34.6
2026-08-20,14,Delhi,132,36.6,59.1
2026-08-20,14,Mumbai,58,14.3,25.4
2026-08-20,14,Bengaluru,50,9.4,24.1
2026-08-20,14,Kolkata,70,19.4,24.1
2026-08-20,14,Chennai,72,22.0,39.2
2026-08-20,14,Hyderabad,61,14.1,31.3
2026-08-20,14,Pune,40,9.9,19.9
2026-08-20,14,Ahmedabad,65,16.4,36.3
2026-08-20,15,Delhi,131,37.1,56.6
2026-08-20,15,Mumbai,58,14.0,25.5
2026-08-20,15,Bengaluru,50,9.9,25.3
2026-08-20,15,Kolkata,78,18.9,23.2
2026-08-20,15,Chennai,72,21.9,39.7
2026-08-20,15,Hyderabad,61,13.5,29.7
2026-08-20,15,Pune,40,10.0,19.8
2026-08-20,15,Ahmedabad,65,17.3,37.8
2026-08-20,16,Delhi,143,38.3,56.6
2026-08-20,16,Mumbai,58,13.7,26.3
2026-08-20,16,Bengaluru,50,11.3,25.0
2026-08-20,16,Kolkata,82,18.4,21.8
2026-08-20,16,Chennai,72,22.2,40.6
2026-08-20,16,Hyderabad,61,12.7,26.7
2026-08-20,16,Pune,41,10.0,19.3
2026-08-20,16,Ahmedabad,65,18.0,38.0
2026-08-20,17,Delhi,164,51.0,78.9
2026-08-20,17,Mumbai,58,16.8,34.8
2026-08-20,17,Bengaluru,50,7.9,11.1
2026-08-20,17,Kolkata,79,20.8,23.8
2026-08-20,17,Chennai,77,20.3,34.6
2026-08-20,17,Hyderabad,61,19.7,40.3
2026-08-20,17,Pune,41,12.2,25.3
2026-08-20,17,Ahmedabad,65,23.7,50.5
2026-08-20,18,Delhi,168,57.6,95.0
2026-08-20,18,Mumbai,58,16.9,34.0
2026-08-20,18,Bengaluru,50,10.4,14.5
2026-08-20,18,Kolkata,71,25.6,28.8
2026-08-20,18,Chennai,86,18.4,26.6
2026-08-20,18,Hyderabad,62,20.4,37.3
2026-08-20,18,Pune,42,11.7,22.5
2026-08-20,18,Ahmedabad,64,24.9,45.9
2026-08-20,19,Delhi,162,67.3,95.5
2026-08-20,19,Mumbai,58,16.1,32.0
2026-08-20,19,Bengaluru,49,11.7,15.5
2026-08-20,19,Kolkata,71,28.8,32.2
2026-08-20,19,Chennai,89,16.4,22.2
2026-08-20,19,Hyderabad,62,22.7,38.8
2026-08-20,19,Pune,42,12.0,20.5
2026-08-20,19,Ahmedabad,64,27.8,46.9
2026-08-20,20,Delhi,145,74.3,100.1
2026-08-20,20,Mumbai,58,15.1,29.7
2026-08-20,20,Bengaluru,47,11.2,15.3
2026-08-20,20,Kolkata,72,30.0,33.3
2026-08-20,20,Chennai,87,16.1,20.8
2026-08-20,20,Hyderabad,62,25.3,41.9
2026-08-20,20,Pune,42,11.5,19.2
2026-08-20,20,Ahmedabad,64,28.4,45.4
2026-08-20,21,Delhi,131,80.6,105.5
2026-08-20,21,Mumbai,58,14.2,28.4
2026-08-20,21,Bengaluru,46,10.0,13.5
2026-08-20,21,Kolkata,72,30.5,33.5
2026-08-20,21,Chennai,83,18.0,22.9
2026-08-20,21,Hyderabad,62,27.6,45.8
2026-08-20,21,Pune,43,10.6,17.7
2026-08-20,21,Ahmedabad,64,26.5,41.9
2026-08-20,22,Delhi,133,87.3,107.1
2026-08-20,22,Mumbai,58,13.6,27.2
2026-08-20,22,Bengaluru,45,9.4,12.3
2026-08-20,22,Kolkata,73,30.0,32.6
2026-08-20,22,Chennai,78,18.7,24.7
2026-08-20,22,Hyderabad,63,29.5,49.0
2026-08-20,22,Pune,43,9.4,15.1
2026-08-20,22,Ahmedabad,64,24.4,38.1
2026-08-20,23,Delhi,136,85.0,102.7
2026-08-20,23,Mumbai,58,13.2,27.1
2026-08-20,23,Bengaluru,45,8.6,11.1
2026-08-20,23,Kolkata,74,28.6,31.1
2026-08-20,23,Chennai,72,16.9,25.4
2026-08-20,23,Hyderabad,64,29.4,50.3
2026-08-20,23,Pune,43,7.6,12.0
2026-08-20,23,Ahmedabad,64,20.6,31.5
2026-08-21,00,Delhi,139,77.1,91.7
2026-08-21,00,Mumbai,58,12.5,25.0
2026-08-21,00,Bengaluru,44,7.4,9.6
2026-08-21,00,Kolkata,74,27.8,30.0
2026-08-21,00,Chennai,67,15.8,24.3
2026-08-21,00,Hyderabad,65,27.8,48.9
2026-08-21,00,Pune,44,5.9,9.3
2026-08-21,00,Ahmedabad,64,16.5,25.9
2026-08-21,01,Delhi,141,74.7,85.4
2026-08-21,01,Mumbai,58,11.9,23.5
2026-08-21,01,Bengaluru,44,6.5,8.6
2026-08-21,01,Kolkata,75,27.2,29.4
2026-08-21,01,Chennai,67,15.0,22.9
2026-08-21,01,Hyderabad,66,26.5,47.0
2026-08-21,01,Pune,44,3.8,6.2
2026-08-21,01,Ahmedabad,64,13.7,22.2
2026-08-21,02,Delhi,143,78.2,87.3
2026-08-21,02,Mumbai,58,11.9,24.6
2026-08-21,02,Bengaluru,45,6.0,8.0
2026-08-21,02,Kolkata,76,26.8,29.2
2026-08-21,02,Chennai,67,14.0,20.7
2026-08-21,02,Hyderabad,67,26.3,46.8
2026-08-21,02,Pune,44,2.5,4.2
2026-08-21,02,Ahmedabad,64,12.2,20.1
2026-08-21,03,Delhi,145,80.1,89.9
2026-08-21,03,Mumbai,58,11.4,23.5
2026-08-21,03,Bengaluru,45,5.8,8.0
2026-08-21,03,Kolkata,76,27.6,30.7
2026-08-21,03,Chennai,67,13.5,19.2
2026-08-21,03,Hyderabad,68,27.3,47.4
2026-08-21,03,Pune,44,2.1,3.2
2026-08-21,03,Ahmedabad,64,11.1,18.3
2026-08-21,04,Delhi,147,82.7,92.7
2026-08-21,04,Mumbai,58,11.7,25.0
2026-08-21,04,Bengaluru,45,5.7,8.0
2026-08-21,04,Kolkata,77,30.4,34.0
2026-08-21,04,Chennai,67,13.4,18.3
2026-08-21,04,Hyderabad,68,21.6,33.5
2026-08-21,04,Pune,44,2.1,2.8
2026-08-21,04,Ahmedabad,64,9.5,15.5
2026-08-21,05,Delhi,149,38.5,58.9
2026-08-21,05,Mumbai,58,11.9,24.6
2026-08-21,05,Bengaluru,45,6.0,8.3
2026-08-21,05,Kolkata,78,28.7,31.9
2026-08-21,05,Chennai,67,13.8,18.0
2026-08-21,05,Hyderabad,69,13.2,18.8
2026-08-21,05,Pune,44,2.6,4.2
2026-08-21,05,Ahmedabad,64,13.6,25.1
2026-08-21,06,Delhi,150,33.9,53.4
2026-08-21,06,Mumbai,58,12.2,24.7
2026-08-21,06,Bengaluru,46,6.4,9.0
2026-08-21,06,Kolkata,79,29.7,33.5
2026-08-21,06,Chennai,67,13.5,16.8
2026-08-21,06,Hyderabad,69,11.1,15.8
2026-08-21,06,Pune,44,2.7,3.7
2026-08-21,06,Ahmedabad,64,11.5,19.3
2026-08-21,07,Delhi,149,32.8,50.9
2026-08-21,07,Mumbai,59,12.8,25.6
2026-08-21,07,Bengaluru,46,7.3,10.7
2026-08-21,07,Kolkata,79,28.6,33.2
2026-08-21,07,Chennai,66,13.8,16.5
2026-08-21,07,Hyderabad,69,10.9,16.4
2026-08-21,07,Pune,44,2.8,3.9
2026-08-21,07,Ahmedabad,64,10.0,16.9
2026-08-21,08,Delhi,149,32.0,54.1
2026-08-21,08,Mumbai,59,13.4,25.8
2026-08-21,08,Bengaluru,47,7.7,11.7
2026-08-21,08,Kolkata,80,30.0,34.9
2026-08-21,08,Chennai,66,13.0,16.3
2026-08-21,08,Hyderabad,69,11.6,20.6
2026-08-21,08,Pune,43,3.8,5.9
2026-08-21,08,Ahmedabad,64,8.8,15.0
2026-08-21,09,Delhi,149,33.4,65.9
2026-08-21,09,Mumbai,59,13.5,25.4
2026-08-21,09,Bengaluru,47,8.4,13.8
2026-08-21,09,Kolkata,81,29.6,34.0
2026-08-21,09,Chennai,66,12.2,16.4
2026-08-21,09,Hyderabad,69,12.8,25.6
2026-08-21,09,Pune,43,5.9,10.7
2026-08-21,09,Ahmedabad,64,7.8,15.3
2026-08-21,10,Delhi,149,42.1,120.1
2026-08-21,10,Mumbai,59,13.4,24.8
2026-08-21,10,Bengaluru,47,8.9,16.6
2026-08-21,10,Kolkata,82,29.0,32.8
2026-08-21,10,Chennai,65,12.3,17.3
2026-08-21,10,Hyderabad,69,14.1,31.4
2026-08-21,10,Pune,43,7.8,14.3
2026-08-21,10,Ahmedabad,64,9.0,17.3
2026-08-21,11,Delhi,150,42.4,105.7
2026-08-21,11,Mumbai,59,13.4,25.0
2026-08-21,11,Bengaluru,48,9.4,18.2
2026-08-21,11,Kolkata,82,30.2,33.6
2026-08-21,11,Chennai,65,13.1,18.3
2026-08-21,11,Hyderabad,70,14.7,34.1
2026-08-21,11,Pune,42,9.2,17.2
2026-08-21,11,Ahmedabad,64,10.5,21.6
2026-08-21,12,Delhi,150,40.9,84.3
2026-08-21,12,Mumbai,59,14.3,25.0
2026-08-21,12,Bengaluru,48,11.5,25.4
2026-08-21,12,Kolkata,83,30.2,33.1
2026-08-21,12,Chennai,64,16.2,23.1
2026-08-21,12,Hyderabad,70,15.0,34.3
2026-08-21,12,Pune,42,9.7,18.7
2026-08-21,12,Ahmedabad,64,11.6,25.0
2026-08-21,13,Delhi,150,43.5,91.3
2026-08-21,13,Mumbai,59,14.0,24.3
2026-08-21,13,Bengaluru,48,11.6,27.1
2026-08-21,13,Kolkata,99,30.0,32.8
2026-08-21,13,Chennai,64,18.9,28.6
2026-08-21,13,Hyderabad,69,15.2,34.2
2026-08-21,13,Pune,41,9.9,19.6
2026-08-21,13,Ahmedabad,64,12.6,27.1
2026-08-21,14,Delhi,150,44.0,88.0
2026-08-21,14,Mumbai,59,14.7,25.5
2026-08-21,14,Bengaluru,48,10.8,24.8
2026-08-21,14,Kolkata,120,29.1,31.7
2026-08-21,14,Chennai,64,18.5,29.0
2026-08-21,14,Hyderabad,69,15.5,34.5
2026-08-21,14,Pune,41,9.7,19.0
2026-08-21,14,Ahmedabad,63,14.6,31.9
2026-08-21,15,Delhi,151,44.6,94.3
2026-08-21,15,Mumbai,59,14.1,24.7
2026-08-21,15,Bengaluru,49,9.9,21.9
2026-08-21,15,Kolkata,133,27.9,30.3
2026-08-21,15,Chennai,63,17.5,27.5
2026-08-21,15,Hyderabad,70,15.9,35.4
2026-08-21,15,Pune,41,8.6,16.2
2026-08-21,15,Ahmedabad,63,14.8,31.8
2026-08-21,16,Delhi,151,44.7,100.4
2026-08-21,16,Mumbai,59,13.0,23.7
2026-08-21,16,Bengaluru,49,9.5,18.9
2026-08-21,16,Kolkata,137,26.7,28.7
2026-08-21,16,Chennai,63,17.3,28.6
2026-08-21,16,Hyderabad,70,15.7,34.2
2026-08-21,16,Pune,40,7.4,13.1
2026-08-21,16,Ahmedabad,63,15.0,31.9
2026-08-21,17,Delhi,157,45.9,132.7
2026-08-21,17,Mumbai,59,17.2,36.9
2026-08-21,17,Bengaluru,48,9.0,17.5
2026-08-21,17,Kolkata,134,30.6,34.8
2026-08-21,17,Chennai,63,23.9,38.5
2026-08-21,17,Hyderabad,70,15.7,32.1
2026-08-21,17,Pune,40,9.2,17.0
2026-08-21,17,Ahmedabad,63,19.3,41.9
2026-08-21,18,Delhi,162,49.4,112.5
2026-08-21,18,Mumbai,59,16.4,35.0
2026-08-21,18,Bengaluru,48,12.8,18.0
2026-08-21,18,Kolkata,121,38.8,42.5
2026-08-21,18,Chennai,71,24.3,36.1
2026-08-21,18,Hyderabad,70,17.1,30.5
2026-08-21,18,Pune,39,9.6,17.1
2026-08-21,18,Ahmedabad,62,21.2,39.9
2026-08-21,19,Delhi,158,55.5,109.4
2026-08-21,19,Mumbai,59,16.5,34.5
2026-08-21,19,Bengaluru,49,14.6,20.5
2026-08-21,19,Kolkata,101,46.2,50.5
2026-08-21,19,Chennai,76,24.3,34.9
2026-08-21,19,Hyderabad,69,18.6,29.7
2026-08-21,19,Pune,39,9.4,15.1
2026-08-21,19,Ahmedabad,62,24.9,41.9
2026-08-21,20,Delhi,150,60.5,111.1
2026-08-21,20,Mumbai,59,16.5,34.0
2026-08-21,20,Bengaluru,50,13.8,19.5
2026-08-21,20,Kolkata,90,51.1,55.5
2026-08-21,20,Chennai,76,24.4,34.3
2026-08-21,20,Hyderabad,69,19.7,29.7
2026-08-21,20,Pune,38,9.1,13.9
2026-08-21,20,Ahmedabad,62,26.2,41.6
2026-08-21,21,Delhi,150,64.3,114.3
2026-08-21,21,Mumbai,59,16.4,33.2
2026-08-21,21,Bengaluru,50,11.9,15.9
2026-08-21,21,Kolkata,92,49.7,54.6
2026-08-21,21,Chennai,73,24.3,33.4
2026-08-21,21,Hyderabad,69,20.2,29.9
2026-08-21,21,Pune,37,9.1,12.7
2026-08-21,21,Ahmedabad,62,24.3,37.6
2026-08-21,22,Delhi,148,72.9,126.7
2026-08-21,22,Mumbai,59,16.5,33.5
2026-08-21,22,Bengaluru,50,10.7,13.8
2026-08-21,22,Kolkata,93,47.7,52.9
2026-08-21,22,Chennai,69,23.9,32.9
2026-08-21,22,Hyderabad,68,19.6,29.6
2026-08-21,22,Pune,37,7.9,11.0
2026-08-21,22,Ahmedabad,62,21.1,32.0
2026-08-21,23,Delhi,147,81.7,135.5
2026-08-21,23,Mumbai,59,15.9,31.8
2026-08-21,23,Bengaluru,50,9.0,11.3
2026-08-21,23,Kolkata,95,45.4,50.9
2026-08-21,23,Chennai,66,23.2,32.0
2026-08-21,23,Hyderabad,67,18.5,29.2
2026-08-21,23,Pune,37,6.0,8.6
2026-08-21,23,Ahmedabad,61,17.6,26.5
2026-08-22,00,Delhi,146,85.0,137.8
2026-08-22,00,Mumbai,59,14.6,27.6
2026-08-22,00,Bengaluru,50,7.8,9.9
2026-08-22,00,Kolkata,96,43.2,49.0
2026-08-22,00,Chennai,66,22.5,31.4
2026-08-22,00,Hyderabad,66,17.5,29.2
2026-08-22,00,Pune,36,4.9,7.3
2026-08-22,00,Ahmedabad,61,15.0,22.9
2026-08-22,01,Delhi,147,83.8,133.2
2026-08-22,01,Mumbai,60,13.0,25.0
2026-08-22,01,Bengaluru,50,7.2,9.1
2026-08-22,01,Kolkata,97,40.7,45.8
2026-08-22,01,Chennai,67,22.0,31.2
2026-08-22,01,Hyderabad,66,16.0,26.0
2026-08-22,01,Pune,36,4.2,6.7
2026-08-22,01,Ahmedabad,61,13.1,20.5
2026-08-22,02,Delhi,148,76.1,117.3
2026-08-22,02,Mumbai,60,11.9,23.6
2026-08-22,02,Bengaluru,50,6.8,8.6
2026-08-22,02,Kolkata,98,38.4,43.0
2026-08-22,02,Chennai,67,21.2,30.4
2026-08-22,02,Hyderabad,65,13.6,20.9
2026-08-22,02,Pune,36,3.8,5.8
2026-08-22,02,Ahmedabad,61,11.1,17.4
2026-08-22,03,Delhi,148,61.9,92.7
2026-08-22,03,Mumbai,60,11.4,22.4
2026-08-22,03,Bengaluru,51,6.4,8.1
2026-08-22,03,Kolkata,99,39.0,44.2
2026-08-22,03,Chennai,68,21.2,29.9
2026-08-22,03,Hyderabad,64,11.6,17.3
2026-08-22,03,Pune,36,3.1,4.9
2026-08-22,03,Ahmedabad,61,10.3,16.4
2026-08-22,04,Delhi,146,53.8,83.6
2026-08-22,04,Mumbai,60,11.1,21.9
2026-08-22,04,Bengaluru,51,6.1,7.7
2026-08-22,04,Kolkata,100,39.5,44.5
2026-08-22,04,Chennai,68,21.2,28.8
2026-08-22,04,Hyderabad,63,10.2,14.7
2026-08-22,04,Pune,37,2.7,4.0
2026-08-22,04,Ahmedabad,61,10.1,15.9
2026-08-22,05,Delhi,143,34.6,66.4
2026-08-22,05,Mumbai,60,10.4,21.5
2026-08-22,05,Bengaluru,51,4.8,5.9
2026-08-22,05,Kolkata,101,36.8,41.6
2026-08-22,05,Chennai,69,18.6,23.3
2026-08-22,05,Hyderabad,62,9.3,12.9
2026-08-22,05,Pune,37,2.1,3.3
2026-08-22,05,Ahmedabad,61,9.7,15.3
2026-08-22,06,Delhi,142,33.2,66.8
2026-08-22,06,Mumbai,59,10.9,22.2
2026-08-22,06,Bengaluru,50,4.3,5.0
2026-08-22,06,Kolkata,102,35.6,40.3
2026-08-22,06,Chennai,69,17.6,21.4
2026-08-22,06,Hyderabad,61,8.0,10.7
2026-08-22,06,Pune,37,2.2,3.3
2026-08-22,06,Ahmedabad,61,9.6,15.0
2026-08-22,07,Delhi,142,37.3,74.3
2026-08-22,07,Mumbai,59,12.3,24.9
2026-08-22,07,Bengaluru,50,4.4,4.8
2026-08-22,07,Kolkata,102,32.5,38.1
2026-08-22,07,Chennai,70,17.6,20.8
2026-08-22,07,Hyderabad,61,8.1,10.9
2026-08-22,07,Pune,37,3.5,4.9
2026-08-22,07,Ahmedabad,60,10.2,16.9
2026-08-22,08,Delhi,143,41.2,112.2
2026-08-22,08,Mumbai,59,14.0,28.5
2026-08-22,08,Bengaluru,50,3.4,3.7
2026-08-22,08,Kolkata,103,31.7,37.5
2026-08-22,08,Chennai,70,16.1,19.3
2026-08-22,08,Hyderabad,61,8.0,11.8
2026-08-22,08,Pune,37,3.8,5.5
2026-08-22,08,Ahmedabad,60,10.5,19.3
2026-08-22,09,Delhi,144,46.0,140.2
2026-08-22,09,Mumbai,59,15.5,31.2
2026-08-22,09,Bengaluru,49,3.1,3.3
2026-08-22,09,Kolkata,103,30.3,35.7
2026-08-22,09,Chennai,70,14.8,18.7
2026-08-22,09,Hyderabad,61,8.3,13.7
2026-08-22,09,Pune,37,5.3,9.1
2026-08-22,09,Ahmedabad,61,10.6,19.1
2026-08-22,10,Delhi,145,53.4,176.5
2026-08-22,10,Mumbai,60,16.2,32.1
2026-08-22,10,Bengaluru,48,2.9,3.1
2026-08-22,10,Kolkata,103,27.1,31.4
2026-08-22,10,Chennai,70,14.5,18.7
2026-08-22,10,Hyderabad,60,8.8,16.2
2026-08-22,10,Pune,37,6.4,12.6
2026-08-22,10,Ahmedabad,61,11.1,21.1
2026-08-22,11,Delhi,146,63.6,216.5
2026-08-22,11,Mumbai,60,17.7,33.6
2026-08-22,11,Bengaluru,47,2.6,3.0
2026-08-22,11,Kolkata,103,24.2,27.9
2026-08-22,11,Chennai,71,14.0,18.3
2026-08-22,11,Hyderabad,60,9.3,18.0
2026-08-22,11,Pune,36,7.0,14.2
2026-08-22,11,Ahmedabad,61,11.7,22.5
2026-08-22,12,Delhi,149,68.0,224.0
2026-08-22,12,Mumbai,60,17.3,33.5
2026-08-22,12,Bengaluru,45,2.8,3.4
2026-08-22,12,Kolkata,102,22.8,26.1
2026-08-22,12,Chennai,71,13.0,16.8
2026-08-22,12,Hyderabad,59,9.2,17.9
2026-08-22,12,Pune,36,7.6,15.8
2026-08-22,12,Ahmedabad,61,13.2,26.3
2026-08-22,13,Delhi,150,71.2,238.0
2026-08-22,13,Mumbai,60,15.5,30.2
2026-08-22,13,Bengaluru,43,3.1,4.2
2026-08-22,13,Kolkata,101,23.5,27.1
2026-08-22,13,Chennai,70,12.6,16.3
2026-08-22,13,Hyderabad,59,8.9,17.3
2026-08-22,13,Pune,35,7.9,15.9
2026-08-22,13,Ahmedabad,61,15.1,31.5
2026-08-22,14,Delhi,151,73.3,256.1
2026-08-22,14,Mumbai,60,15.0,27.6
2026-08-22,14,Bengaluru,41,3.9,6.0
2026-08-22,14,Kolkata,101,20.3,23.1
2026-08-22,14,Chennai,70,14.4,19.7
2026-08-22,14,Hyderabad,58,8.8,16.6
2026-08-22,14,Pune,35,8.0,15.6
2026-08-22,14,Ahmedabad,61,16.5,36.2
2026-08-22,15,Delhi,152,73.6,266.4
2026-08-22,15,Mumbai,60,14.1,25.6
2026-08-22,15,Bengaluru,40,4.6,7.1
2026-08-22,15,Kolkata,100,18.0,20.0
2026-08-22,15,Chennai,70,17.3,25.0
2026-08-22,15,Hyderabad,58,8.4,15.5
2026-08-22,15,Pune,34,8.6,15.4
2026-08-22,15,Ahmedabad,61,18.5,41.3
2026-08-22,16,Delhi,153,74.0,271.9
2026-08-22,16,Mumbai,60,13.4,24.3
2026-08-22,16,Bengaluru,38,5.7,7.6
2026-08-22,16,Kolkata,99,15.1,16.5
2026-08-22,16,Chennai,70,17.7,25.2
2026-08-22,16,Hyderabad,57,7.9,13.5
2026-08-22,16,Pune,34,8.7,15.7
2026-08-22,16,Ahmedabad,62,20.8,46.8
2026-08-22,17,Delhi,163,69.4,230.0
2026-08-22,17,Mumbai,61,15.6,30.3
2026-08-22,17,Bengaluru,37,9.5,12.6
2026-08-22,17,Kolkata,98,15.1,16.9
2026-08-22,17,Chennai,70,21.5,30.5
2026-08-22,17,Hyderabad,57,9.2,15.8
2026-08-22,17,Pune,35,9.5,17.5
2026-08-22,17,Ahmedabad,62,28.6,62.9
2026-08-22,18,Delhi,169,68.5,183.5
2026-08-22,18,Mumbai,60,15.7,30.9
2026-08-22,18,Bengaluru,38,12.5,15.4
2026-08-22,18,Kolkata,97,17.3,18.7
2026-08-22,18,Chennai,69,21.3,29.2
2026-08-22,18,Hyderabad,56,10.9,16.4
2026-08-22,18,Pune,35,9.1,15.8
2026-08-22,18,Ahmedabad,63,29.2,56.2
2026-08-22,19,Delhi,163,76.4,162.1
2026-08-22,19,Mumbai,60,15.4,30.7
2026-08-22,19,Bengaluru,37,13.5,16.6
2026-08-22,19,Kolkata,95,20.7,22.1
2026-08-22,19,Chennai,71,20.9,28.3
2026-08-22,19,Hyderabad,56,13.0,18.0
2026-08-22,19,Pune,35,9.6,15.0
2026-08-22,19,Ahmedabad,64,32.7,58.1
2026-08-22,20,Delhi,156,76.8,152.7
2026-08-22,20,Mumbai,60,15.7,31.3
2026-08-22,20,Bengaluru,37,11.4,14.4
2026-08-22,20,Kolkata,93,23.3,24.8
2026-08-22,20,Chennai,72,20.1,27.2
2026-08-22,20,Hyderabad,55,12.5,17.3
2026-08-22,20,Pune,35,10.1,15.4
2026-08-22,20,Ahmedabad,64,34.6,58.3
2026-08-22,21,Delhi,156,82.7,142.0
2026-08-22,21,Mumbai,60,15.4,31.3
2026-08-22,21,Bengaluru,37,9.7,12.4
2026-08-22,21,Kolkata,91,25.0,26.7
2026-08-22,21,Chennai,69,20.5,27.8
2026-08-22,21,Hyderabad,55,11.2,15.0
2026-08-22,21,Pune,35,9.2,13.4
2026-08-22,21,Ahmedabad,65,32.6,52.9
2026-08-22,22,Delhi,157,82.2,129.9
2026-08-22,22,Mumbai,60,15.0,30.4
2026-08-22,22,Bengaluru,36,8.6,11.3
2026-08-22,22,Kolkata,89,24.3,26.0
2026-08-22,22,Chennai,68,19.8,26.0
2026-08-22,22,Hyderabad,54,9.5,12.7
2026-08-22,22,Pune,35,8.4,11.5
2026-08-22,22,Ahmedabad,66,29.3,46.0
2026-08-22,23,Delhi,157,86.1,122.9
2026-08-22,23,Mumbai,60,14.2,28.8
2026-08-22,23,Bengaluru,36,7.3,9.7
2026-08-22,23,Kolkata,87,21.5,23.1
2026-08-22,23,Chennai,68,15.9,20.5
2026-08-22,23,Hyderabad,53,8.4,10.8
2026-08-22,23,Pune,35,6.9,9.5
2026-08-22,23,Ahmedabad,66,25.3,39.1
2026-08-23,00,Delhi,157,86.6,119.2
2026-08-23,00,Mumbai,60,13.9,28.8
2026-08-23,00,Bengaluru,35,6.5,8.8
2026-08-23,00,Kolkata,85,20.0,21.5
2026-08-23,00,Chennai,67,13.5,17.2
2026-08-23,00,Hyderabad,52,7.5,9.5
2026-08-23,00,Pune,35,5.6,7.9
2026-08-23,00,Ahmedabad,67,21.5,34.0
2026-08-23,01,Delhi,157,89.2,121.5
2026-08-23,01,Mumbai,60,13.6,29.5
2026-08-23,01,Bengaluru,35,6.0,8.1
2026-08-23,01,Kolkata,84,19.7,21.2
2026-08-23,01,Chennai,67,12.9,16.1
2026-08-23,01,Hyderabad,52,7.2,9.3
2026-08-23,01,Pune,35,4.3,6.6
2026-08-23,01,Ahmedabad,67,19.4,31.5
2026-08-23,02,Delhi,157,92.9,126.2
2026-08-23,02,Mumbai,60,13.0,28.5
2026-08-23,02,Bengaluru,35,5.5,7.6
2026-08-23,02,Kolkata,82,19.2,20.7
2026-08-23,02,Chennai,66,12.7,15.7
2026-08-23,02,Hyderabad,51,7.1,9.4
2026-08-23,02,Pune,36,3.4,5.5
2026-08-23,02,Ahmedabad,68,17.3,28.8
2026-08-23,03,Delhi,158,95.7,132.2
2026-08-23,03,Mumbai,60,13.5,32.2
2026-08-23,03,Bengaluru,34,5.2,7.3
2026-08-23,03,Kolkata,80,17.8,19.2
2026-08-23,03,Chennai,65,12.5,15.2
2026-08-23,03,Hyderabad,50,7.3,10.0
2026-08-23,03,Pune,35,3.0,4.6
2026-08-23,03,Ahmedabad,68,14.8,24.9
2026-08-23,04,Delhi,159,96.4,132.7
2026-08-23,04,Mumbai,60,13.4,32.2
2026-08-23,04,Bengaluru,34,4.7,6.8
2026-08-23,04,Kolkata,79,17.3,18.6
2026-08-23,04,Chennai,65,12.5,15.0
2026-08-23,04,Hyderabad,50,7.5,10.8
2026-08-23,04,Pune,35,2.2,3.2
2026-08-23,04,Ahmedabad,69,14.0,23.5
2026-08-23,05,Delhi,160,40.7,64.3
2026-08-23,05,Mumbai,60,13.0,31.5
2026-08-23,05,Bengaluru,34,4.3,6.2
2026-08-23,05,Kolkata,77,10.3,11.1
2026-08-23,05,Chennai,64,13.1,15.1
2026-08-23,05,Hyderabad,50,7.9,11.6
2026-08-23,05,Pune,35,2.9,4.7
2026-08-23,05,Ahmedabad,69,14.8,24.8
2026-08-23,06,Delhi,160,41.6,57.7
2026-08-23,06,Mumbai,60,13.5,32.8
2026-08-23,06,Bengaluru,34,4.4,5.8
2026-08-23,06,Kolkata,75,10.3,11.4
2026-08-23,06,Chennai,63,13.4,15.2
2026-08-23,06,Hyderabad,49,8.8,12.5
2026-08-23,06,Pune,35,2.8,4.2
2026-08-23,06,Ahmedabad,69,14.9,24.4
2026-08-23,07,Delhi,161,34.7,53.0
2026-08-23,07,Mumbai,61,13.8,32.4
2026-08-23,07,Bengaluru,34,4.1,5.6
2026-08-23,07,Kolkata,73,10.8,12.4
2026-08-23,07,Chennai,63,14.4,16.2
2026-08-23,07,Hyderabad,49,9.7,14.3
2026-08-23,07,Pune,36,3.3,5.3
2026-08-23,07,Ahmedabad,70,15.8,27.4
2026-08-23,08,Delhi,160,32.2,51.0
2026-08-23,08,Mumbai,61,14.6,32.1
2026-08-23,08,Bengaluru,34,4.5,5.8
2026-08-23,08,Kolkata,71,10.7,12.8
2026-08-23,08,Chennai,63,14.8,17.4
2026-08-23,08,Hyderabad,50,9.9,15.2
2026-08-23,08,Pune,36,4.0,7.3
2026-08-23,08,Ahmedabad,70,17.1,34.3
2026-08-23,09,Delhi,160,32.2,55.8
2026-08-23,09,Mumbai,61,15.5,33.1
2026-08-23,09,Bengaluru,34,4.4,6.3
2026-08-23,09,Kolkata,70,10.2,12.6
2026-08-23,09,Chennai,63,14.0,18.2
2026-08-23,09,Hyderabad,50,10.5,17.3
2026-08-23,09,Pune,36,5.7,11.1
2026-08-23,09,Ahmedabad,71,19.2,41.3
2026-08-23,10,Delhi,160,32.0,59.4
2026-08-23,10,Mumbai,61,15.9,33.8
2026-08-23,10,Bengaluru,34,4.6,7.1
2026-08-23,10,Kolkata,68,9.4,11.6
2026-08-23,10,Chennai,63,14.4,20.3
2026-08-23,10,Hyderabad,50,10.8,19.2
2026-08-23,10,Pune,36,7.6,16.2
2026-08-23,10,Ahmedabad,71,21.5,50.1
2026-08-23,11,Delhi,159,32.4,61.7
2026-08-23,11,Mumbai,61,16.2,34.0
2026-08-23,11,Bengaluru,35,4.4,7.2
2026-08-23,11,Kolkata,67,8.5,10.5
2026-08-23,11,Chennai,63,14.9,22.3
2026-08-23,11,Hyderabad,50,10.9,20.2
2026-08-23,11,Pune,36,8.8,19.2
2026-08-23,11,Ahmedabad,72,23.6,57.6
2026-08-23,12,Delhi,158,32.4,60.3
2026-08-23,12,Mumbai,61,16.8,34.7
2026-08-23,12,Bengaluru,35,4.3,7.3
2026-08-23,12,Kolkata,65,7.7,9.6
2026-08-23,12,Chennai,63,15.9,24.6
2026-08-23,12,Hyderabad,51,10.8,20.3
2026-08-23,12,Pune,36,9.4,20.0
2026-08-23,12,Ahmedabad,73,26.0,65.4
2026-08-23,13,Delhi,157,32.9,59.1
2026-08-23,13,Mumbai,61,16.6,35.0
2026-08-23,13,Bengaluru,35,4.2,6.8
2026-08-23,13,Kolkata,64,6.9,8.5
2026-08-23,13,Chennai,63,17.7,27.5
2026-08-23,13,Hyderabad,51,10.9,20.1
2026-08-23,13,Pune,37,9.3,20.3
2026-08-23,13,Ahmedabad,74,28.7,74.7
2026-08-23,14,Delhi,156,34.5,59.8
2026-08-23,14,Mumbai,61,15.6,32.6
2026-08-23,14,Bengaluru,36,4.3,7.0
2026-08-23,14,Kolkata,63,6.6,8.2
2026-08-23,14,Chennai,63,18.0,28.2
2026-08-23,14,Hyderabad,51,11.8,21.4
2026-08-23,14,Pune,37,9.3,20.0
2026-08-23,14,Ahmedabad,75,31.3,82.7
2026-08-23,15,Delhi,155,35.6,61.5
2026-08-23,15,Mumbai,61,14.8,31.4
2026-08-23,15,Bengaluru,36,4.9,8.7
2026-08-23,15,Kolkata,62,8.6,10.7
2026-08-23,15,Chennai,64,18.0,28.1
2026-08-23,15,Hyderabad,51,12.0,21.1
2026-08-23,15,Pune,37,8.1,16.5
2026-08-23,15,Ahmedabad,76,32.9,87.3
2026-08-23,16,Delhi,156,36.1,62.9
2026-08-23,16,Mumbai,61,14.1,29.3
2026-08-23,16,Bengaluru,36,6.2,10.1
2026-08-23,16,Kolkata,61,9.0,10.9
2026-08-23,16,Chennai,64,19.4,29.8
2026-08-23,16,Hyderabad,51,12.1,20.3
2026-08-23,16,Pune,37,7.0,13.1
2026-08-23,16,Ahmedabad,78,33.3,88.7
2026-08-23,17,Delhi,171,51.2,122.9
2026-08-23,17,Mumbai,61,15.4,34.1
2026-08-23,17,Bengaluru,36,9.7,15.8
2026-08-23,17,Kolkata,61,11.3,13.8
2026-08-23,17,Chennai,64,26.5,37.3
2026-08-23,17,Hyderabad,52,13.4,18.5
2026-08-23,17,Pune,37,7.3,13.3
2026-08-23,17,Ahmedabad,78,45.5,121.5
2026-08-23,18,Delhi,171,57.5,112.5
2026-08-23,18,Mumbai,61,14.4,33.1
2026-08-23,18,Bengaluru,36,9.6,13.8
2026-08-23,18,Kolkata,60,12.1,14.0
2026-08-23,18,Chennai,64,27.9,38.3
2026-08-23,18,Hyderabad,52,13.3,18.5
2026-08-23,18,Pune,36,7.7,14.3
2026-08-23,18,Ahmedabad,80,45.8,108.3
2026-08-23,19,Delhi,163,72.6,132.2
2026-08-23,19,Mumbai,61,14.4,31.8
2026-08-23,19,Bengaluru,35,9.0,11.9
2026-08-23,19,Kolkata,60,12.9,14.5
2026-08-23,19,Chennai,65,29.2,41.1
2026-08-23,19,Hyderabad,52,14.0,18.0
2026-08-23,19,Pune,36,8.2,13.6
2026-08-23,19,Ahmedabad,81,50.3,114.3
2026-08-23,20,Delhi,152,93.4,155.5
2026-08-23,20,Mumbai,61,14.2,31.8
2026-08-23,20,Bengaluru,34,8.8,11.3
2026-08-23,20,Kolkata,59,12.5,13.7
2026-08-23,20,Chennai,65,27.5,39.2
2026-08-23,20,Hyderabad,52,13.1,16.7
2026-08-23,20,Pune,36,9.3,14.4
2026-08-23,20,Ahmedabad,83,51.2,109.4
2026-08-23,21,Delhi,152,111.1,173.2
2026-08-23,21,Mumbai,61,14.1,31.9
2026-08-23,21,Bengaluru,34,8.3,10.6
2026-08-23,21,Kolkata,58,11.9,13.0
2026-08-23,21,Chennai,66,21.2,29.2
2026-08-23,21,Hyderabad,52,12.7,16.4
2026-08-23,21,Pune,36,9.6,14.8
2026-08-23,21,Ahmedabad,84,48.9,98.3
2026-08-23,22,Delhi,153,116.4,177.0
2026-08-23,22,Mumbai,60,14.4,31.8
2026-08-23,22,Bengaluru,33,7.4,9.5
2026-08-23,22,Kolkata,57,10.7,11.7
2026-08-23,22,Chennai,66,17.5,23.1
2026-08-23,22,Hyderabad,52,11.1,14.2
2026-08-23,22,Pune,36,9.0,15.3
2026-08-23,22,Ahmedabad,85,45.5,86.6
2026-08-23,23,Delhi,154,88.9,139.7
2026-08-23,23,Mumbai,60,14.3,31.5
2026-08-23,23,Bengaluru,33,6.7,8.5
2026-08-23,23,Kolkata,56,9.1,10.1
2026-08-23,23,Chennai,66,15.4,20.1
2026-08-23,23,Hyderabad,53,8.8,10.9
2026-08-23,23,Pune,36,8.4,14.7
2026-08-23,23,Ahmedabad,86,47.0,93.8
2026-08-24,00,Delhi,154,73.6,122.5
2026-08-24,00,Mumbai,60,15.0,35.2
2026-08-24,00,Bengaluru,33,5.8,7.7
2026-08-24,00,Kolkata,55,8.3,9.3
2026-08-24,00,Chennai,66,13.5,18.4
2026-08-24,00,Hyderabad,53,6.5,8.0
2026-08-24,00,Pune,36,7.6,12.7
2026-08-24,00,Ahmedabad,88,35.3,64.0
2026-08-24,01,Delhi,154,72.9,115.0
2026-08-24,01,Mumbai,61,14.8,35.2
2026-08-24,01,Bengaluru,33,4.9,6.5
2026-08-24,01,Kolkata,54,7.8,8.8
2026-08-24,01,Chennai,66,12.3,17.4
2026-08-24,01,Hyderabad,53,5.3,6.5
2026-08-24,01,Pune,37,5.8,10.2
2026-08-24,01,Ahmedabad,89,28.6,50.5
2026-08-24,02,Delhi,153,80.1,121.5
2026-08-24,02,Mumbai,61,14.1,33.2
2026-08-24,02,Bengaluru,32,4.2,5.6
2026-08-24,02,Kolkata,53,8.0,9.1
2026-08-24,02,Chennai,66,12.0,16.9
2026-08-24,02,Hyderabad,52,4.8,6.0
2026-08-24,02,Pune,37,4.4,8.0
2026-08-24,02,Ahmedabad,90,23.3,41.9
2026-08-24,03,Delhi,153,85.0,127.1
2026-08-24,03,Mumbai,61,13.5,31.9
2026-08-24,03,Bengaluru,32,3.7,5.1
2026-08-24,03,Kolkata,53,8.6,9.8
2026-08-24,03,Chennai,66,12.4,17.1
2026-08-24,03,Hyderabad,52,4.6,5.8
2026-08-24,03,Pune,37,3.6,6.4
2026-08-24,03,Ahmedabad,90,20.9,38.0
2026-08-24,04,Delhi,153,83.8,125.3
2026-08-24,04,Mumbai,61,13.1,31.3
2026-08-24,04,Bengaluru,32,3.3,4.5
2026-08-24,04,Kolkata,52,9.2,10.5
2026-08-24,04,Chennai,66,12.9,17.3
2026-08-24,04,Hyderabad,52,4.6,5.8
2026-08-24,04,Pune,37,3.3,5.8
2026-08-24,04,Ahmedabad,91,19.5,35.7
2026-08-24,05,Delhi,152,67.1,112.5
2026-08-24,05,Mumbai,61,14.1,35.5
2026-08-24,05,Bengaluru,31,2.8,3.6
2026-08-24,05,Kolkata,51,8.8,10.1
2026-08-24,05,Chennai,66,12.2,16.1
2026-08-24,05,Hyderabad,52,4.0,4.9
2026-08-24,05,Pune,38,3.9,8.0
2026-08-24,05,Ahmedabad,91,18.9,36.1
2026-08-24,06,Delhi,153,71.7,113.9
2026-08-24,06,Mumbai,61,15.0,37.7
2026-08-24,06,Bengaluru,31,3.1,3.9
2026-08-24,06,Kolkata,51,10.5,12.2
2026-08-24,06,Chennai,66,13.0,16.4
2026-08-24,06,Hyderabad,51,5.3,7.2
2026-08-24,06,Pune,38,4.3,8.4
2026-08-24,06,Ahmedabad,92,17.8,32.8
2026-08-24,07,Delhi,154,68.7,115.9
2026-08-24,07,Mumbai,61,15.3,36.3
2026-08-24,07,Bengaluru,31,3.7,4.4
2026-08-24,07,Kolkata,51,11.8,13.9
2026-08-24,07,Chennai,66,14.3,17.3
2026-08-24,07,Hyderabad,51,7.1,9.7
2026-08-24,07,Pune,38,5.0,10.0
2026-08-24,07,Ahmedabad,92,19.4,36.2
2026-08-24,08,Delhi,155,66.4,119.2
2026-08-24,08,Mumbai,61,15.7,36.6
2026-08-24,08,Bengaluru,31,3.3,4.1
2026-08-24,08,Kolkata,51,11.9,13.8
2026-08-24,08,Chennai,66,14.4,19.2
2026-08-24,08,Hyderabad,51,8.1,11.1
2026-08-24,08,Pune,39,6.2,12.2
2026-08-24,08,Ahmedabad,92,20.5,44.1
2026-08-24,09,Delhi,156,62.4,114.8
2026-08-24,09,Mumbai,61,16.5,36.6
2026-08-24,09,Bengaluru,30,3.3,4.5
2026-08-24,09,Kolkata,51,11.8,13.2
2026-08-24,09,Chennai,66,14.6,22.2
2026-08-24,09,Hyderabad,51,8.8,12.6
2026-08-24,09,Pune,39,8.2,17.1
2026-08-24,09,Ahmedabad,92,21.7,50.3
2026-08-24,10,Delhi,157,59.8,106.2
2026-08-24,10,Mumbai,61,17.2,36.2
2026-08-24,10,Bengaluru,30,3.8,6.5
2026-08-24,10,Kolkata,51,9.8,10.2
2026-08-24,10,Chennai,66,14.0,21.4
2026-08-24,10,Hyderabad,51,9.6,14.2
2026-08-24,10,Pune,40,10.2,21.8
2026-08-24,10,Ahmedabad,93,23.9,59.6
2026-08-24,11,Delhi,158,56.8,99.2
2026-08-24,11,Mumbai,61,18.2,37.0
2026-08-24,11,Bengaluru,30,4.5,8.4
2026-08-24,11,Kolkata,51,9.8,10.2
2026-08-24,11,Chennai,66,14.1,21.1
2026-08-24,11,Hyderabad,51,10.4,16.0
2026-08-24,11,Pune,40,11.1,22.8
2026-08-24,11,Ahmedabad,93,25.7,67.8
2026-08-24,12,Delhi,158,56.6,97.1
2026-08-24,12,Mumbai,61,18.9,37.6
2026-08-24,12,Bengaluru,30,5.3,10.8
2026-08-24,12,Kolkata,52,10.6,11.1
2026-08-24,12,Chennai,66,13.2,18.5
2026-08-24,12,Hyderabad,51,11.1,17.3
2026-08-24,12,Pune,41,11.2,22.8
2026-08-24,12,Ahmedabad,93,28.2,76.6
2026-08-24,13,Delhi,159,57.9,98.5
2026-08-24,13,Mumbai,62,18.6,37.8
2026-08-24,13,Bengaluru,30,6.9,12.5
2026-08-24,13,Kolkata,52,12.0,13.3
2026-08-24,13,Chennai,65,12.1,16.2
2026-08-24,13,Hyderabad,51,11.9,18.3
2026-08-24,13,Pune,41,10.4,20.8
2026-08-24,13,Ahmedabad,93,29.0,80.8
2026-08-24,14,Delhi,160,58.2,97.8
2026-08-24,14,Mumbai,62,18.4,38.5
2026-08-24,14,Bengaluru,31,7.7,12.5
2026-08-24,14,Kolkata,52,13.4,15.3
2026-08-24,14,Chennai,65,12.4,16.6
2026-08-24,14,Hyderabad,51,12.3,18.8
2026-08-24,14,Pune,41,10.2,20.4
2026-08-24,14,Ahmedabad,93,31.4,93.4
2026-08-24,15,Delhi,160,57.7,95.9
2026-08-24,15,Mumbai,62,17.6,40.2
2026-08-24,15,Bengaluru,32,7.9,14.2
2026-08-24,15,Kolkata,53,11.3,13.3
2026-08-24,15,Chennai,64,14.6,19.8
2026-08-24,15,Hyderabad,51,12.7,19.3
2026-08-24,15,Pune,42,9.6,19.1
2026-08-24,15,Ahmedabad,93,34.3,107.6
2026-08-24,16,Delhi,161,57.3,93.4
2026-08-24,16,Mumbai,62,17.3,40.0
2026-08-24,16,Bengaluru,32,8.7,15.6
2026-08-24,16,Kolkata,55,9.7,11.6
2026-08-24,16,Chennai,64,16.3,22.5
2026-08-24,16,Hyderabad,51,12.9,19.2
2026-08-24,16,Pune,42,9.1,17.3
2026-08-24,16,Ahmedabad,93,34.7,112.7
2026-08-24,17,Delhi,177,51.3,82.7
2026-08-24,17,Mumbai,62,20.6,54.9
2026-08-24,17,Bengaluru,33,7.5,10.4
2026-08-24,17,Kolkata,54,12.7,14.4
2026-08-24,17,Chennai,64,20.8,28.8
2026-08-24,17,Hyderabad,51,15.8,25.6
2026-08-24,17,Pune,43,11.3,25.2
2026-08-24,17,Ahmedabad,93,43.9,148.5
2026-08-24,18,Delhi,179,52.4,73.1
2026-08-24,18,Mumbai,63,19.7,51.8
2026-08-24,18,Bengaluru,32,8.6,10.7
2026-08-24,18,Kolkata,53,11.5,12.8
2026-08-24,18,Chennai,64,23.9,32.7
2026-08-24,18,Hyderabad,51,17.8,25.9
2026-08-24,18,Pune,43,11.2,22.9
2026-08-24,18,Ahmedabad,93,44.2,130.9
2026-08-24,19,Delhi,174,51.5,70.1
2026-08-24,19,Mumbai,63,18.7,47.6
2026-08-24,19,Bengaluru,32,9.0,10.7
2026-08-24,19,Kolkata,53,10.7,12.1
2026-08-24,19,Chennai,63,21.5,28.5
2026-08-24,19,Hyderabad,51,20.4,28.1
2026-08-24,19,Pune,44,10.8,21.0
2026-08-24,19,Ahmedabad,93,46.8,129.0
2026-08-24,20,Delhi,163,55.8,70.8
2026-08-24,20,Mumbai,64,18.5,46.4
2026-08-24,20,Bengaluru,32,8.0,9.3
2026-08-24,20,Kolkata,53,9.7,11.1
2026-08-24,20,Chennai,63,18.6,23.5
2026-08-24,20,Hyderabad,52,20.3,27.9
2026-08-24,20,Pune,45,11.1,21.0
2026-08-24,20,Ahmedabad,93,46.0,119.0
2026-08-24,21,Delhi,160,63.8,76.6
2026-08-24,21,Mumbai,64,18.9,47.5
2026-08-24,21,Bengaluru,32,6.8,8.2
2026-08-24,21,Kolkata,53,9.3,10.6
2026-08-24,21,Chennai,62,16.8,20.9
2026-08-24,21,Hyderabad,52,19.8,27.6
2026-08-24,21,Pune,45,11.1,21.4
2026-08-24,21,Ahmedabad,92,44.1,110.1
2026-08-24,22,Delhi,158,73.1,83.6
2026-08-24,22,Mumbai,64,19.0,49.1
2026-08-24,22,Bengaluru,32,5.8,6.9
2026-08-24,22,Kolkata,52,9.0,10.3
2026-08-24,22,Chennai,62,16.2,20.2
2026-08-24,22,Hyderabad,53,19.3,27.4
2026-08-24,22,Pune,46,11.5,21.1
2026-08-24,22,Ahmedabad,92,42.6,103.4
2026-08-24,23,Delhi,157,83.6,91.5
2026-08-24,23,Mumbai,65,18.5,48.7
2026-08-24,23,Bengaluru,31,4.8,5.9
2026-08-24,23,Kolkata,52,7.6,8.9
2026-08-24,23,Chennai,61,14.9,18.4
2026-08-24,23,Hyderabad,54,17.8,26.2
2026-08-24,23,Pune,46,10.7,20.1
2026-08-24,23,Ahmedabad,92,40.9,95.9
2026-08-25,00,Delhi,157,89.2,98.0
2026-08-25,00,Mumbai,65,17.5,46.8
2026-08-25,00,Bengaluru,31,3.9,5.1
2026-08-25,00,Kolkata,52,6.8,8.0
2026-08-25,00,Chennai,61,13.8,16.9
2026-08-25,00,Hyderabad,54,16.2,24.3
2026-08-25,00,Pune,47,7.9,15.3
2026-08-25,00,Ahmedabad,91,37.8,86.1
2026-08-25,01,Delhi,157,89.4,99.2
2026-08-25,01,Mumbai,65,16.6,44.9
2026-08-25,01,Bengaluru,30,3.4,4.7
2026-08-25,01,Kolkata,52,6.4,7.7
2026-08-25,01,Chennai,61,13.4,16.6
2026-08-25,01,Hyderabad,55,14.8,22.2
2026-08-25,01,Pune,47,6.2,12.0
2026-08-25,01,Ahmedabad,92,35.0,75.7
2026-08-25,02,Delhi,158,78.9,87.1
2026-08-25,02,Mumbai,65,16.6,44.7
2026-08-25,02,Bengaluru,30,3.0,4.1
2026-08-25,02,Kolkata,52,6.2,7.6
2026-08-25,02,Chennai,62,13.4,16.6
2026-08-25,02,Hyderabad,56,13.2,19.7
2026-08-25,02,Pune,47,5.5,11.1
2026-08-25,02,Ahmedabad,92,30.9,63.8
2026-08-25,03,Delhi,158,66.1,74.3
2026-08-25,03,Mumbai,66,17.2,48.9
2026-08-25,03,Bengaluru,30,2.6,3.4
2026-08-25,03,Kolkata,52,6.1,7.4
2026-08-25,03,Chennai,62,13.7,16.9
2026-08-25,03,Hyderabad,57,12.5,18.4
2026-08-25,03,Pune,47,4.4,8.7
2026-08-25,03,Ahmedabad,93,28.2,58.8
2026-08-25,04,Delhi,157,46.3,52.6
2026-08-25,04,Mumbai,66,17.2,50.5
2026-08-25,04,Bengaluru,30,2.4,2.9
2026-08-25,04,Kolkata,52,6.2,7.5
2026-08-25,04,Chennai,62,14.0,16.8
2026-08-25,04,Hyderabad,57,12.1,17.8
2026-08-25,04,Pune,47,3.5,7.2
2026-08-25,04,Ahmedabad,93,25.4,53.1
2026-08-25,05,Delhi,156,61.5,74.5
2026-08-25,05,Mumbai,66,17.3,51.2
2026-08-25,05,Bengaluru,29,2.4,3.2
2026-08-25,05,Kolkata,51,6.5,8.0
2026-08-25,05,Chennai,62,13.1,16.8
2026-08-25,05,Hyderabad,58,10.0,15.1
2026-08-25,05,Pune,47,3.5,7.5
2026-08-25,05,Ahmedabad,94,25.0,53.6
2026-08-25,06,Delhi,156,64.5,76.8
2026-08-25,06,Mumbai,66,17.6,50.1
2026-08-25,06,Bengaluru,29,2.9,3.6
2026-08-25,06,Kolkata,51,8.0,9.8
2026-08-25,06,Chennai,62,14.1,17.8
2026-08-25,06,Hyderabad,58,10.6,15.7
2026-08-25,06,Pune,47,3.5,6.8
2026-08-25,06,Ahmedabad,94,23.2,50.3
2026-08-25,07,Delhi,156,65.2,79.9
2026-08-25,07,Mumbai,67,18.1,48.1
2026-08-25,07,Bengaluru,29,4.3,5.0
2026-08-25,07,Kolkata,51,8.4,10.4
2026-08-25,07,Chennai,62,15.0,18.3
2026-08-25,07,Hyderabad,59,13.0,22.3
2026-08-25,07,Pune,47,4.1,8.1
2026-08-25,07,Ahmedabad,95,23.2,53.3
2026-08-25,08,Delhi,156,67.1,84.1
2026-08-25,08,Mumbai,67,18.6,46.8
2026-08-25,08,Bengaluru,29,4.1,4.8
2026-08-25,08,Kolkata,51,8.5,10.9
2026-08-25,08,Chennai,62,15.4,19.0
2026-08-25,08,Hyderabad,59,13.0,22.9
2026-08-25,08,Pune,47,5.3,11.6
2026-08-25,08,Ahmedabad,95,23.9,62.6
2026-08-25,09,Delhi,156,62.6,84.8
2026-08-25,09,Mumbai,67,19.2,47.3
2026-08-25,09,Bengaluru,30,5.1,8.8
2026-08-25,09,Kolkata,50,8.1,10.8
2026-08-25,09,Chennai,62,13.5,17.0
2026-08-25,09,Hyderabad,59,14.7,28.1
2026-08-25,09,Pune,47,8.2,19.3
2026-08-25,09,Ahmedabad,95,30.0,87.8
2026-08-25,10,Delhi,156,57.9,84.1
2026-08-25,10,Mumbai,67,20.0,48.2
2026-08-25,10,Bengaluru,30,4.8,8.6
2026-08-25,10,Kolkata,50,8.4,10.8
2026-08-25,10,Chennai,62,13.2,17.7
2026-08-25,10,Hyderabad,60,20.7,44.6
2026-08-25,10,Pune,47,10.3,24.6
2026-08-25,10,Ahmedabad,96,29.9,87.3
2026-08-25,11,Delhi,156,60.5,93.1
2026-08-25,11,Mumbai,68,21.4,50.1
2026-08-25,11,Bengaluru,30,5.6,10.7
2026-08-25,11,Kolkata,50,7.3,9.2
2026-08-25,11,Chennai,62,14.1,19.4
2026-08-25,11,Hyderabad,61,16.4,36.0
2026-08-25,11,Pune,47,11.5,27.6
2026-08-25,11,Ahmedabad,96,30.5,89.9
2026-08-25,12,Delhi,156,62.6,94.1
2026-08-25,12,Mumbai,68,22.9,50.9
2026-08-25,12,Bengaluru,30,4.6,8.6
2026-08-25,12,Kolkata,50,7.1,8.9
2026-08-25,12,Chennai,62,16.5,23.1
2026-08-25,12,Hyderabad,61,17.2,41.4
2026-08-25,12,Pune,47,12.2,28.9
2026-08-25,12,Ahmedabad,97,30.3,92.0
2026-08-25,13,Delhi,156,65.2,95.9
2026-08-25,13,Mumbai,68,22.4,48.5
2026-08-25,13,Bengaluru,30,6.0,12.2
2026-08-25,13,Kolkata,49,7.6,9.7
2026-08-25,13,Chennai,62,17.3,24.9
2026-08-25,13,Hyderabad,62,17.0,42.1
2026-08-25,13,Pune,47,12.6,31.1
2026-08-25,13,Ahmedabad,97,30.7,98.5
2026-08-25,14,Delhi,156,69.4,102.0
2026-08-25,14,Mumbai,68,20.4,43.5
2026-08-25,14,Bengaluru,30,4.8,8.1
2026-08-25,14,Kolkata,48,8.1,10.2
2026-08-25,14,Chennai,63,16.4,24.1
2026-08-25,14,Hyderabad,62,17.3,44.7
2026-08-25,14,Pune,48,12.3,29.8
2026-08-25,14,Ahmedabad,97,30.5,103.6
2026-08-25,15,Delhi,162,71.0,103.6
2026-08-25,15,Mumbai,69,19.7,41.4
2026-08-25,15,Bengaluru,29,4.7,7.8
2026-08-25,15,Kolkata,47,8.6,10.2
2026-08-25,15,Chennai,63,17.2,25.9
2026-08-25,15,Hyderabad,63,17.4,45.1
2026-08-25,15,Pune,48,11.2,25.7
2026-08-25,15,Ahmedabad,97,30.6,104.5
2026-08-25,16,Delhi,197,72.2,105.9
2026-08-25,16,Mumbai,69,19.2,40.9
2026-08-25,16,Bengaluru,29,5.0,8.0
2026-08-25,16,Kolkata,46,9.1,10.5
2026-08-25,16,Chennai,63,17.5,26.0
2026-08-25,16,Hyderabad,63,17.2,41.7
2026-08-25,16,Pune,48,11.0,24.7
2026-08-25,16,Ahmedabad,97,31.1,106.2
2026-08-25,17,Delhi,211,50.8,60.8
2026-08-25,17,Mumbai,69,23.3,60.8
2026-08-25,17,Bengaluru,28,6.1,10.0
2026-08-25,17,Kolkata,46,13.6,15.5
2026-08-25,17,Chennai,63,23.2,32.4
2026-08-25,17,Hyderabad,63,19.6,40.9
2026-08-25,17,Pune,49,21.3,50.8
2026-08-25,17,Ahmedabad,96,36.7,120.6
2026-08-25,18,Delhi,215,52.4,60.1
2026-08-25,18,Mumbai,69,22.6,61.5
2026-08-25,18,Bengaluru,27,6.9,9.9
2026-08-25,18,Kolkata,46,15.9,17.9
2026-08-25,18,Chennai,63,23.4,30.2
2026-08-25,18,Hyderabad,64,19.8,34.8
2026-08-25,18,Pune,50,18.6,41.9
2026-08-25,18,Ahmedabad,96,38.2,103.1
2026-08-25,19,Delhi,213,57.4,63.3
2026-08-25,19,Mumbai,69,22.2,61.2
2026-08-25,19,Bengaluru,27,7.2,9.3
2026-08-25,19,Kolkata,47,18.2,20.2
2026-08-25,19,Chennai,63,23.3,29.0
2026-08-25,19,Hyderabad,64,20.5,33.8
2026-08-25,19,Pune,51,17.0,36.0
2026-08-25,19,Ahmedabad,95,41.7,103.8
2026-08-25,20,Delhi,206,67.3,71.9
2026-08-25,20,Mumbai,70,22.2,62.2
2026-08-25,20,Bengaluru,27,6.4,7.8
2026-08-25,20,Kolkata,49,20.0,22.0
2026-08-25,20,Chennai,64,23.1,28.5
2026-08-25,20,Hyderabad,64,21.2,34.5
2026-08-25,20,Pune,51,15.8,32.6
2026-08-25,20,Ahmedabad,95,43.1,100.6
2026-08-25,21,Delhi,189,78.0,81.5
2026-08-25,21,Mumbai,70,22.1,61.9
2026-08-25,21,Bengaluru,26,5.4,6.3
2026-08-25,21,Kolkata,50,21.1,23.2
2026-08-25,21,Chennai,64,22.7,28.1
2026-08-25,21,Hyderabad,64,22.1,36.1
2026-08-25,21,Pune,52,15.2,30.5
2026-08-25,21,Ahmedabad,95,43.0,95.9
2026-08-25,22,Delhi,158,88.0,91.3
2026-08-25,22,Mumbai,70,21.6,59.4
2026-08-25,22,Bengaluru,26,4.9,5.5
2026-08-25,22,Kolkata,51,21.1,23.3
2026-08-25,22,Chennai,64,22.1,28.4
2026-08-25,22,Hyderabad,64,22.6,37.5
2026-08-25,22,Pune,52,14.9,30.4
2026-08-25,22,Ahmedabad,95,41.3,87.5
2026-08-25,23,Delhi,159,97.3,100.4
2026-08-25,23,Mumbai,70,20.8,56.1
2026-08-25,23,Bengaluru,26,4.4,5.0
2026-08-25,23,Kolkata,52,19.4,21.7
2026-08-25,23,Chennai,65,21.9,28.4
2026-08-25,23,Hyderabad,64,22.2,36.9
2026-08-25,23,Pune,52,14.4,27.9
2026-08-25,23,Ahmedabad,94,38.0,77.3
2026-08-26,00,Delhi,159,103.6,106.4
2026-08-26,00,Mumbai,70,20.5,54.7
2026-08-26,00,Bengaluru,26,3.7,4.5
2026-08-26,00,Kolkata,53,18.5,20.8
2026-08-26,00,Chennai,65,22.0,29.2
2026-08-26,00,Hyderabad,65,20.6,34.1
2026-08-26,00,Pune,53,12.7,24.9
2026-08-26,00,Ahmedabad,94,33.4,66.4
2026-08-26,01,Delhi,160,109.4,112.0
2026-08-26,01,Mumbai,71,20.6,56.9
2026-08-26,01,Bengaluru,26,3.2,3.9
2026-08-26,01,Kolkata,54,18.3,20.7
2026-08-26,01,Chennai,66,22.5,30.2
2026-08-26,01,Hyderabad,65,17.6,28.7
2026-08-26,01,Pune,53,10.6,22.7
2026-08-26,01,Ahmedabad,94,28.9,57.3
2026-08-26,02,Delhi,160,115.3,117.8
2026-08-26,02,Mumbai,71,20.6,58.7
2026-08-26,02,Bengaluru,26,2.8,3.7
2026-08-26,02,Kolkata,55,18.5,21.0
2026-08-26,02,Chennai,67,22.3,29.9
2026-08-26,02,Hyderabad,65,14.6,23.5
2026-08-26,02,Pune,53,8.7,17.1
2026-08-26,02,Ahmedabad,93,24.8,51.2
2026-08-26,03,Delhi,161,120.1,122.5
2026-08-26,03,Mumbai,71,19.4,53.2
2026-08-26,03,Bengaluru,26,2.7,4.1
2026-08-26,03,Kolkata,56,17.8,20.3
2026-08-26,03,Chennai,67,20.9,26.6
2026-08-26,03,Hyderabad,65,12.5,20.5
2026-08-26,03,Pune,54,6.9,14.8
2026-08-26,03,Ahmedabad,93,21.9,47.0
2026-08-26,04,Delhi,163,125.3,128.5
2026-08-26,04,Mumbai,72,18.6,49.7
2026-08-26,04,Bengaluru,26,3.2,5.7
2026-08-26,04,Kolkata,57,17.5,19.9
2026-08-26,04,Chennai,68,18.9,22.7
2026-08-26,04,Hyderabad,65,11.4,18.7
2026-08-26,04,Pune,54,6.2,13.1
2026-08-26,04,Ahmedabad,92,20.6,44.4
2026-08-26,05,Delhi,165,95.9,97.1
2026-08-26,05,Mumbai,72,18.2,51.3
2026-08-26,05,Bengaluru,26,3.3,5.4
2026-08-26,05,Kolkata,58,20.6,24.2
2026-08-26,05,Chennai,68,18.5,23.1
2026-08-26,05,Hyderabad,65,12.5,21.8
2026-08-26,05,Pune,54,4.4,9.6
2026-08-26,05,Ahmedabad,92,21.4,49.9
2026-08-26,06,Delhi,166,105.2,106.4
2026-08-26,06,Mumbai,72,19.0,53.9
2026-08-26,06,Bengaluru,26,4.7,8.3
2026-08-26,06,Kolkata,59,18.7,21.1
2026-08-26,06,Chennai,69,15.1,17.8
2026-08-26,06,Hyderabad,65,13.2,21.8
2026-08-26,06,Pune,54,4.1,8.7
2026-08-26,06,Ahmedabad,92,21.8,51.1
2026-08-26,07,Delhi,167,98.5,100.1
2026-08-26,07,Mumbai,72,18.8,52.0
2026-08-26,07,Bengaluru,26,6.4,13.9
2026-08-26,07,Kolkata,60,19.8,22.6
2026-08-26,07,Chennai,69,12.7,14.3
2026-08-26,07,Hyderabad,66,14.2,23.0
2026-08-26,07,Pune,54,4.4,8.8
2026-08-26,07,Ahmedabad,92,22.9,54.1
2026-08-26,08,Delhi,168,82.9,86.6
2026-08-26,08,Mumbai,72,19.9,53.3
2026-08-26,08,Bengaluru,27,8.7,20.7
2026-08-26,08,Kolkata,61,20.3,23.2
2026-08-26,08,Chennai,69,11.1,12.7
2026-08-26,08,Hyderabad,66,14.8,26.2
2026-08-26,08,Pune,54,5.2,10.0
2026-08-26,08,Ahmedabad,92,24.3,65.9
2026-08-26,09,Delhi,169,66.1,72.6
2026-08-26,09,Mumbai,72,21.1,54.8
2026-08-26,09,Bengaluru,28,8.9,19.8
2026-08-26,09,Kolkata,62,19.8,22.1
2026-08-26,09,Chennai,68,9.8,12.4
2026-08-26,09,Hyderabad,66,15.4,30.3
2026-08-26,09,Pune,54,7.6,16.8
2026-08-26,09,Ahmedabad,92,26.7,78.7
2026-08-26,10,Delhi,169,62.9,72.2
2026-08-26,10,Mumbai,72,21.9,55.3
2026-08-26,10,Bengaluru,29,12.0,29.9
2026-08-26,10,Kolkata,63,18.8,20.4
2026-08-26,10,Chennai,68,10.1,14.1
2026-08-26,10,Hyderabad,66,15.7,32.1
2026-08-26,10,Pune,54,10.4,23.6
2026-08-26,10,Ahmedabad,91,29.5,93.6
2026-08-26,11,Delhi,169,65.9,77.8
2026-08-26,11,Mumbai,72,22.2,55.3
2026-08-26,11,Bengaluru,30,8.8,19.2
2026-08-26,11,Kolkata,63,17.8,19.0
2026-08-26,11,Chennai,68,10.9,15.4
2026-08-26,11,Hyderabad,65,15.9,33.6
2026-08-26,11,Pune,54,13.5,32.7
2026-08-26,11,Ahmedabad,91,33.4,116.2
2026-08-26,12,Delhi,169,71.5,85.9
2026-08-26,12,Mumbai,72,22.1,54.4
2026-08-26,12,Bengaluru,31,8.0,16.8
2026-08-26,12,Kolkata,64,17.1,18.3
2026-08-26,12,Chennai,68,12.3,17.3
2026-08-26,12,Hyderabad,65,16.8,36.6
2026-08-26,12,Pune,54,15.4,38.5
2026-08-26,12,Ahmedabad,92,36.4,133.6
2026-08-26,13,Delhi,170,77.3,93.6
2026-08-26,13,Mumbai,72,21.9,52.7
2026-08-26,13,Bengaluru,32,7.1,13.8
2026-08-26,13,Kolkata,65,17.0,18.2
2026-08-26,13,Chennai,67,14.6,22.2
2026-08-26,13,Hyderabad,65,16.6,36.0
2026-08-26,13,Pune,55,14.9,36.0
2026-08-26,13,Ahmedabad,92,38.4,143.0
2026-08-26,14,Delhi,179,78.5,96.2
2026-08-26,14,Mumbai,72,20.8,50.4
2026-08-26,14,Bengaluru,32,8.6,20.4
2026-08-26,14,Kolkata,73,16.7,17.9
2026-08-26,14,Chennai,67,17.4,28.1
2026-08-26,14,Hyderabad,65,16.2,34.3
2026-08-26,14,Pune,55,15.4,36.7
2026-08-26,14,Ahmedabad,93,41.1,155.1
2026-08-26,15,Delhi,208,78.9,97.3
2026-08-26,15,Mumbai,72,19.3,46.8
2026-08-26,15,Bengaluru,33,7.7,15.9
2026-08-26,15,Kolkata,85,15.9,17.0
2026-08-26,15,Chennai,67,19.0,32.1
2026-08-26,15,Hyderabad,65,16.8,34.6
2026-08-26,15,Pune,55,16.1,37.7
2026-08-26,15,Ahmedabad,93,42.8,164.8
2026-08-26,16,Delhi,222,78.7,102.7
2026-08-26,16,Mumbai,72,17.9,43.9
2026-08-26,16,Bengaluru,34,8.4,13.3
2026-08-26,16,Kolkata,91,14.3,15.1
2026-08-26,16,Chennai,67,19.5,33.2
2026-08-26,16,Hyderabad,65,16.6,32.8
2026-08-26,16,Pune,55,15.8,35.7
2026-08-26,16,Ahmedabad,94,42.4,156.9
2026-08-26,17,Delhi,232,90.8,134.1
2026-08-26,17,Mumbai,72,16.6,43.7
2026-08-26,17,Bengaluru,35,17.3,33.8
2026-08-26,17,Kolkata,90,21.9,22.9
2026-08-26,17,Chennai,67,21.5,36.9
2026-08-26,17,Hyderabad,65,16.5,31.4
2026-08-26,17,Pune,56,17.6,41.3
2026-08-26,17,Ahmedabad,95,48.4,157.4
2026-08-26,18,Delhi,233,94.8,118.0
2026-08-26,18,Mumbai,72,16.2,43.3
2026-08-26,18,Bengaluru,37,16.3,26.9
2026-08-26,18,Kolkata,83,26.8,27.6
2026-08-26,18,Chennai,67,21.2,33.2
2026-08-26,18,Hyderabad,65,18.5,31.8
2026-08-26,18,Pune,55,16.4,36.2
2026-08-26,18,Ahmedabad,96,47.3,132.2
2026-08-26,19,Delhi,228,111.1,129.5
2026-08-26,19,Mumbai,71,16.3,43.9
2026-08-26,19,Bengaluru,39,15.3,23.7
2026-08-26,19,Kolkata,72,29.7,30.4
2026-08-26,19,Chennai,67,19.2,28.2
2026-08-26,19,Hyderabad,65,21.7,34.5
2026-08-26,19,Pune,55,15.5,30.7
2026-08-26,19,Ahmedabad,97,46.9,117.8
2026-08-26,20,Delhi,217,119.0,135.5
2026-08-26,20,Mumbai,71,16.3,44.5
2026-08-26,20,Bengaluru,41,14.2,21.4
2026-08-26,20,Kolkata,70,34.5,35.4
2026-08-26,20,Chennai,67,17.6,24.5
2026-08-26,20,Hyderabad,65,24.9,38.4
2026-08-26,20,Pune,55,13.8,25.5
2026-08-26,20,Ahmedabad,97,44.6,102.9
2026-08-26,21,Delhi,201,117.1,147.1
2026-08-26,21,Mumbai,70,16.6,45.2
2026-08-26,21,Bengaluru,43,12.9,19.6
2026-08-26,21,Kolkata,71,38.6,39.8
2026-08-26,21,Chennai,66,15.7,21.1
2026-08-26,21,Hyderabad,65,27.2,41.8
2026-08-26,21,Pune,55,11.2,19.2
2026-08-26,21,Ahmedabad,98,40.5,86.8
2026-08-26,22,Delhi,177,112.5,176.0
2026-08-26,22,Mumbai,70,16.4,45.1
2026-08-26,22,Bengaluru,45,10.8,16.5
2026-08-26,22,Kolkata,72,39.0,40.5
2026-08-26,22,Chennai,66,15.8,21.5
2026-08-26,22,Hyderabad,66,28.9,46.1
2026-08-26,22,Pune,55,9.0,14.1
2026-08-26,22,Ahmedabad,97,36.8,74.5
2026-08-26,23,Delhi,178,106.2,185.3
2026-08-26,23,Mumbai,69,16.8,47.1
2026-08-26,23,Bengaluru,46,8.6,13.2
2026-08-26,23,Kolkata,74,36.6,38.2
2026-08-26,23,Chennai,65,17.8,25.1
2026-08-26,23,Hyderabad,66,28.1,45.6
2026-08-26,23,Pune,54,7.0,10.9
2026-08-26,23,Ahmedabad,97,33.4,65.7
2026-08-27,00,Delhi,178,98.7,176.5
2026-08-27,00,Mumbai,69,16.1,44.2
2026-08-27,00,Bengaluru,47,6.9,11.1
2026-08-27,00,Kolkata,75,34.8,36.6
2026-08-27,00,Chennai,65,20.1,29.4
2026-08-27,00,Hyderabad,67,25.4,42.6
2026-08-27,00,Pune,54,5.1,9.2
2026-08-27,00,Ahmedabad,97,29.7,57.7
2026-08-27,01,Delhi,178,91.7,156.9
2026-08-27,01,Mumbai,69,14.8,38.5
2026-08-27,01,Bengaluru,48,5.1,8.4
2026-08-27,01,Kolkata,76,35.9,37.7
2026-08-27,01,Chennai,65,21.9,33.1
2026-08-27,01,Hyderabad,67,24.0,42.5
2026-08-27,01,Pune,53,4.2,9.5
2026-08-27,01,Ahmedabad,96,26.3,52.2
2026-08-27,02,Delhi,178,85.0,147.1
2026-08-27,02,Mumbai,68,14.7,38.9
2026-08-27,02,Bengaluru,48,4.3,7.2
2026-08-27,02,Kolkata,78,35.3,37.3
2026-08-27,02,Chennai,65,22.2,34.1
2026-08-27,02,Hyderabad,67,23.1,40.5
2026-08-27,02,Pune,53,3.8,8.8
2026-08-27,02,Ahmedabad,96,22.9,47.4
2026-08-27,03,Delhi,177,82.2,140.6
2026-08-27,03,Mumbai,68,14.8,39.3
2026-08-27,03,Bengaluru,49,3.8,6.5
2026-08-27,03,Kolkata,79,33.5,35.6
2026-08-27,03,Chennai,65,21.5,32.6
2026-08-27,03,Hyderabad,68,19.7,31.8
2026-08-27,03,Pune,52,3.2,6.9
2026-08-27,03,Ahmedabad,96,18.8,39.9
2026-08-27,04,Delhi,176,81.0,122.5
2026-08-27,04,Mumbai,67,14.4,38.0
2026-08-27,04,Bengaluru,49,3.4,5.8
2026-08-27,04,Kolkata,80,31.9,33.4
2026-08-27,04,Chennai,65,20.3,29.4
2026-08-27,04,Hyderabad,69,16.3,23.9
2026-08-27,04,Pune,52,2.6,4.9
2026-08-27,04,Ahmedabad,96,16.1,34.2
2026-08-27,05,Delhi,174,72.4,98.7
2026-08-27,05,Mumbai,67,13.5,32.4
2026-08-27,05,Bengaluru,49,2.8,4.9
2026-08-27,05,Kolkata,81,30.5,31.0
2026-08-27,05,Chennai,65,17.5,23.7
2026-08-27,05,Hyderabad,69,10.2,14.8
2026-08-27,05,Pune,52,3.7,8.5
2026-08-27,05,Ahmedabad,95,15.8,35.3
2026-08-27,06,Delhi,174,77.3,96.2
2026-08-27,06,Mumbai,67,14.0,33.6
2026-08-27,06,Bengaluru,49,3.9,6.7
2026-08-27,06,Kolkata,82,32.7,33.2
2026-08-27,06,Chennai,65,15.9,21.5
2026-08-27,06,Hyderabad,69,9.3,13.7
2026-08-27,06,Pune,52,3.8,7.5
2026-08-27,06,Ahmedabad,95,15.1,33.9
2026-08-27,07,Delhi,173,74.7,103.8
2026-08-27,07,Mumbai,66,15.7,36.0
2026-08-27,07,Bengaluru,49,5.1,10.5
2026-08-27,07,Kolkata,83,31.4,32.0
2026-08-27,07,Chennai,65,13.7,22.2
2026-08-27,07,Hyderabad,69,9.3,13.7
2026-08-27,07,Pune,52,4.0,8.5
2026-08-27,07,Ahmedabad,94,15.7,36.8
2026-08-27,08,Delhi,172,69.2,94.3
2026-08-27,08,Mumbai,66,16.5,37.3
2026-08-27,08,Bengaluru,48,6.8,16.8
2026-08-27,08,Kolkata,84,32.4,33.1
2026-08-27,08,Chennai,65,12.0,24.3
2026-08-27,08,Hyderabad,68,9.1,16.0
2026-08-27,08,Pune,52,6.9,16.9
2026-08-27,08,Ahmedabad,94,16.6,44.7
2026-08-27,09,Delhi,172,61.9,86.1
2026-08-27,09,Mumbai,66,18.2,43.4
2026-08-27,09,Bengaluru,48,8.3,20.0
2026-08-27,09,Kolkata,85,33.4,34.3
2026-08-27,09,Chennai,65,12.7,26.0
2026-08-27,09,Hyderabad,68,10.5,23.1
2026-08-27,09,Pune,52,10.2,26.1
2026-08-27,09,Ahmedabad,93,18.4,53.4
2026-08-27,10,Delhi,172,60.1,85.2
2026-08-27,10,Mumbai,66,18.5,44.5
2026-08-27,10,Bengaluru,48,9.1,23.1
2026-08-27,10,Kolkata,86,34.2,35.2
2026-08-27,10,Chennai,65,15.0,29.7
2026-08-27,10,Hyderabad,67,12.6,30.4
2026-08-27,10,Pune,52,11.1,27.0
2026-08-27,10,Ahmedabad,93,20.8,63.6
2026-08-27,11,Delhi,172,61.2,85.9
2026-08-27,11,Mumbai,65,18.3,40.6
2026-08-27,11,Bengaluru,47,10.5,27.8
2026-08-27,11,Kolkata,87,32.7,33.8
2026-08-27,11,Chennai,66,17.0,33.6
2026-08-27,11,Hyderabad,67,16.2,42.8
2026-08-27,11,Pune,52,11.4,28.5
2026-08-27,11,Ahmedabad,92,24.0,76.6
2026-08-27,12,Delhi,171,60.5,84.3
2026-08-27,12,Mumbai,65,17.8,36.6
2026-08-27,12,Bengaluru,48,12.3,32.0
2026-08-27,12,Kolkata,89,31.7,32.7
2026-08-27,12,Chennai,66,18.2,36.2
2026-08-27,12,Hyderabad,67,15.7,39.7
2026-08-27,12,Pune,52,11.6,28.2
2026-08-27,12,Ahmedabad,91,26.5,86.1
2026-08-27,13,Delhi,171,64.0,88.2
2026-08-27,13,Mumbai,65,17.6,35.0
2026-08-27,13,Bengaluru,48,12.1,30.6
2026-08-27,13,Kolkata,90,29.5,30.5
2026-08-27,13,Chennai,67,21.0,40.5
2026-08-27,13,Hyderabad,67,15.5,38.3
2026-08-27,13,Pune,51,10.7,24.3
2026-08-27,13,Ahmedabad,90,28.3,91.3
2026-08-27,14,Delhi,171,65.7,97.6
2026-08-27,14,Mumbai,64,17.3,35.7
2026-08-27,14,Bengaluru,50,11.1,26.9
2026-08-27,14,Kolkata,108,28.4,29.5
2026-08-27,14,Chennai,67,23.3,43.3
2026-08-27,14,Hyderabad,67,14.8,35.5
2026-08-27,14,Pune,51,9.1,18.9
2026-08-27,14,Ahmedabad,90,29.0,92.9
2026-08-27,15,Delhi,170,66.4,94.3
2026-08-27,15,Mumbai,64,16.2,35.3
2026-08-27,15,Bengaluru,50,9.9,22.8
2026-08-27,15,Kolkata,129,27.5,28.8
2026-08-27,15,Chennai,68,22.8,43.0
2026-08-27,15,Hyderabad,67,12.7,28.6
2026-08-27,15,Pune,51,8.7,18.5
2026-08-27,15,Ahmedabad,89,29.3,90.8
2026-08-27,16,Delhi,170,63.1,87.8
2026-08-27,16,Mumbai,64,15.4,34.6
2026-08-27,16,Bengaluru,50,9.3,18.8
2026-08-27,16,Kolkata,139,26.3,27.5
2026-08-27,16,Chennai,68,22.2,41.7
2026-08-27,16,Hyderabad,67,12.0,25.1
2026-08-27,16,Pune,50,8.7,19.6
2026-08-27,16,Ahmedabad,88,29.4,87.1
2026-08-27,17,Delhi,192,60.8,79.6
2026-08-27,17,Mumbai,64,14.4,32.6
2026-08-27,17,Bengaluru,50,9.6,17.5
2026-08-27,17,Kolkata,138,29.1,30.5
2026-08-27,17,Chennai,68,22.8,38.1
2026-08-27,17,Hyderabad,66,13.1,24.3
2026-08-27,17,Pune,48,8.1,17.7
2026-08-27,17,Ahmedabad,87,29.3,76.6
2026-08-27,18,Delhi,204,70.8,84.5
2026-08-27,18,Mumbai,63,13.7,30.6
2026-08-27,18,Bengaluru,49,11.5,18.2
2026-08-27,18,Kolkata,127,33.4,35.3
2026-08-27,18,Chennai,69,24.2,38.3
2026-08-27,18,Hyderabad,66,14.4,24.0
2026-08-27,18,Pune,46,8.2,16.0
2026-08-27,18,Ahmedabad,85,31.2,70.1
2026-08-27,19,Delhi,205,86.6,98.7
2026-08-27,19,Mumbai,63,13.1,28.6
2026-08-27,19,Bengaluru,48,11.2,17.3
2026-08-27,19,Kolkata,112,34.2,36.7
2026-08-27,19,Chennai,72,25.0,37.3
2026-08-27,19,Hyderabad,66,15.8,24.5
2026-08-27,19,Pune,44,8.9,15.2
2026-08-27,19,Ahmedabad,84,33.4,67.8
2026-08-27,20,Delhi,200,95.9,110.1
2026-08-27,20,Mumbai,63,12.1,24.7
2026-08-27,20,Bengaluru,47,10.0,15.2
2026-08-27,20,Kolkata,95,35.5,38.2
2026-08-27,20,Chennai,70,24.0,33.6
2026-08-27,20,Hyderabad,65,17.1,25.4
2026-08-27,20,Pune,43,9.9,15.0
2026-08-27,20,Ahmedabad,83,34.2,65.0
2026-08-27,21,Delhi,178,97.6,111.5
2026-08-27,21,Mumbai,63,11.3,24.6
2026-08-27,21,Bengaluru,46,9.0,13.4
2026-08-27,21,Kolkata,95,36.1,38.8
2026-08-27,21,Chennai,69,20.7,28.8
2026-08-27,21,Hyderabad,65,17.8,26.1
2026-08-27,21,Pune,42,8.9,13.0
2026-08-27,21,Ahmedabad,82,33.9,61.9
2026-08-27,22,Delhi,166,102.2,111.5
2026-08-27,22,Mumbai,62,10.9,24.2
2026-08-27,22,Bengaluru,45,7.9,12.0
2026-08-27,22,Kolkata,95,36.3,38.6
2026-08-27,22,Chennai,70,18.4,26.1
2026-08-27,22,Hyderabad,64,18.0,26.5
2026-08-27,22,Pune,41,7.2,10.3
2026-08-27,22,Ahmedabad,81,32.2,56.8
2026-08-27,23,Delhi,166,106.4,115.3
2026-08-27,23,Mumbai,62,10.5,23.8
2026-08-27,23,Bengaluru,45,7.0,10.8
2026-08-27,23,Kolkata,95,36.8,38.9
2026-08-27,23,Chennai,70,17.2,25.1
2026-08-27,23,Hyderabad,63,16.7,25.0
2026-08-27,23,Pune,41,6.0,8.2
2026-08-27,23,Ahmedabad,81,28.9,50.5
2026-08-28,00,Delhi,166,108.7,119.7
2026-08-28,00,Mumbai,61,10.8,26.3
2026-08-28,00,Bengaluru,44,6.1,9.9
2026-08-28,00,Kolkata,95,37.1,39.2
2026-08-28,00,Chennai,70,16.2,23.9
2026-08-28,00,Hyderabad,62,13.6,20.3
2026-08-28,00,Pune,41,4.8,6.5
2026-08-28,00,Ahmedabad,81,24.5,44.7
2026-08-28,01,Delhi,166,112.7,126.2
2026-08-28,01,Mumbai,61,10.4,24.7
2026-08-28,01,Bengaluru,44,5.6,9.5
2026-08-28,01,Kolkata,95,38.8,41.0
2026-08-28,01,Chennai,70,16.1,23.6
2026-08-28,01,Hyderabad,61,10.2,15.0
2026-08-28,01,Pune,41,3.2,4.5
2026-08-28,01,Ahmedabad,80,20.7,39.5
2026-08-28,02,Delhi,167,114.8,132.7
2026-08-28,02,Mumbai,61,9.7,21.6
2026-08-28,02,Bengaluru,44,5.3,9.3
2026-08-28,02,Kolkata,95,41.2,43.7
2026-08-28,02,Chennai,69,16.6,24.4
2026-08-28,02,Hyderabad,60,8.0,11.8
2026-08-28,02,Pune,40,2.5,3.3
2026-08-28,02,Ahmedabad,80,16.9,32.5
2026-08-28,03,Delhi,167,114.6,140.2
2026-08-28,03,Mumbai,60,10.1,24.3
2026-08-28,03,Bengaluru,44,5.0,8.9
2026-08-28,03,Kolkata,95,45.8,48.1
2026-08-28,03,Chennai,69,17.8,26.0
2026-08-28,03,Hyderabad,59,7.0,10.1
2026-08-28,03,Pune,40,2.2,2.7
2026-08-28,03,Ahmedabad,79,13.7,25.7
2026-08-28,04,Delhi,168,112.7,149.9
2026-08-28,04,Mumbai,60,9.7,23.5
2026-08-28,04,Bengaluru,45,4.7,8.3
2026-08-28,04,Kolkata,96,45.9,48.0
2026-08-28,04,Chennai,68,18.9,27.4
2026-08-28,04,Hyderabad,58,6.1,8.7
2026-08-28,04,Pune,40,1.8,2.1
2026-08-28,04,Ahmedabad,79,12.1,22.2
2026-08-28,05,Delhi,169,54.6,116.6
2026-08-28,05,Mumbai,59,12.7,30.7
2026-08-28,05,Bengaluru,45,5.0,8.7
2026-08-28,05,Kolkata,98,72.4,74.3
2026-08-28,05,Chennai,68,15.1,20.6
2026-08-28,05,Hyderabad,57,6.1,8.1
2026-08-28,05,Pune,40,3.3,6.6
2026-08-28,05,Ahmedabad,79,14.3,30.2
2026-08-28,06,Delhi,169,51.3,109.9
2026-08-28,06,Mumbai,59,12.6,31.5
2026-08-28,06,Bengaluru,45,5.1,8.2
2026-08-28,06,Kolkata,101,74.3,76.1
2026-08-28,06,Chennai,68,13.6,19.2
2026-08-28,06,Hyderabad,57,5.8,7.7
2026-08-28,06,Pune,40,3.3,7.3
2026-08-28,06,Ahmedabad,78,13.8,28.5
2026-08-28,07,Delhi,168,51.9,105.9
2026-08-28,07,Mumbai,59,13.0,30.2
2026-08-28,07,Bengaluru,46,5.2,9.5
2026-08-28,07,Kolkata,105,71.5,73.1
2026-08-28,07,Chennai,68,13.3,19.8
2026-08-28,07,Hyderabad,56,6.4,8.6
2026-08-28,07,Pune,40,4.3,8.9
2026-08-28,07,Ahmedabad,78,14.2,29.6
2026-08-28,08,Delhi,167,53.9,136.0
2026-08-28,08,Mumbai,59,12.1,25.5
2026-08-28,08,Bengaluru,46,6.4,13.7
2026-08-28,08,Kolkata,110,71.9,73.6
2026-08-28,08,Chennai,68,12.8,21.1
2026-08-28,08,Hyderabad,56,6.9,11.9
2026-08-28,08,Pune,40,6.5,16.2
2026-08-28,08,Ahmedabad,78,15.9,39.6
2026-08-28,09,Delhi,167,66.1,246.8
2026-08-28,09,Mumbai,59,11.4,24.5
2026-08-28,09,Bengaluru,46,7.1,15.9
2026-08-28,09,Kolkata,114,65.9,67.5
2026-08-28,09,Chennai,68,13.1,22.8
2026-08-28,09,Hyderabad,56,8.8,17.6
2026-08-28,09,Pune,39,8.6,21.4
2026-08-28,09,Ahmedabad,78,18.5,47.5
2026-08-28,10,Delhi,167,79.6,330.6
2026-08-28,10,Mumbai,58,13.1,27.4
2026-08-28,10,Bengaluru,45,7.8,18.3
2026-08-28,10,Kolkata,117,64.3,65.7
2026-08-28,10,Chennai,68,14.7,25.6
2026-08-28,10,Hyderabad,56,10.1,21.3
2026-08-28,10,Pune,39,8.8,20.9
2026-08-28,10,Ahmedabad,78,22.1,58.9
2026-08-28,11,Delhi,168,93.1,408.9
2026-08-28,11,Mumbai,58,13.3,26.8
2026-08-28,11,Bengaluru,45,9.2,23.9
2026-08-28,11,Kolkata,120,66.6,68.0
2026-08-28,11,Chennai,68,15.8,26.8
2026-08-28,11,Hyderabad,56,11.0,23.6
2026-08-28,11,Pune,39,6.5,13.7
2026-08-28,11,Ahmedabad,78,24.7,68.0
2026-08-28,12,Delhi,169,104.5,489.9
2026-08-28,12,Mumbai,57,12.9,24.3
2026-08-28,12,Bengaluru,45,9.3,25.0
2026-08-28,12,Kolkata,124,65.4,66.8
2026-08-28,12,Chennai,68,18.3,32.9
2026-08-28,12,Hyderabad,55,11.6,25.6
2026-08-28,12,Pune,37,4.1,8.2
2026-08-28,12,Ahmedabad,78,25.9,72.2
2026-08-28,13,Delhi,170,108.5,514.1
2026-08-28,13,Mumbai,57,12.0,22.1
2026-08-28,13,Bengaluru,44,9.8,26.1
2026-08-28,13,Kolkata,127,62.9,64.0
2026-08-28,13,Chennai,68,20.7,36.1
2026-08-28,13,Hyderabad,55,12.6,28.5
2026-08-28,13,Pune,36,4.2,8.1
2026-08-28,13,Ahmedabad,78,25.6,70.5
2026-08-28,14,Delhi,171,119.0,609.1
2026-08-28,14,Mumbai,57,12.8,25.5
2026-08-28,14,Bengaluru,44,9.5,24.8
2026-08-28,14,Kolkata,138,53.6,54.7
2026-08-28,14,Chennai,68,21.0,36.6
2026-08-28,14,Hyderabad,55,13.6,31.0
2026-08-28,14,Pune,34,4.6,9.3
2026-08-28,14,Ahmedabad,78,25.1,70.3
2026-08-28,15,Delhi,173,126.2,666.8
2026-08-28,15,Mumbai,56,12.7,21.7
2026-08-28,15,Bengaluru,43,9.0,22.4
2026-08-28,15,Kolkata,157,47.4,48.2
2026-08-28,15,Chennai,68,20.1,35.9
2026-08-28,15,Hyderabad,55,14.3,32.5
2026-08-28,15,Pune,33,4.6,10.2
2026-08-28,15,Ahmedabad,78,24.4,67.8
2026-08-28,16,Delhi,175,130.4,687.3
2026-08-28,16,Mumbai,56,11.4,21.0
2026-08-28,16,Bengaluru,43,9.1,19.0
2026-08-28,16,Kolkata,164,41.7,42.4
2026-08-28,16,Chennai,68,18.9,34.2
2026-08-28,16,Hyderabad,55,15.4,34.0
2026-08-28,16,Pune,32,5.0,10.6
2026-08-28,16,Ahmedabad,77,23.5,63.8
2026-08-28,17,Delhi,177,118.5,577.4
2026-08-28,17,Mumbai,56,12.0,22.0
2026-08-28,17,Bengaluru,43,11.9,23.2
2026-08-28,17,Kolkata,163,49.5,50.4
2026-08-28,17,Chennai,67,22.9,44.7
2026-08-28,17,Hyderabad,55,18.9,39.6
2026-08-28,17,Pune,31,4.8,8.5
2026-08-28,17,Ahmedabad,77,23.2,57.0
2026-08-28,18,Delhi,178,124.8,517.8
2026-08-28,18,Mumbai,55,13.1,23.5
2026-08-28,18,Bengaluru,43,11.6,21.2
2026-08-28,18,Kolkata,159,42.3,43.0
2026-08-28,18,Chennai,68,23.5,40.2
2026-08-28,18,Hyderabad,56,20.1,37.1
2026-08-28,18,Pune,31,5.8,10.6
2026-08-28,18,Ahmedabad,76,23.9,50.1
2026-08-28,19,Delhi,180,141.6,564.4
2026-08-28,19,Mumbai,55,12.7,23.2
2026-08-28,19,Bengaluru,43,12.1,19.0
2026-08-28,19,Kolkata,146,39.7,40.3
2026-08-28,19,Chennai,71,25.1,40.4
2026-08-28,19,Hyderabad,56,21.8,36.8
2026-08-28,19,Pune,30,6.9,11.2
2026-08-28,19,Ahmedabad,76,25.0,46.7
2026-08-28,20,Delhi,181,160.7,588.6
2026-08-28,20,Mumbai,55,12.3,22.5
2026-08-28,20,Bengaluru,44,11.0,16.5
2026-08-28,20,Kolkata,141,35.9,36.6
2026-08-28,20,Chennai,71,26.4,41.6
2026-08-28,20,Hyderabad,56,22.8,36.6
2026-08-28,20,Pune,30,7.9,12.6
2026-08-28,20,Ahmedabad,75,24.6,43.1
2026-08-28,21,Delhi,183,170.9,573.7
2026-08-28,21,Mumbai,55,11.7,21.4
2026-08-28,21,Bengaluru,44,9.6,13.9
2026-08-28,21,Kolkata,141,35.5,36.4
2026-08-28,21,Chennai,67,25.1,39.8
2026-08-28,21,Hyderabad,57,22.5,34.8
2026-08-28,21,Pune,29,8.3,12.8
2026-08-28,21,Ahmedabad,74,22.4,37.8
2026-08-28,22,Delhi,192,177.9,556.9
2026-08-28,22,Mumbai,55,12.2,24.9
2026-08-28,22,Bengaluru,44,8.3,11.6
2026-08-28,22,Kolkata,141,37.0,37.7
2026-08-28,22,Chennai,68,21.9,36.2
2026-08-28,22,Hyderabad,57,19.9,30.0
2026-08-28,22,Pune,29,6.9,10.4
2026-08-28,22,Ahmedabad,74,19.6,32.7
2026-08-28,23,Delhi,204,177.4,517.8
2026-08-28,23,Mumbai,55,12.5,27.0
2026-08-28,23,Bengaluru,44,6.8,9.3
2026-08-28,23,Kolkata,141,33.2,33.8
2026-08-28,23,Chennai,68,20.8,35.2
2026-08-28,23,Hyderabad,57,15.0,22.2
2026-08-28,23,Pune,29,5.0,7.1
2026-08-28,23,Ahmedabad,73,17.2,29.4
2026-08-29,00,Delhi,228,165.3,458.2
2026-08-29,00,Mumbai,56,11.7,24.9
2026-08-29,00,Bengaluru,44,5.4,7.6
2026-08-29,00,Kolkata,140,26.9,27.4
2026-08-29,00,Chennai,68,21.7,37.6
2026-08-29,00,Hyderabad,57,11.1,16.4
2026-08-29,00,Pune,29,3.6,5.1
2026-08-29,00,Ahmedabad,72,15.4,27.6
2026-08-29,01,Delhi,248,146.7,383.7
2026-08-29,01,Mumbai,56,10.9,22.4
2026-08-29,01,Bengaluru,44,4.5,6.8
2026-08-29,01,Kolkata,139,26.7,27.1
2026-08-29,01,Chennai,69,22.6,38.4
2026-08-29,01,Hyderabad,57,9.1,13.6
2026-08-29,01,Pune,28,2.7,3.7
2026-08-29,01,Ahmedabad,71,14.6,26.6
2026-08-29,02,Delhi,263,124.8,303.6
2026-08-29,02,Mumbai,56,11.1,23.4
2026-08-29,02,Bengaluru,44,4.1,6.8
2026-08-29,02,Kolkata,138,29.0,29.3
2026-08-29,02,Chennai,69,22.3,35.6
2026-08-29,02,Hyderabad,57,8.0,11.9
2026-08-29,02,Pune,28,2.2,2.8
2026-08-29,02,Ahmedabad,70,12.9,23.2
2026-08-29,03,Delhi,273,102.7,263.6
2026-08-29,03,Mumbai,56,10.8,24.0
2026-08-29,03,Bengaluru,43,4.0,7.2
2026-08-29,03,Kolkata,137,27.2,27.5
2026-08-29,03,Chennai,70,20.1,29.7
2026-08-29,03,Hyderabad,57,7.2,10.2
2026-08-29,03,Pune,28,1.7,2.2
2026-08-29,03,Ahmedabad,70,11.7,20.5
2026-08-29,04,Delhi,281,85.0,266.4
2026-08-29,04,Mumbai,56,10.2,23.2
2026-08-29,04,Bengaluru,43,4.0,8.1
2026-08-29,04,Kolkata,135,29.2,29.4
2026-08-29,04,Chennai,70,17.0,23.2
2026-08-29,04,Hyderabad,57,6.2,8.5
2026-08-29,04,Pune,28,1.6,2.2
2026-08-29,04,Ahmedabad,70,11.0,19.0
2026-08-29,05,Delhi,288,81.5,380.9
2026-08-29,05,Mumbai,56,10.3,25.0
2026-08-29,05,Bengaluru,43,3.6,5.7
2026-08-29,05,Kolkata,133,39.8,40.0
2026-08-29,05,Chennai,70,10.7,14.2
2026-08-29,05,Hyderabad,57,5.5,7.7
2026-08-29,05,Pune,28,3.4,8.1
2026-08-29,05,Ahmedabad,70,12.0,21.5
2026-08-29,06,Delhi,303,85.4,424.7
2026-08-29,06,Mumbai,56,10.9,26.2
2026-08-29,06,Bengaluru,43,4.4,7.5
2026-08-29,06,Kolkata,130,41.8,42.0
2026-08-29,06,Chennai,69,8.3,13.2
2026-08-29,06,Hyderabad,57,5.6,8.1
2026-08-29,06,Pune,28,3.0,5.8
2026-08-29,06,Ahmedabad,70,11.1,20.0
2026-08-29,07,Delhi,319,95.2,489.9
2026-08-29,07,Mumbai,56,11.3,24.9
2026-08-29,07,Bengaluru,43,5.2,8.4
2026-08-29,07,Kolkata,126,33.5,33.9
2026-08-29,07,Chennai,69,6.8,13.6
2026-08-29,07,Hyderabad,57,6.3,9.0
2026-08-29,07,Pune,28,3.1,5.5
2026-08-29,07,Ahmedabad,70,11.1,19.7
2026-08-29,08,Delhi,339,103.8,542.0
2026-08-29,08,Mumbai,55,12.5,25.7
2026-08-29,08,Bengaluru,43,5.2,8.4
2026-08-29,08,Kolkata,122,28.2,28.8
2026-08-29,08,Chennai,68,7.0,14.5
2026-08-29,08,Hyderabad,57,6.2,9.7
2026-08-29,08,Pune,28,3.8,6.3
2026-08-29,08,Ahmedabad,69,11.3,21.5
2026-08-29,09,Delhi,361,111.5,599.8
2026-08-29,09,Mumbai,55,13.2,26.4
2026-08-29,09,Bengaluru,42,5.4,9.7
2026-08-29,09,Kolkata,118,24.0,24.9
2026-08-29,09,Chennai,68,7.7,15.0
2026-08-29,09,Hyderabad,57,6.0,10.0
2026-08-29,09,Pune,27,5.1,9.5
2026-08-29,09,Ahmedabad,69,11.5,21.1
2026-08-29,10,Delhi,379,118.7,642.6
2026-08-29,10,Mumbai,56,12.7,24.6
2026-08-29,10,Bengaluru,42,5.7,12.0
2026-08-29,10,Kolkata,113,21.2,22.3
2026-08-29,10,Chennai,68,9.2,16.1
2026-08-29,10,Hyderabad,57,6.4,12.3
2026-08-29,10,Pune,26,5.5,10.2
2026-08-29,10,Ahmedabad,68,14.5,29.5
2026-08-29,11,Delhi,395,122.9,663.1
2026-08-29,11,Mumbai,56,12.2,23.6
2026-08-29,11,Bengaluru,41,5.7,12.5
2026-08-29,11,Kolkata,109,19.0,20.3
2026-08-29,11,Chennai,67,10.5,17.9
2026-08-29,11,Hyderabad,56,7.2,15.3
2026-08-29,11,Pune,26,5.2,9.8
2026-08-29,11,Ahmedabad,68,14.1,28.5
2026-08-29,12,Delhi,407,122.0,648.2
2026-08-29,12,Mumbai,56,12.7,24.6
2026-08-29,12,Bengaluru,41,6.0,13.1
2026-08-29,12,Kolkata,104,16.7,18.0
2026-08-29,12,Chennai,67,11.2,18.9
2026-08-29,12,Hyderabad,56,7.7,16.8
2026-08-29,12,Pune,25,5.2,9.9
2026-08-29,12,Ahmedabad,67,14.5,30.5
2026-08-29,13,Delhi,413,120.1,629.6
2026-08-29,13,Mumbai,55,12.8,24.8
2026-08-29,13,Bengaluru,40,6.4,14.2
2026-08-29,13,Kolkata,99,15.7,16.8
2026-08-29,13,Chennai,66,13.9,23.5
2026-08-29,13,Hyderabad,56,7.9,16.6
2026-08-29,13,Pune,25,4.7,8.7
2026-08-29,13,Ahmedabad,66,15.3,33.5
2026-08-29,14,Delhi,418,118.5,612.8
2026-08-29,14,Mumbai,56,13.2,25.1
2026-08-29,14,Bengaluru,39,7.4,17.5
2026-08-29,14,Kolkata,95,14.8,15.8
2026-08-29,14,Chennai,66,16.4,26.8
2026-08-29,14,Hyderabad,55,7.6,15.2
2026-08-29,14,Pune,26,3.8,7.4
2026-08-29,14,Ahmedabad,65,16.2,35.4
2026-08-29,15,Delhi,418,117.1,603.5
2026-08-29,15,Mumbai,56,12.7,25.3
2026-08-29,15,Bengaluru,39,8.1,18.6
2026-08-29,15,Kolkata,92,12.6,13.2
2026-08-29,15,Chennai,65,16.1,27.9
2026-08-29,15,Hyderabad,55,7.4,13.7
2026-08-29,15,Pune,25,4.2,9.0
2026-08-29,15,Ahmedabad,65,16.8,36.8
2026-08-29,16,Delhi,416,114.6,577.4
2026-08-29,16,Mumbai,56,12.4,24.6
2026-08-29,16,Bengaluru,38,8.5,16.5
2026-08-29,16,Kolkata,90,11.8,12.3
2026-08-29,16,Chennai,65,15.6,28.4
2026-08-29,16,Hyderabad,54,7.8,13.5
2026-08-29,16,Pune,25,4.9,10.2
2026-08-29,16,Ahmedabad,64,17.1,36.9
2026-08-29,17,Delhi,411,91.0,419.1
2026-08-29,17,Mumbai,56,16.6,37.7
2026-08-29,17,Bengaluru,38,11.1,23.3
2026-08-29,17,Kolkata,87,13.6,14.4
2026-08-29,17,Chennai,65,16.2,28.9
2026-08-29,17,Hyderabad,54,10.1,18.7
2026-08-29,17,Pune,25,8.7,17.5
2026-08-29,17,Ahmedabad,63,22.8,46.7
2026-08-29,18,Delhi,405,95.7,352.0
2026-08-29,18,Mumbai,56,14.7,31.9
2026-08-29,18,Bengaluru,38,11.5,21.4
2026-08-29,18,Kolkata,85,20.9,21.9
2026-08-29,18,Chennai,64,16.1,26.9
2026-08-29,18,Hyderabad,53,11.9,18.7
2026-08-29,18,Pune,26,7.8,13.8
2026-08-29,18,Ahmedabad,63,23.5,43.2
2026-08-29,19,Delhi,397,108.7,364.1
2026-08-29,19,Mumbai,56,13.9,29.2
2026-08-29,19,Bengaluru,38,12.2,21.5
2026-08-29,19,Kolkata,83,29.5,30.4
2026-08-29,19,Chennai,64,16.5,26.7
2026-08-29,19,Hyderabad,52,13.3,19.8
2026-08-29,19,Pune,27,7.3,11.4
2026-08-29,19,Ahmedabad,63,23.8,41.0
2026-08-29,20,Delhi,387,120.1,372.5
2026-08-29,20,Mumbai,56,13.2,27.2
2026-08-29,20,Bengaluru,38,12.3,21.1
2026-08-29,20,Kolkata,82,38.9,40.2
2026-08-29,20,Chennai,63,18.5,30.4
2026-08-29,20,Hyderabad,52,13.4,19.8
2026-08-29,20,Pune,27,5.8,8.8
2026-08-29,20,Ahmedabad,63,23.1,38.5
2026-08-29,21,Delhi,375,128.1,366.9
2026-08-29,21,Mumbai,56,11.8,24.9
2026-08-29,21,Bengaluru,38,11.8,19.3
2026-08-29,21,Kolkata,82,50.4,52.0
2026-08-29,21,Chennai,62,21.1,35.4
2026-08-29,21,Hyderabad,51,11.9,17.5
2026-08-29,21,Pune,26,5.1,7.0
2026-08-29,21,Ahmedabad,63,21.2,35.6
2026-08-29,22,Delhi,365,136.0,357.6
2026-08-29,22,Mumbai,56,10.5,21.9
2026-08-29,22,Bengaluru,39,10.9,16.9
2026-08-29,22,Kolkata,83,58.4,60.1
2026-08-29,22,Chennai,62,23.3,38.4
2026-08-29,22,Hyderabad,50,9.8,14.5
2026-08-29,22,Pune,26,4.2,6.0
2026-08-29,22,Ahmedabad,63,19.0,32.6
2026-08-29,23,Delhi,354,136.9,341.8
2026-08-29,23,Mumbai,56,9.5,19.7
2026-08-29,23,Bengaluru,39,9.0,13.7
2026-08-29,23,Kolkata,85,55.9,57.5
2026-08-29,23,Chennai,62,25.8,42.1
2026-08-29,23,Hyderabad,48,7.9,11.7
2026-08-29,23,Pune,25,3.7,6.2
2026-08-29,23,Ahmedabad,63,16.6,29.5
2026-08-30,00,Delhi,345,130.4,320.4
2026-08-30,00,Mumbai,56,8.5,17.4
2026-08-30,00,Bengaluru,40,7.5,11.4
2026-08-30,00,Kolkata,87,43.7,45.1
2026-08-30,00,Chennai,62,27.1,43.2
2026-08-30,00,Hyderabad,47,6.3,9.6
2026-08-30,00,Pune,25,3.4,5.7
2026-08-30,00,Ahmedabad,63,14.5,25.8
2026-08-30,01,Delhi,338,117.6,297.1
2026-08-30,01,Mumbai,56,8.2,16.9
2026-08-30,01,Bengaluru,40,6.6,10.3
2026-08-30,01,Kolkata,88,31.9,33.2
2026-08-30,01,Chennai,63,27.8,43.2
2026-08-30,01,Hyderabad,46,5.2,8.4
2026-08-30,01,Pune,25,3.0,4.9
2026-08-30,01,Ahmedabad,63,13.0,22.8
2026-08-30,02,Delhi,333,98.7,295.2
2026-08-30,02,Mumbai,55,7.7,15.3
2026-08-30,02,Bengaluru,41,6.0,9.4
2026-08-30,02,Kolkata,89,24.0,25.1
2026-08-30,02,Chennai,63,25.7,37.6
2026-08-30,02,Hyderabad,45,4.8,8.1
2026-08-30,02,Pune,25,3.3,5.6
2026-08-30,02,Ahmedabad,63,11.1,19.0
2026-08-30,03,Delhi,333,82.7,303.6
2026-08-30,03,Mumbai,55,7.7,16.4
2026-08-30,03,Bengaluru,41,5.4,8.7
2026-08-30,03,Kolkata,88,17.7,18.6
2026-08-30,03,Chennai,64,20.7,28.1
2026-08-30,03,Hyderabad,44,4.4,7.4
2026-08-30,03,Pune,25,3.3,5.6
2026-08-30,03,Ahmedabad,63,9.8,16.4
2026-08-30,04,Delhi,335,72.2,299.0
2026-08-30,04,Mumbai,55,7.4,15.1
2026-08-30,04,Bengaluru,42,5.0,7.9
2026-08-30,04,Kolkata,88,13.0,13.7
2026-08-30,04,Chennai,64,15.3,19.5
2026-08-30,04,Hyderabad,43,4.0,6.3
2026-08-30,04,Pune,25,2.6,4.2
2026-08-30,04,Ahmedabad,62,8.7,14.5
2026-08-30,05,Delhi,337,80.8,421.0
2026-08-30,05,Mumbai,55,7.3,15.9
2026-08-30,05,Bengaluru,42,4.5,6.6
2026-08-30,05,Kolkata,86,10.1,10.6
2026-08-30,05,Chennai,63,8.7,11.8
2026-08-30,05,Hyderabad,43,3.7,5.4
2026-08-30,05,Pune,25,2.6,5.2
2026-08-30,05,Ahmedabad,62,12.0,22.0
2026-08-30,06,Delhi,339,84.3,440.5
2026-08-30,06,Mumbai,55,7.7,17.1
2026-08-30,06,Bengaluru,42,4.8,6.9
2026-08-30,06,Kolkata,84,8.5,9.1
2026-08-30,06,Chennai,63,8.5,11.6
2026-08-30,06,Hyderabad,42,4.2,6.1
2026-08-30,06,Pune,25,2.8,4.9
2026-08-30,06,Ahmedabad,62,10.6,19.4
2026-08-30,07,Delhi,340,95.2,476.8
2026-08-30,07,Mumbai,54,8.5,16.4
2026-08-30,07,Bengaluru,42,5.1,7.3
2026-08-30,07,Kolkata,81,8.1,8.9
2026-08-30,07,Chennai,63,7.8,12.9
2026-08-30,07,Hyderabad,42,5.0,7.4
2026-08-30,07,Pune,25,3.0,4.8
2026-08-30,07,Ahmedabad,62,8.0,13.9
2026-08-30,08,Delhi,339,101.5,530.9
2026-08-30,08,Mumbai,54,9.3,17.0
2026-08-30,08,Bengaluru,42,5.0,7.8
2026-08-30,08,Kolkata,79,7.9,8.6
2026-08-30,08,Chennai,63,8.2,13.2
2026-08-30,08,Hyderabad,42,5.4,9.4
2026-08-30,08,Pune,25,3.6,6.3
2026-08-30,08,Ahmedabad,62,7.4,14.2
2026-08-30,09,Delhi,338,108.0,571.8
2026-08-30,09,Mumbai,54,9.8,19.6
2026-08-30,09,Bengaluru,42,4.9,7.9
2026-08-30,09,Kolkata,78,7.7,8.3
2026-08-30,09,Chennai,64,8.9,14.1
2026-08-30,09,Hyderabad,42,5.9,11.1
2026-08-30,09,Pune,25,4.9,9.0
2026-08-30,09,Ahmedabad,62,7.9,16.0
2026-08-30,10,Delhi,337,114.6,603.5
2026-08-30,10,Mumbai,54,10.0,19.4
2026-08-30,10,Bengaluru,42,4.9,7.9
2026-08-30,10,Kolkata,76,8.1,8.7
2026-08-30,10,Chennai,64,10.2,15.8
2026-08-30,10,Hyderabad,41,7.0,14.4
2026-08-30,10,Pune,25,5.8,11.6
2026-08-30,10,Ahmedabad,61,8.9,19.0
2026-08-30,11,Delhi,335,119.0,625.8
2026-08-30,11,Mumbai,53,10.9,20.1
2026-08-30,11,Bengaluru,42,4.9,8.0
2026-08-30,11,Kolkata,75,7.9,8.4
2026-08-30,11,Chennai,64,11.4,17.2
2026-08-30,11,Hyderabad,42,8.7,18.8
2026-08-30,11,Pune,25,6.1,12.3
2026-08-30,11,Ahmedabad,61,10.3,23.1
2026-08-30,12,Delhi,333,100.8,478.7
2026-08-30,12,Mumbai,53,11.4,20.0
2026-08-30,12,Bengaluru,42,4.9,8.3
2026-08-30,12,Kolkata,75,7.5,8.0
2026-08-30,12,Chennai,64,12.0,18.0
2026-08-30,12,Hyderabad,42,9.6,20.7
2026-08-30,12,Pune,25,5.8,11.8
2026-08-30,12,Ahmedabad,61,11.6,26.6
2026-08-30,13,Delhi,324,93.1,422.8
2026-08-30,13,Mumbai,53,11.2,19.7
2026-08-30,13,Bengaluru,41,5.1,8.7
2026-08-30,13,Kolkata,74,7.6,7.9
2026-08-30,13,Chennai,64,14.0,21.4
2026-08-30,13,Hyderabad,42,10.4,22.6
2026-08-30,13,Pune,26,5.5,10.6
2026-08-30,13,Ahmedabad,60,12.8,28.9
2026-08-30,14,Delhi,313,88.7,393.9
2026-08-30,14,Mumbai,53,11.3,19.4
2026-08-30,14,Bengaluru,41,4.9,8.0
2026-08-30,14,Kolkata,73,7.7,8.0
2026-08-30,14,Chennai,64,15.7,24.1
2026-08-30,14,Hyderabad,43,10.9,22.3
2026-08-30,14,Pune,26,5.0,8.7
2026-08-30,14,Ahmedabad,60,14.4,32.5
2026-08-30,15,Delhi,302,85.0,373.5
2026-08-30,15,Mumbai,53,10.7,18.6
2026-08-30,15,Bengaluru,40,5.0,7.9
2026-08-30,15,Kolkata,73,8.2,8.6
2026-08-30,15,Chennai,64,16.0,25.0
2026-08-30,15,Hyderabad,44,11.1,20.3
2026-08-30,15,Pune,26,5.1,8.7
2026-08-30,15,Ahmedabad,60,16.1,36.7
2026-08-30,16,Delhi,288,82.7,347.4
2026-08-30,16,Mumbai,53,10.8,19.0
2026-08-30,16,Bengaluru,40,4.8,7.5
2026-08-30,16,Kolkata,72,8.6,9.3
2026-08-30,16,Chennai,64,15.9,25.1
2026-08-30,16,Hyderabad,45,11.4,19.0
2026-08-30,16,Pune,26,5.4,9.3
2026-08-30,16,Ahmedabad,60,16.9,36.6
2026-08-30,17,Delhi,275,75.4,276.6
2026-08-30,17,Mumbai,53,10.4,18.3
2026-08-30,17,Bengaluru,39,7.7,11.8
2026-08-30,17,Kolkata,72,12.0,12.7
2026-08-30,17,Chennai,64,22.0,33.5
2026-08-30,17,Hyderabad,45,13.0,21.2
2026-08-30,17,Pune,27,8.1,16.5
2026-08-30,17,Ahmedabad,60,14.1,29.5
2026-08-30,18,Delhi,266,84.3,228.2
2026-08-30,18,Mumbai,52,11.1,20.3
2026-08-30,18,Bengaluru,38,8.1,10.9
2026-08-30,18,Kolkata,72,14.8,15.3
2026-08-30,18,Chennai,64,24.7,36.7
2026-08-30,18,Hyderabad,46,13.7,20.8
2026-08-30,18,Pune,27,7.5,13.7
2026-08-30,18,Ahmedabad,59,13.3,23.8
2026-08-30,19,Delhi,259,97.8,241.2
2026-08-30,19,Mumbai,52,11.9,21.9
2026-08-30,19,Bengaluru,37,8.7,11.1
2026-08-30,19,Kolkata,71,17.2,17.9
2026-08-30,19,Chennai,65,27.6,40.0
2026-08-30,19,Hyderabad,47,14.0,20.7
2026-08-30,19,Pune,27,7.3,11.8
2026-08-30,19,Ahmedabad,59,16.6,29.0
2026-08-30,20,Delhi,252,109.9,241.2
2026-08-30,20,Mumbai,52,12.8,23.6
2026-08-30,20,Bengaluru,37,8.8,11.1
2026-08-30,20,Kolkata,70,16.3,16.9
2026-08-30,20,Chennai,66,26.9,38.8
2026-08-30,20,Hyderabad,47,14.3,21.4
2026-08-30,20,Pune,26,7.0,10.4
2026-08-30,20,Ahmedabad,58,16.8,28.0
2026-08-30,21,Delhi,244,113.2,225.4
2026-08-30,21,Mumbai,52,13.0,24.0
2026-08-30,21,Bengaluru,36,8.0,10.2
2026-08-30,21,Kolkata,69,15.5,16.1
2026-08-30,21,Chennai,66,27.2,38.8
2026-08-30,21,Hyderabad,47,14.9,22.2
2026-08-30,21,Pune,26,6.5,9.1
2026-08-30,21,Ahmedabad,58,15.3,24.7
2026-08-30,22,Delhi,235,109.9,201.2
2026-08-30,22,Mumbai,52,12.5,23.5
2026-08-30,22,Bengaluru,35,7.1,9.1
2026-08-30,22,Kolkata,66,14.3,15.0
2026-08-30,22,Chennai,67,25.1,34.3
2026-08-30,22,Hyderabad,48,15.3,23.1
2026-08-30,22,Pune,27,5.6,7.7
2026-08-30,22,Ahmedabad,57,14.3,23.5
2026-08-30,23,Delhi,226,101.7,175.1
2026-08-30,23,Mumbai,52,11.6,21.7
2026-08-30,23,Bengaluru,34,5.6,7.1
2026-08-30,23,Kolkata,62,11.9,12.6
2026-08-30,23,Chennai,67,22.1,30.0
2026-08-30,23,Hyderabad,49,15.0,23.5
2026-08-30,23,Pune,27,4.9,6.8
2026-08-30,23,Ahmedabad,57,13.6,22.9
2026-08-31,00,Delhi,216,94.5,165.8
2026-08-31,00,Mumbai,52,10.1,19.6
2026-08-31,00,Bengaluru,33,4.7,6.0
2026-08-31,00,Kolkata,59,9.9,10.6
2026-08-31,00,Chennai,67,18.0,24.3
2026-08-31,00,Hyderabad,50,14.7,23.4
2026-08-31,00,Pune,27,4.0,5.8
2026-08-31,00,Ahmedabad,56,12.8,21.9
2026-08-31,01,Delhi,207,89.9,170.4
2026-08-31,01,Mumbai,52,8.8,17.8
2026-08-31,01,Bengaluru,33,4.1,5.4
2026-08-31,01,Kolkata,56,8.9,9.6
2026-08-31,01,Chennai,66,14.4,19.3
2026-08-31,01,Hyderabad,51,14.9,23.6
2026-08-31,01,Pune,27,3.7,5.4
2026-08-31,01,Ahmedabad,56,12.2,21.0
2026-08-31,02,Delhi,200,89.9,207.7
2026-08-31,02,Mumbai,52,7.8,14.9
2026-08-31,02,Bengaluru,32,4.0,5.5
2026-08-31,02,Kolkata,55,8.2,8.9
2026-08-31,02,Chennai,65,12.0,15.9
2026-08-31,02,Hyderabad,52,14.6,22.3
2026-08-31,02,Pune,28,3.3,5.0
2026-08-31,02,Ahmedabad,56,11.8,19.9
2026-08-31,03,Delhi,198,90.3,266.4
2026-08-31,03,Mumbai,52,7.2,13.6
2026-08-31,03,Bengaluru,31,3.5,4.8
2026-08-31,03,Kolkata,53,7.7,8.5
2026-08-31,03,Chennai,64,11.7,15.6
2026-08-31,03,Hyderabad,52,12.6,18.2
2026-08-31,03,Pune,28,2.8,4.2
2026-08-31,03,Ahmedabad,56,10.3,17.0
2026-08-31,04,Delhi,197,88.2,323.2
2026-08-31,04,Mumbai,52,7.1,13.4
2026-08-31,04,Bengaluru,31,3.1,4.2
2026-08-31,04,Kolkata,52,7.4,8.2
2026-08-31,04,Chennai,63,12.1,15.9
2026-08-31,04,Hyderabad,53,9.9,13.6
2026-08-31,04,Pune,28,2.5,3.7
2026-08-31,04,Ahmedabad,56,9.2,15.0
2026-08-31,05,Delhi,198,102.2,540.2
2026-08-31,05,Mumbai,52,8.6,17.9
2026-08-31,05,Bengaluru,31,2.5,3.2
2026-08-31,05,Kolkata,52,6.4,6.6
2026-08-31,05,Chennai,63,8.9,10.7
2026-08-31,05,Hyderabad,53,7.0,9.9
2026-08-31,05,Pune,28,2.1,3.2
2026-08-31,05,Ahmedabad,56,8.6,14.1
2026-08-31,06,Delhi,200,104.5,534.6
2026-08-31,06,Mumbai,52,8.8,18.7
2026-08-31,06,Bengaluru,30,3.4,4.3
2026-08-31,06,Kolkata,52,8.6,9.1
2026-08-31,06,Chennai,63,8.3,9.9
2026-08-31,06,Hyderabad,54,6.9,9.7
2026-08-31,06,Pune,27,2.4,3.2
2026-08-31,06,Ahmedabad,56,7.4,12.2
2026-08-31,07,Delhi,206,108.0,534.6
2026-08-31,07,Mumbai,52,10.0,19.6
2026-08-31,07,Bengaluru,30,4.2,5.5
2026-08-31,07,Kolkata,52,10.0,10.7
2026-08-31,07,Chennai,63,7.4,9.6
2026-08-31,07,Hyderabad,54,7.6,10.4
2026-08-31,07,Pune,27,3.2,3.9
2026-08-31,07,Ahmedabad,56,7.4,12.2
2026-08-31,08,Delhi,210,108.0,556.9
2026-08-31,08,Mumbai,52,10.6,19.9
2026-08-31,08,Bengaluru,30,4.4,6.5
2026-08-31,08,Kolkata,52,10.7,11.8
2026-08-31,08,Chennai,63,7.2,10.2
2026-08-31,08,Hyderabad,54,8.1,10.9
2026-08-31,08,Pune,27,3.1,4.6
2026-08-31,08,Ahmedabad,56,7.0,12.9
2026-08-31,09,Delhi,211,111.8,594.2
2026-08-31,09,Mumbai,53,10.9,20.5
2026-08-31,09,Bengaluru,29,4.4,6.4
2026-08-31,09,Kolkata,52,10.8,12.1
2026-08-31,09,Chennai,63,7.6,11.8
2026-08-31,09,Hyderabad,54,8.3,12.5
2026-08-31,09,Pune,27,4.6,6.4
2026-08-31,09,Ahmedabad,56,8.1,15.7
2026-08-31,10,Delhi,212,120.1,631.4
2026-08-31,10,Mumbai,53,11.7,21.5
2026-08-31,10,Bengaluru,29,4.4,6.8
2026-08-31,10,Kolkata,52,9.7,11.0
2026-08-31,10,Chennai,63,8.8,14.2
2026-08-31,10,Hyderabad,55,9.0,14.7
2026-08-31,10,Pune,27,5.5,9.7
2026-08-31,10,Ahmedabad,56,8.7,17.2
2026-08-31,11,Delhi,214,128.5,665.0
2026-08-31,11,Mumbai,53,11.6,20.6
2026-08-31,11,Bengaluru,29,4.6,7.3
2026-08-31,11,Kolkata,52,9.3,10.4
2026-08-31,11,Chennai,63,10.0,16.0
2026-08-31,11,Hyderabad,55,10.2,17.5
2026-08-31,11,Pune,27,6.8,13.1
2026-08-31,11,Ahmedabad,56,9.7,19.5
2026-08-31,12,Delhi,216,127.1,640.7
2026-08-31,12,Mumbai,53,12.0,21.0
2026-08-31,12,Bengaluru,29,4.4,6.9
2026-08-31,12,Kolkata,53,9.7,10.4
2026-08-31,12,Chennai,63,10.5,16.6
2026-08-31,12,Hyderabad,55,10.5,19.0
2026-08-31,12,Pune,27,7.3,14.7
2026-08-31,12,Ahmedabad,56,11.3,24.4
2026-08-31,13,Delhi,226,116.9,571.8
2026-08-31,13,Mumbai,53,12.2,20.1
2026-08-31,13,Bengaluru,29,4.0,6.3
2026-08-31,13,Kolkata,53,9.6,10.4
2026-08-31,13,Chennai,62,11.6,18.6
2026-08-31,13,Hyderabad,55,10.5,18.6
2026-08-31,13,Pune,28,7.3,14.4
2026-08-31,13,Ahmedabad,56,11.5,25.8
2026-08-31,14,Delhi,235,107.1,512.2
2026-08-31,14,Mumbai,53,12.8,20.1
2026-08-31,14,Bengaluru,29,3.9,6.0
2026-08-31,14,Kolkata,53,9.3,10.3
2026-08-31,14,Chennai,62,13.0,20.5
2026-08-31,14,Hyderabad,55,10.7,18.8
2026-08-31,14,Pune,28,7.3,14.0
2026-08-31,14,Ahmedabad,56,12.3,28.2
2026-08-31,15,Delhi,242,103.4,488.0
2026-08-31,15,Mumbai,53,12.8,19.8
2026-08-31,15,Bengaluru,29,4.3,7.0
2026-08-31,15,Kolkata,54,8.7,9.5
2026-08-31,15,Chennai,62,14.6,23.1
2026-08-31,15,Hyderabad,55,10.4,17.3
2026-08-31,15,Pune,29,7.1,12.8
2026-08-31,15,Ahmedabad,55,13.2,30.7
2026-08-31,16,Delhi,249,98.5,444.2
2026-08-31,16,Mumbai,53,12.2,19.3
2026-08-31,16,Bengaluru,28,4.3,6.4
2026-08-31,16,Kolkata,55,9.7,10.2
2026-08-31,16,Chennai,62,16.1,25.5
2026-08-31,16,Hyderabad,55,10.0,15.9
2026-08-31,16,Pune,29,6.3,10.2
2026-08-31,16,Ahmedabad,55,13.9,32.4
2026-08-31,17,Delhi,255,84.3,372.5
2026-08-31,17,Mumbai,53,10.7,19.6
2026-08-31,17,Bengaluru,28,7.2,11.1
2026-08-31,17,Kolkata,53,12.8,13.7
2026-08-31,17,Chennai,62,12.2,19.8
2026-08-31,17,Hyderabad,55,15.9,26.8
2026-08-31,17,Pune,29,8.9,14.2
2026-08-31,17,Ahmedabad,55,15.3,31.8
2026-08-31,18,Delhi,260,86.6,332.5
2026-08-31,18,Mumbai,53,11.1,20.6
2026-08-31,18,Bengaluru,29,9.0,12.1
2026-08-31,18,Kolkata,53,14.3,15.2
2026-08-31,18,Chennai,61,15.5,22.3
2026-08-31,18,Hyderabad,55,17.5,26.3
2026-08-31,18,Pune,29,8.6,12.6
2026-08-31,18,Ahmedabad,55,15.2,29.2
2026-08-31,19,Delhi,266,95.7,315.7
2026-08-31,19,Mumbai,53,11.4,21.1
2026-08-31,19,Bengaluru,29,11.6,14.8
2026-08-31,19,Kolkata,53,15.0,15.9
2026-08-31,19,Chennai,60,14.2,19.5
2026-08-31,19,Hyderabad,55,20.4,28.6
2026-08-31,19,Pune,30,9.2,12.4
2026-08-31,19,Ahmedabad,55,15.1,26.8
2026-08-31,20,Delhi,271,107.1,327.8
2026-08-31,20,Mumbai,53,11.9,21.7
2026-08-31,20,Bengaluru,29,13.5,16.6
2026-08-31,20,Kolkata,53,15.3,16.2
2026-08-31,20,Chennai,59,13.5,17.9
2026-08-31,20,Hyderabad,56,21.0,28.5
2026-08-31,20,Pune,30,8.6,11.4
2026-08-31,20,Ahmedabad,55,14.4,24.1
2026-08-31,21,Delhi,276,119.7,348.3
2026-08-31,21,Mumbai,53,11.6,21.0
2026-08-31,21,Bengaluru,30,14.5,17.5
2026-08-31,21,Kolkata,53,16.0,17.1
2026-08-31,21,Chennai,58,13.0,17.0
2026-08-31,21,Hyderabad,56,21.4,28.6
2026-08-31,21,Pune,30,8.7,11.4
2026-08-31,21,Ahmedabad,55,13.2,21.5
2026-08-31,22,Delhi,283,135.0,369.7
2026-08-31,22,Mumbai,53,11.2,19.8
2026-08-31,22,Bengaluru,32,14.0,16.9
2026-08-31,22,Kolkata,53,14.3,15.3
2026-08-31,22,Chennai,57,12.6,16.8
2026-08-31,22,Hyderabad,57,21.1,27.8
2026-08-31,22,Pune,31,8.8,11.3
2026-08-31,22,Ahmedabad,55,12.4,20.0
2026-08-31,23,Delhi,293,146.2,381.8
2026-08-31,23,Mumbai,53,10.9,19.3
2026-08-31,23,Bengaluru,33,11.9,14.8
2026-08-31,23,Kolkata,53,11.6,12.6
2026-08-31,23,Chennai,56,12.6,17.1
2026-08-31,23,Hyderabad,57,19.4,26.1
2026-08-31,23,Pune,32,7.5,9.7
2026-08-31,23,Ahmedabad,55,11.7,19.0
2026-09-01,00,Delhi,305,147.1,366.9
2026-09-01,00,Mumbai,53,10.5,18.5
2026-09-01,00,Bengaluru,35,9.2,11.7
2026-09-01,00,Kolkata,53,10.8,11.8
2026-09-01,00,Chennai,55,13.5,18.7
2026-09-01,00,Hyderabad,58,17.8,24.7
2026-09-01,00,Pune,32,5.1,7.1
2026-09-01,00,Ahmedabad,54,11.1,18.4
2026-09-01,01,Delhi,315,142.0,341.8
2026-09-01,01,Mumbai,53,9.7,17.7
2026-09-01,01,Bengaluru,36,7.3,9.2
2026-09-01,01,Kolkata,53,10.2,11.1
2026-09-01,01,Chennai,55,15.6,21.6
2026-09-01,01,Hyderabad,58,16.8,24.0
2026-09-01,01,Pune,33,4.4,6.3
2026-09-01,01,Ahmedabad,54,11.0,18.3
2026-09-01,02,Delhi,324,136.4,320.4
2026-09-01,02,Mumbai,53,9.3,17.3
2026-09-01,02,Bengaluru,36,6.3,7.8
2026-09-01,02,Kolkata,53,9.8,10.6
2026-09-01,02,Chennai,55,17.8,24.7
2026-09-01,02,Hyderabad,58,16.2,23.3
2026-09-01,02,Pune,33,3.4,5.4
2026-09-01,02,Ahmedabad,54,11.0,18.2
2026-09-01,03,Delhi,330,129.9,297.1
2026-09-01,03,Mumbai,53,8.8,16.4
2026-09-01,03,Bengaluru,37,5.6,6.8
2026-09-01,03,Kolkata,53,9.3,10.2
2026-09-01,03,Chennai,56,19.3,26.6
2026-09-01,03,Hyderabad,58,15.5,21.9
2026-09-01,03,Pune,33,2.7,4.0
2026-09-01,03,Ahmedabad,54,10.9,17.8
2026-09-01,04,Delhi,332,122.5,285.9
2026-09-01,04,Mumbai,53,8.3,16.4
2026-09-01,04,Bengaluru,38,5.2,6.3
2026-09-01,04,Kolkata,53,9.1,9.8
2026-09-01,04,Chennai,56,20.7,27.5
2026-09-01,04,Hyderabad,58,14.5,19.7
2026-09-01,04,Pune,33,2.3,3.1
2026-09-01,04,Ahmedabad,54,9.4,15.1
2026-09-01,05,Delhi,330,78.0,385.6
2026-09-01,05,Mumbai,53,7.6,15.7
2026-09-01,05,Bengaluru,38,4.4,5.3
2026-09-01,05,Kolkata,54,11.3,11.5
2026-09-01,05,Chennai,57,14.8,18.7
2026-09-01,05,Hyderabad,59,14.3,20.1
2026-09-01,05,Pune,33,2.4,3.3
2026-09-01,05,Ahmedabad,54,7.5,12.3
2026-09-01,06,Delhi,322,80.8,373.5
2026-09-01,06,Mumbai,53,8.3,17.2
2026-09-01,06,Bengaluru,38,5.4,6.2
2026-09-01,06,Kolkata,54,13.5,13.8
2026-09-01,06,Chennai,57,15.0,17.9
2026-09-01,06,Hyderabad,59,13.7,17.9
2026-09-01,06,Pune,33,3.1,4.5
2026-09-01,06,Ahmedabad,54,7.0,11.4
2026-09-01,07,Delhi,313,84.3,357.6
2026-09-01,07,Mumbai,53,10.1,20.3
2026-09-01,07,Bengaluru,39,5.2,6.1
2026-09-01,07,Kolkata,54,13.4,14.3
2026-09-01,07,Chennai,58,15.9,18.2
2026-09-01,07,Hyderabad,60,12.8,16.6
2026-09-01,07,Pune,33,3.4,5.5
2026-09-01,07,Ahmedabad,54,7.5,12.5
2026-09-01,08,Delhi,304,81.0,393.9
2026-09-01,08,Mumbai,53,10.9,22.2
2026-09-01,08,Bengaluru,39,4.9,6.1
2026-09-01,08,Kolkata,55,13.1,14.0
2026-09-01,08,Chennai,59,14.6,16.8
2026-09-01,08,Hyderabad,60,12.0,16.2
2026-09-01,08,Pune,33,4.7,6.4
2026-09-01,08,Ahmedabad,54,8.1,15.3
2026-09-01,09,Delhi,295,76.8,375.3
2026-09-01,09,Mumbai,53,12.5,24.4
2026-09-01,09,Bengaluru,39,4.7,6.4
2026-09-01,09,Kolkata,55,12.2,13.3
2026-09-01,09,Chennai,59,14.0,16.7
2026-09-01,09,Hyderabad,61,11.7,17.9
2026-09-01,09,Pune,33,5.2,8.3
2026-09-01,09,Ahmedabad,54,9.0,18.0
2026-09-01,10,Delhi,282,75.4,363.2
2026-09-01,10,Mumbai,53,13.1,24.9
2026-09-01,10,Bengaluru,39,5.0,7.5
2026-09-01,10,Kolkata,55,10.6,11.8
2026-09-01,10,Chennai,60,14.7,18.3
2026-09-01,10,Hyderabad,61,11.8,19.8
2026-09-01,10,Pune,33,5.8,9.2
2026-09-01,10,Ahmedabad,54,10.0,20.1
2026-09-01,11,Delhi,266,67.1,300.8
2026-09-01,11,Mumbai,54,13.7,25.0
2026-09-01,11,Bengaluru,39,5.2,7.9
2026-09-01,11,Kolkata,55,9.5,10.6
2026-09-01,11,Chennai,60,16.3,21.1
2026-09-01,11,Hyderabad,61,12.0,21.5
2026-09-01,11,Pune,34,6.3,10.1
2026-09-01,11,Ahmedabad,54,11.8,25.2
2026-09-01,12,Delhi,244,60.3,247.7
2026-09-01,12,Mumbai,54,14.4,25.0
2026-09-01,12,Bengaluru,40,5.1,7.9
2026-09-01,12,Kolkata,55,9.3,10.0
2026-09-01,12,Chennai,61,19.9,27.1
2026-09-01,12,Hyderabad,61,12.3,22.9
2026-09-01,12,Pune,33,6.3,10.4
2026-09-01,12,Ahmedabad,55,11.9,24.8
2026-09-01,13,Delhi,221,58.1,231.9
2026-09-01,13,Mumbai,54,14.5,23.6
2026-09-01,13,Bengaluru,40,4.9,7.5
2026-09-01,13,Kolkata,55,9.4,10.3
2026-09-01,13,Chennai,61,21.5,29.1
2026-09-01,13,Hyderabad,61,12.7,24.1
2026-09-01,13,Pune,33,6.1,10.3
2026-09-01,13,Ahmedabad,55,12.2,25.7
2026-09-01,14,Delhi,201,58.7,228.6
2026-09-01,14,Mumbai,54,14.6,23.3
2026-09-01,14,Bengaluru,40,4.8,7.1
2026-09-01,14,Kolkata,55,9.7,10.8
2026-09-01,14,Chennai,62,22.5,31.2
2026-09-01,14,Hyderabad,61,13.1,25.0
2026-09-01,14,Pune,33,6.2,10.6
2026-09-01,14,Ahmedabad,55,13.0,28.2
2026-09-01,15,Delhi,194,61.2,242.1
2026-09-01,15,Mumbai,54,14.8,26.8
2026-09-01,15,Bengaluru,40,4.6,6.7
2026-09-01,15,Kolkata,55,10.0,10.4
2026-09-01,15,Chennai,65,20.5,28.1
2026-09-01,15,Hyderabad,62,13.6,25.8
2026-09-01,15,Pune,33,6.4,10.2
2026-09-01,15,Ahmedabad,55,13.4,29.0
2026-09-01,16,Delhi,189,61.2,231.9
2026-09-01,16,Mumbai,54,12.9,21.4
2026-09-01,16,Bengaluru,40,4.6,6.3
2026-09-01,16,Kolkata,55,11.0,11.3
2026-09-01,16,Chennai,87,20.3,28.2
2026-09-01,16,Hyderabad,62,13.8,25.2
2026-09-01,16,Pune,33,6.0,9.5
2026-09-01,16,Ahmedabad,55,13.6,29.8
2026-09-01,17,Delhi,185,57.6,177.4
2026-09-01,17,Mumbai,54,12.2,21.1
2026-09-01,17,Bengaluru,40,4.2,4.6
2026-09-01,17,Kolkata,55,12.7,12.8
2026-09-01,17,Chennai,104,15.9,21.0
2026-09-01,17,Hyderabad,62,18.7,32.0
2026-09-01,17,Pune,32,6.8,11.4
2026-09-01,17,Ahmedabad,55,15.5,34.5
2026-09-01,18,Delhi,181,61.9,150.9
2026-09-01,18,Mumbai,55,11.8,21.0
2026-09-01,18,Bengaluru,40,7.9,8.1
2026-09-01,18,Kolkata,55,15.5,15.8
2026-09-01,18,Chennai,113,15.8,20.3
2026-09-01,18,Hyderabad,62,21.5,33.6
2026-09-01,18,Pune,32,6.0,9.2
2026-09-01,18,Ahmedabad,55,16.7,32.6
2026-09-01,19,Delhi,177,61.0,116.6
2026-09-01,19,Mumbai,55,12.1,21.5
2026-09-01,19,Bengaluru,39,9.3,9.5
2026-09-01,19,Kolkata,55,16.5,16.9
2026-09-01,19,Chennai,114,16.3,21.2
2026-09-01,19,Hyderabad,63,26.1,38.1
2026-09-01,19,Pune,31,6.7,8.7
2026-09-01,19,Ahmedabad,55,19.2,33.2
2026-09-01,20,Delhi,176,58.2,99.4
2026-09-01,20,Mumbai,55,12.9,22.6
2026-09-01,20,Bengaluru,39,10.0,10.3
2026-09-01,20,Kolkata,55,16.5,17.2
2026-09-01,20,Chennai,108,16.2,21.4
2026-09-01,20,Hyderabad,63,29.2,41.0
2026-09-01,20,Pune,31,7.6,9.7
2026-09-01,20,Ahmedabad,55,19.8,31.5
2026-09-01,21,Delhi,175,56.9,88.9
2026-09-01,21,Mumbai,55,13.3,22.9
2026-09-01,21,Bengaluru,38,10.5,10.9
2026-09-01,21,Kolkata,55,17.5,18.2
2026-09-01,21,Chennai,98,16.4,21.8
2026-09-01,21,Hyderabad,64,31.7,43.2
2026-09-01,21,Pune,31,7.9,9.9
2026-09-01,21,Ahmedabad,56,18.6,28.3
2026-09-01,22,Delhi,173,55.2,80.3
2026-09-01,22,Mumbai,55,13.7,23.1
2026-09-01,22,Bengaluru,37,10.2,10.8
2026-09-01,22,Kolkata,56,16.7,17.3
2026-09-01,22,Chennai,87,16.6,22.5
2026-09-01,22,Hyderabad,65,32.9,44.5
2026-09-01,22,Pune,30,7.5,9.5
2026-09-01,22,Ahmedabad,56,16.9,25.1
2026-09-01,23,Delhi,170,52.5,72.4
2026-09-01,23,Mumbai,55,13.8,22.8
2026-09-01,23,Bengaluru,36,9.4,10.2
2026-09-01,23,Kolkata,56,15.0,15.7
2026-09-01,23,Chennai,74,16.0,21.7
2026-09-01,23,Hyderabad,66,32.2,44.0
2026-09-01,23,Pune,30,6.7,8.9
2026-09-01,23,Ahmedabad,56,15.2,22.6
2026-09-02,00,Delhi,168,48.8,65.7
2026-09-02,00,Mumbai,55,13.2,22.0
2026-09-02,00,Bengaluru,36,8.3,9.2
2026-09-02,00,Kolkata,56,13.7,14.4
2026-09-02,00,Chennai,65,15.5,21.3
2026-09-02,00,Hyderabad,67,28.9,41.2
2026-09-02,00,Pune,30,6.1,8.3
2026-09-02,00,Ahmedabad,57,13.7,21.1
2026-09-02,01,Delhi,165,46.9,60.1
2026-09-02,01,Mumbai,56,13.0,21.7
2026-09-02,01,Bengaluru,35,7.5,8.5
2026-09-02,01,Kolkata,56,14.2,15.0
2026-09-02,01,Chennai,65,15.0,20.5
2026-09-02,01,Hyderabad,67,24.0,36.0
2026-09-02,01,Pune,30,5.9,8.0
2026-09-02,01,Ahmedabad,57,13.1,20.9
2026-09-02,02,Delhi,162,45.3,55.3
2026-09-02,02,Mumbai,56,12.6,21.1
2026-09-02,02,Bengaluru,35,7.0,8.0
2026-09-02,02,Kolkata,57,14.6,15.4
2026-09-02,02,Chennai,65,14.4,19.4
2026-09-02,02,Hyderabad,68,20.7,31.7
2026-09-02,02,Pune,30,5.8,8.0
2026-09-02,02,Ahmedabad,57,13.0,21.2
2026-09-02,03,Delhi,159,44.1,51.9
2026-09-02,03,Mumbai,56,11.6,19.6
2026-09-02,03,Bengaluru,36,6.5,7.6
2026-09-02,03,Kolkata,57,15.5,16.5
2026-09-02,03,Chennai,65,13.9,18.5
2026-09-02,03,Hyderabad,68,18.4,27.2
2026-09-02,03,Pune,31,5.7,8.0
2026-09-02,03,Ahmedabad,57,13.1,21.4
2026-09-02,04,Delhi,157,44.2,50.5
2026-09-02,04,Mumbai,56,11.2,18.7
2026-09-02,04,Bengaluru,36,6.2,7.3
2026-09-02,04,Kolkata,57,16.8,17.9
2026-09-02,04,Chennai,65,14.1,18.4
2026-09-02,04,Hyderabad,69,16.5,23.5
2026-09-02,04,Pune,32,5.7,8.1
2026-09-02,04,Ahmedabad,57,12.1,19.4
2026-09-02,05,Delhi,154,47.0,63.8
2026-09-02,05,Mumbai,57,9.5,15.7
2026-09-02,05,Bengaluru,36,5.7,6.7
2026-09-02,05,Kolkata,58,19.4,19.7
2026-09-02,05,Chennai,64,13.4,17.5
2026-09-02,05,Hyderabad,69,16.1,24.3
2026-09-02,05,Pune,32,4.4,6.8
2026-09-02,05,Ahmedabad,58,12.5,20.2
2026-09-02,06,Delhi,153,50.9,65.9
2026-09-02,06,Mumbai,57,8.7,14.7
2026-09-02,06,Bengaluru,36,6.6,7.7
2026-09-02,06,Kolkata,59,22.0,23.2
2026-09-02,06,Chennai,64,14.8,18.7
2026-09-02,06,Hyderabad,69,16.5,24.3
2026-09-02,06,Pune,33,3.7,5.7
2026-09-02,06,Ahmedabad,58,12.9,20.0
2026-09-02,07,Delhi,152,46.4,72.6
2026-09-02,07,Mumbai,57,8.8,14.4
2026-09-02,07,Bengaluru,37,6.8,8.3
2026-09-02,07,Kolkata,59,22.2,24.3
2026-09-02,07,Chennai,64,16.5,20.0
2026-09-02,07,Hyderabad,69,18.0,23.9
2026-09-02,07,Pune,33,3.5,5.0
2026-09-02,07,Ahmedabad,58,13.5,21.2
2026-09-02,08,Delhi,151,43.4,81.0
2026-09-02,08,Mumbai,57,9.4,15.4
2026-09-02,08,Bengaluru,37,6.7,9.2
2026-09-02,08,Kolkata,60,22.8,25.4
2026-09-02,08,Chennai,64,18.0,21.1
2026-09-02,08,Hyderabad,70,17.7,24.9
2026-09-02,08,Pune,33,3.7,4.6
2026-09-02,08,Ahmedabad,59,12.6,21.7
2026-09-02,09,Delhi,150,45.8,99.4
2026-09-02,09,Mumbai,56,10.8,17.7
2026-09-02,09,Bengaluru,37,7.0,10.9
2026-09-02,09,Kolkata,61,23.9,27.4
2026-09-02,09,Chennai,64,17.9,21.2
2026-09-02,09,Hyderabad,70,14.6,20.7
2026-09-02,09,Pune,33,3.5,4.4
2026-09-02,09,Ahmedabad,59,12.4,22.9
2026-09-02,10,Delhi,148,49.0,112.5
2026-09-02,10,Mumbai,56,11.7,19.4
2026-09-02,10,Bengaluru,38,7.3,13.0
2026-09-02,10,Kolkata,62,27.1,31.3
2026-09-02,10,Chennai,65,18.2,22.4
2026-09-02,10,Hyderabad,70,12.8,19.0
2026-09-02,10,Pune,32,3.5,4.6
2026-09-02,10,Ahmedabad,59,12.8,25.0
2026-09-02,11,Delhi,145,49.9,117.1
2026-09-02,11,Mumbai,56,13.6,22.1
2026-09-02,11,Bengaluru,38,7.6,14.3
2026-09-02,11,Kolkata,63,29.6,34.6
2026-09-02,11,Chennai,65,19.8,25.0
2026-09-02,11,Hyderabad,70,11.5,18.2
2026-09-02,11,Pune,32,3.2,4.4
2026-09-02,11,Ahmedabad,60,14.5,31.1
2026-09-02,12,Delhi,143,48.4,114.6
2026-09-02,12,Mumbai,56,14.8,24.0
2026-09-02,12,Bengaluru,39,7.6,14.2
2026-09-02,12,Kolkata,65,30.7,36.1
2026-09-02,12,Chennai,65,22.1,28.6
2026-09-02,12,Hyderabad,70,10.5,17.6
2026-09-02,12,Pune,31,3.1,4.5
2026-09-02,12,Ahmedabad,60,13.7,31.0
2026-09-02,13,Delhi,142,46.6,116.6
2026-09-02,13,Mumbai,56,15.5,24.4
2026-09-02,13,Bengaluru,40,7.3,13.6
2026-09-02,13,Kolkata,66,30.5,36.0
2026-09-02,13,Chennai,65,21.5,27.9
2026-09-02,13,Hyderabad,70,10.1,17.6
2026-09-02,13,Pune,30,3.3,4.9
2026-09-02,13,Ahmedabad,60,14.0,32.7
2026-09-02,14,Delhi,141,57.9,147.1
2026-09-02,14,Mumbai,56,14.3,23.0
2026-09-02,14,Bengaluru,40,7.0,13.0
2026-09-02,14,Kolkata,68,28.5,32.8
2026-09-02,14,Chennai,65,20.4,26.8
2026-09-02,14,Hyderabad,70,10.0,17.7
2026-09-02,14,Pune,30,3.8,5.4
2026-09-02,14,Ahmedabad,60,14.4,34.7
2026-09-02,15,Delhi,140,39.3,91.5
2026-09-02,15,Mumbai,56,13.6,21.7
2026-09-02,15,Bengaluru,41,6.9,12.4
2026-09-02,15,Kolkata,69,28.7,32.8
2026-09-02,15,Chennai,65,19.5,26.0
2026-09-02,15,Hyderabad,70,10.0,17.7
2026-09-02,15,Pune,29,4.4,5.9
2026-09-02,15,Ahmedabad,60,15.3,38.2
2026-09-02,16,Delhi,139,35.2,72.4
2026-09-02,16,Mumbai,56,12.3,19.7
2026-09-02,16,Bengaluru,41,6.8,11.1
2026-09-02,16,Kolkata,71,31.9,36.7
2026-09-02,16,Chennai,75,18.5,25.2
2026-09-02,16,Hyderabad,69,9.9,17.3
2026-09-02,16,Pune,29,3.8,5.1
2026-09-02,16,Ahmedabad,60,16.4,43.1
2026-09-02,17,Delhi,151,35.4,72.9
2026-09-02,17,Mumbai,56,12.2,22.0
2026-09-02,17,Bengaluru,42,9.7,16.6
2026-09-02,17,Kolkata,73,34.8,40.0
2026-09-02,17,Chennai,91,29.4,38.3
2026-09-02,17,Hyderabad,69,12.6,20.9
2026-09-02,17,Pune,28,3.6,4.9
2026-09-02,17,Ahmedabad,61,20.8,50.9
2026-09-02,18,Delhi,149,37.8,60.5
2026-09-02,18,Mumbai,56,12.9,23.6
2026-09-02,18,Bengaluru,43,12.7,16.9
2026-09-02,18,Kolkata,74,42.1,47.3
2026-09-02,18,Chennai,107,29.8,38.0
2026-09-02,18,Hyderabad,69,15.1,22.5
2026-09-02,18,Pune,28,4.4,5.6
2026-09-02,18,Ahmedabad,61,21.9,47.5
2026-09-02,19,Delhi,133,49.2,66.6
2026-09-02,19,Mumbai,56,13.1,24.7
2026-09-02,19,Bengaluru,44,12.0,15.2
2026-09-02,19,Kolkata,76,46.4,51.8
2026-09-02,19,Chennai,115,30.3,38.6
2026-09-02,19,Hyderabad,68,19.2,26.4
2026-09-02,19,Pune,27,6.0,7.0
2026-09-02,19,Ahmedabad,62,24.4,48.1
2026-09-02,20,Delhi,129,51.8,63.3
2026-09-02,20,Mumbai,56,13.5,24.7
2026-09-02,20,Bengaluru,45,12.3,15.3
2026-09-02,20,Kolkata,79,49.7,55.8
2026-09-02,20,Chennai,115,29.9,38.6
2026-09-02,20,Hyderabad,68,22.5,29.7
2026-09-02,20,Pune,27,6.9,8.1
2026-09-02,20,Ahmedabad,62,25.6,48.0
2026-09-02,21,Delhi,129,48.4,56.1
2026-09-02,21,Mumbai,56,14.4,26.1
2026-09-02,21,Bengaluru,45,12.0,15.1
2026-09-02,21,Kolkata,81,54.4,61.2
2026-09-02,21,Chennai,111,29.4,38.3
2026-09-02,21,Hyderabad,67,23.9,31.3
2026-09-02,21,Pune,27,6.8,8.0
2026-09-02,21,Ahmedabad,62,25.1,45.5
2026-09-02,22,Delhi,128,43.7,48.4
2026-09-02,22,Mumbai,56,14.8,26.5
2026-09-02,22,Bengaluru,46,11.8,14.8
2026-09-02,22,Kolkata,84,54.8,62.2
2026-09-02,22,Chennai,105,27.5,36.0
2026-09-02,22,Hyderabad,66,21.0,27.5
2026-09-02,22,Pune,27,7.1,8.4
2026-09-02,22,Ahmedabad,63,23.7,42.0
2026-09-02,23,Delhi,127,40.2,43.0
2026-09-02,23,Mumbai,57,14.8,26.8
2026-09-02,23,Bengaluru,46,10.5,13.4
2026-09-02,23,Kolkata,87,50.8,58.1
2026-09-02,23,Chennai,96,25.0,33.1
2026-09-02,23,Hyderabad,65,16.6,22.3
2026-09-02,23,Pune,27,6.2,7.6
2026-09-02,23,Ahmedabad,63,21.4,36.9
2026-09-03,00,Delhi,125,35.6,37.4
2026-09-03,00,Mumbai,57,14.1,25.9
2026-09-03,00,Bengaluru,46,9.1,12.0
2026-09-03,00,Kolkata,90,48.1,55.3
2026-09-03,00,Chennai,87,22.2,29.5
2026-09-03,00,Hyderabad,64,13.7,18.1
2026-09-03,00,Pune,26,4.9,6.9
2026-09-03,00,Ahmedabad,64,17.9,31.0
2026-09-03,01,Delhi,124,31.8,32.9
2026-09-03,01,Mumbai,57,13.4,25.1
2026-09-03,01,Bengaluru,46,8.1,11.0
2026-09-03,01,Kolkata,93,45.4,52.6
2026-09-03,01,Chennai,79,18.7,25.0
2026-09-03,01,Hyderabad,63,12.3,16.1
2026-09-03,01,Pune,26,4.8,6.9
2026-09-03,01,Ahmedabad,64,15.0,26.5
2026-09-03,02,Delhi,122,29.2,29.9
2026-09-03,02,Mumbai,57,13.0,24.7
2026-09-03,02,Bengaluru,47,7.4,10.2
2026-09-03,02,Kolkata,95,42.8,49.8
2026-09-03,02,Chennai,73,15.7,20.3
2026-09-03,02,Hyderabad,62,11.4,14.5
2026-09-03,02,Pune,26,4.6,6.7
2026-09-03,02,Ahmedabad,64,12.8,23.9
2026-09-03,03,Delhi,121,28.5,28.9
2026-09-03,03,Mumbai,57,12.0,22.9
2026-09-03,03,Bengaluru,47,6.9,9.7
2026-09-03,03,Kolkata,97,36.3,42.1
2026-09-03,03,Chennai,73,15.8,19.3
2026-09-03,03,Hyderabad,61,9.6,11.9
2026-09-03,03,Pune,26,4.3,6.2
2026-09-03,03,Ahmedabad,64,10.7,21.2
2026-09-03,04,Delhi,119,28.1,28.3
2026-09-03,04,Mumbai,57,11.2,21.7
2026-09-03,04,Bengaluru,47,6.8,9.5
2026-09-03,04,Kolkata,99,30.4,35.3
2026-09-03,04,Chennai,73,17.6,20.8
2026-09-03,04,Hyderabad,61,7.9,9.3
2026-09-03,04,Pune,25,3.7,5.2
2026-09-03,04,Ahmedabad,64,9.5,19.2
2026-09-03,05,Delhi,117,12.0,12.0
2026-09-03,05,Mumbai,57,10.3,19.4
2026-09-03,05,Bengaluru,47,6.3,8.8
2026-09-03,05,Kolkata,100,29.0,31.9
2026-09-03,05,Chennai,73,14.2,17.1
2026-09-03,05,Hyderabad,60,2.7,2.9
2026-09-03,05,Pune,25,2.5,3.4
2026-09-03,05,Ahmedabad,64,9.6,19.4
2026-09-03,06,Delhi,114,12.4,12.5
2026-09-03,06,Mumbai,57,9.9,18.6
2026-09-03,06,Bengaluru,47,8.0,10.7
2026-09-03,06,Kolkata,101,33.5,36.8
2026-09-03,06,Chennai,73,15.4,18.5
2026-09-03,06,Hyderabad,59,3.7,4.0
2026-09-03,06,Pune,24,2.3,2.9
2026-09-03,06,Ahmedabad,64,9.5,18.1
2026-09-03,07,Delhi,110,12.8,12.9
2026-09-03,07,Mumbai,57,9.8,17.7
2026-09-03,07,Bengaluru,47,7.9,11.0
2026-09-03,07,Kolkata,102,32.0,36.0
2026-09-03,07,Chennai,73,17.2,20.5
2026-09-03,07,Hyderabad,58,4.9,5.4
2026-09-03,07,Pune,24,2.5,2.9
2026-09-03,07,Ahmedabad,63,10.3,18.7
2026-09-03,08,Delhi,106,13.1,13.2
2026-09-03,08,Mumbai,57,9.8,17.6
2026-09-03,08,Bengaluru,48,8.5,11.9
2026-09-03,08,Kolkata,103,29.5,34.2
2026-09-03,08,Chennai,73,19.2,23.0
2026-09-03,08,Hyderabad,57,5.5,6.5
2026-09-03,08,Pune,24,3.3,4.0
2026-09-03,08,Ahmedabad,63,10.7,21.2
2026-09-03,09,Delhi,103,15.1,15.3
2026-09-03,09,Mumbai,57,9.4,17.2
2026-09-03,09,Bengaluru,48,8.5,13.6
2026-09-03,09,Kolkata,104,29.0,33.8
2026-09-03,09,Chennai,74,20.6,25.8
2026-09-03,09,Hyderabad,56,6.4,8.4
2026-09-03,09,Pune,24,3.9,5.1
2026-09-03,09,Ahmedabad,63,11.2,22.9
2026-09-03,10,Delhi,100,16.9,23.9
2026-09-03,10,Mumbai,57,10.5,18.2
2026-09-03,10,Bengaluru,48,8.6,16.0
2026-09-03,10,Kolkata,105,29.6,34.3
2026-09-03,10,Chennai,74,21.1,27.3
2026-09-03,10,Hyderabad,55,8.0,11.6
2026-09-03,10,Pune,24,4.8,7.1
2026-09-03,10,Ahmedabad,63,12.2,25.7
2026-09-03,11,Delhi,97,17.6,28.5
2026-09-03,11,Mumbai,57,12.0,20.5
2026-09-03,11,Bengaluru,49,8.7,16.9
2026-09-03,11,Kolkata,105,30.9,35.5
2026-09-03,11,Chennai,74,21.6,28.8
2026-09-03,11,Hyderabad,55,9.3,14.6
2026-09-03,11,Pune,24,5.9,9.3
2026-09-03,11,Ahmedabad,63,13.0,28.8
2026-09-03,12,Delhi,95,17.2,22.9
2026-09-03,12,Mumbai,57,13.5,22.1
2026-09-03,12,Bengaluru,49,9.4,18.2
2026-09-03,12,Kolkata,105,32.0,37.4
2026-09-03,12,Chennai,74,22.2,29.8
2026-09-03,12,Hyderabad,55,10.3,16.5
2026-09-03,12,Pune,25,6.3,10.7
2026-09-03,12,Ahmedabad,63,13.4,30.7
2026-09-03,13,Delhi,92,18.1,21.7
2026-09-03,13,Mumbai,57,14.8,24.7
2026-09-03,13,Bengaluru,49,7.8,15.0
2026-09-03,13,Kolkata,105,31.9,38.8
2026-09-03,13,Chennai,74,23.2,31.8
2026-09-03,13,Hyderabad,55,11.1,18.0
2026-09-03,13,Pune,25,6.4,11.1
2026-09-03,13,Ahmedabad,63,14.2,33.8
2026-09-03,14,Delhi,90,19.0,21.5
2026-09-03,14,Mumbai,57,13.3,23.5
2026-09-03,14,Bengaluru,49,7.3,13.4
2026-09-03,14,Kolkata,105,32.1,40.9
2026-09-03,14,Chennai,74,24.4,34.1
2026-09-03,14,Hyderabad,55,12.9,21.1
2026-09-03,14,Pune,26,6.2,10.4
2026-09-03,14,Ahmedabad,63,14.3,34.6
2026-09-03,15,Delhi,87,21.0,26.1
2026-09-03,15,Mumbai,56,13.5,24.3
2026-09-03,15,Bengaluru,50,6.9,12.1
2026-09-03,15,Kolkata,106,33.9,43.5
2026-09-03,15,Chennai,75,25.6,36.7
2026-09-03,15,Hyderabad,55,12.1,19.2
2026-09-03,15,Pune,27,5.9,9.8
2026-09-03,15,Ahmedabad,63,14.8,36.2
2026-09-03,16,Delhi,86,22.5,25.7
2026-09-03,16,Mumbai,56,13.0,24.9
2026-09-03,16,Bengaluru,50,6.5,11.6
2026-09-03,16,Kolkata,106,36.0,46.2
2026-09-03,16,Chennai,85,24.0,34.2
2026-09-03,16,Hyderabad,55,12.0,18.9
2026-09-03,16,Pune,27,6.0,10.2
2026-09-03,16,Ahmedabad,63,15.4,37.4
2026-09-03,17,Delhi,85,25.3,25.5
2026-09-03,17,Mumbai,57,17.3,37.8
2026-09-03,17,Bengaluru,49,10.2,14.3
2026-09-03,17,Kolkata,108,32.4,44.9
2026-09-03,17,Chennai,100,25.6,34.0
2026-09-03,17,Hyderabad,55,15.3,23.6
2026-09-03,17,Pune,28,9.1,18.3
2026-09-03,17,Ahmedabad,63,24.4,63.8
2026-09-03,18,Delhi,84,30.3,30.5
2026-09-03,18,Mumbai,57,16.1,36.1
2026-09-03,18,Bengaluru,50,11.7,14.7
2026-09-03,18,Kolkata,106,32.9,43.7
2026-09-03,18,Chennai,106,27.4,36.1
2026-09-03,18,Hyderabad,56,16.9,23.2
2026-09-03,18,Pune,29,8.8,15.9
2026-09-03,18,Ahmedabad,63,24.6,54.1
2026-09-03,19,Delhi,83,41.4,41.7
2026-09-03,19,Mumbai,57,15.9,34.7
2026-09-03,19,Bengaluru,49,13.5,16.2
2026-09-03,19,Kolkata,105,33.6,43.2
2026-09-03,19,Chennai,106,29.5,39.2
2026-09-03,19,Hyderabad,56,19.5,25.4
2026-09-03,19,Pune,30,9.0,14.5
2026-09-03,19,Ahmedabad,63,27.2,54.5
2026-09-03,20,Delhi,83,52.0,52.3
2026-09-03,20,Mumbai,57,15.4,33.4
2026-09-03,20,Bengaluru,50,14.1,16.9
2026-09-03,20,Kolkata,104,32.7,41.4
2026-09-03,20,Chennai,99,30.7,40.6
2026-09-03,20,Hyderabad,56,20.5,26.4
2026-09-03,20,Pune,31,9.6,14.5
2026-09-03,20,Ahmedabad,63,28.4,53.9
2026-09-03,21,Delhi,83,66.4,66.6
2026-09-03,21,Mumbai,58,14.6,31.2
2026-09-03,21,Bengaluru,50,14.1,16.9
2026-09-03,21,Kolkata,102,31.2,38.8
2026-09-03,21,Chennai,88,29.9,40.0
2026-09-03,21,Hyderabad,56,20.7,26.7
2026-09-03,21,Pune,31,11.0,15.1
2026-09-03,21,Ahmedabad,64,27.4,50.2
2026-09-03,22,Delhi,84,67.8,68.0
2026-09-03,22,Mumbai,58,14.1,29.3
2026-09-03,22,Bengaluru,50,13.4,16.3
2026-09-03,22,Kolkata,100,29.6,36.2
2026-09-03,22,Chennai,75,28.6,38.8
2026-09-03,22,Hyderabad,55,20.7,27.1
2026-09-03,22,Pune,32,10.9,15.4
2026-09-03,22,Ahmedabad,64,25.2,44.8
2026-09-03,23,Delhi,86,64.3,64.7
2026-09-03,23,Mumbai,58,13.6,28.7
2026-09-03,23,Bengaluru,50,12.1,14.8
2026-09-03,23,Kolkata,98,26.4,32.1
2026-09-03,23,Chennai,75,26.5,36.7
2026-09-03,23,Hyderabad,55,19.6,26.1
2026-09-03,23,Pune,33,9.3,14.1
2026-09-03,23,Ahmedabad,64,21.8,38.5
2026-09-04,00,Delhi,88,61.7,61.9
2026-09-04,00,Mumbai,57,12.3,25.8
2026-09-04,00,Bengaluru,50,10.3,13.0
2026-09-04,00,Kolkata,96,24.5,29.6
2026-09-04,00,Chennai,75,25.0,35.3
2026-09-04,00,Hyderabad,56,17.3,23.3
2026-09-04,00,Pune,34,7.6,12.5
2026-09-04,00,Ahmedabad,64,17.9,32.5
2026-09-04,01,Delhi,90,59.3,59.6
2026-09-04,01,Mumbai,57,11.5,24.0
2026-09-04,01,Bengaluru,51,9.1,11.6
2026-09-04,01,Kolkata,94,23.2,27.9
2026-09-04,01,Chennai,75,23.1,33.4
2026-09-04,01,Hyderabad,56,14.2,18.8
2026-09-04,01,Pune,34,6.9,11.7
2026-09-04,01,Ahmedabad,64,15.1,29.0
2026-09-04,02,Delhi,92,58.2,58.7
2026-09-04,02,Mumbai,57,11.1,23.1
2026-09-04,02,Bengaluru,51,8.4,10.7
2026-09-04,02,Kolkata,92,20.7,24.5
2026-09-04,02,Chennai,76,20.0,28.3
2026-09-04,02,Hyderabad,56,10.9,14.1
2026-09-04,02,Pune,35,5.9,9.8
2026-09-04,02,Ahmedabad,64,13.3,27.0
2026-09-04,03,Delhi,94,56.9,57.3
2026-09-04,03,Mumbai,57,10.5,21.8
2026-09-04,03,Bengaluru,51,7.9,10.3
2026-09-04,03,Kolkata,91,20.4,23.8
2026-09-04,03,Chennai,76,18.8,25.9
2026-09-04,03,Hyderabad,56,8.6,11.0
2026-09-04,03,Pune,35,4.9,8.8
2026-09-04,03,Ahmedabad,64,12.2,25.3
2026-09-04,04,Delhi,97,54.7,55.2
2026-09-04,04,Mumbai,57,10.2,21.2
2026-09-04,04,Bengaluru,51,7.9,10.3
2026-09-04,04,Kolkata,89,21.5,25.1
2026-09-04,04,Chennai,76,18.4,24.9
2026-09-04,04,Hyderabad,56,7.5,9.5
2026-09-04,04,Pune,35,4.5,7.5
2026-09-04,04,Ahmedabad,64,10.5,22.1
2026-09-04,05,Delhi,99,51.8,52.2
2026-09-04,05,Mumbai,57,8.6,18.3
2026-09-04,05,Bengaluru,51,6.1,7.9
2026-09-04,05,Kolkata,89,21.1,24.2
2026-09-04,05,Chennai,76,13.1,17.9
2026-09-04,05,Hyderabad,56,6.6,8.7
2026-09-04,05,Pune,36,2.6,4.2
2026-09-04,05,Ahmedabad,64,11.1,22.5
2026-09-04,06,Delhi,102,48.0,48.3
2026-09-04,06,Mumbai,57,8.8,18.0
2026-09-04,06,Bengaluru,51,7.5,9.2
2026-09-04,06,Kolkata,88,26.6,29.3
2026-09-04,06,Chennai,76,11.9,15.8
2026-09-04,06,Hyderabad,56,8.1,10.5
2026-09-04,06,Pune,36,2.8,3.9
2026-09-04,06,Ahmedabad,64,10.2,20.3
2026-09-04,07,Delhi,106,44.9,45.4
2026-09-04,07,Mumbai,57,10.4,21.2
2026-09-04,07,Bengaluru,51,7.4,9.2
2026-09-04,07,Kolkata,88,26.2,31.0
2026-09-04,07,Chennai,76,12.1,15.5
2026-09-04,07,Hyderabad,57,9.5,13.0
2026-09-04,07,Pune,36,3.1,4.1
2026-09-04,07,Ahmedabad,64,10.4,20.1
2026-09-04,08,Delhi,110,46.9,47.4
2026-09-04,08,Mumbai,57,11.7,22.0
2026-09-04,08,Bengaluru,51,6.7,9.0
2026-09-04,08,Kolkata,87,26.5,32.0
2026-09-04,08,Chennai,76,12.4,15.7
2026-09-04,08,Hyderabad,57,11.4,16.7
2026-09-04,08,Pune,36,3.5,4.6
2026-09-04,08,Ahmedabad,64,11.0,23.4
2026-09-04,09,Delhi,113,41.3,41.7
2026-09-04,09,Mumbai,57,13.4,24.0
2026-09-04,09,Bengaluru,51,6.4,8.9
2026-09-04,09,Kolkata,87,26.5,32.0
2026-09-04,09,Chennai,75,12.9,16.1
2026-09-04,09,Hyderabad,57,11.7,19.3
2026-09-04,09,Pune,36,4.3,6.5
2026-09-04,09,Ahmedabad,64,12.0,26.7
2026-09-04,10,Delhi,116,38.4,38.8
2026-09-04,10,Mumbai,57,13.9,25.0
2026-09-04,10,Bengaluru,50,6.1,9.3
2026-09-04,10,Kolkata,87,27.4,32.5
2026-09-04,10,Chennai,75,13.7,16.8
2026-09-04,10,Hyderabad,58,12.5,22.7
2026-09-04,10,Pune,36,5.1,8.8
2026-09-04,10,Ahmedabad,64,13.8,33.1
2026-09-04,11,Delhi,118,33.4,33.8
2026-09-04,11,Mumbai,57,16.4,28.6
2026-09-04,11,Bengaluru,50,5.8,9.3
2026-09-04,11,Kolkata,86,27.3,32.0
2026-09-04,11,Chennai,74,14.4,16.9
2026-09-04,11,Hyderabad,58,12.7,23.9
2026-09-04,11,Pune,36,6.2,11.7
2026-09-04,11,Ahmedabad,65,15.4,37.8
2026-09-04,12,Delhi,120,31.9,32.4
2026-09-04,12,Mumbai,58,16.5,29.0
2026-09-04,12,Bengaluru,50,5.5,8.8
2026-09-04,12,Kolkata,86,26.8,31.3
2026-09-04,12,Chennai,73,15.5,18.1
2026-09-04,12,Hyderabad,58,12.7,24.6
2026-09-04,12,Pune,36,6.3,12.2
2026-09-04,12,Ahmedabad,65,16.5,41.2
2026-09-04,13,Delhi,121,31.1,31.5
2026-09-04,13,Mumbai,58,16.3,28.5
2026-09-04,13,Bengaluru,49,5.3,8.2
2026-09-04,13,Kolkata,86,27.6,31.9
2026-09-04,13,Chennai,73,16.0,19.2
2026-09-04,13,Hyderabad,59,12.7,24.4
2026-09-04,13,Pune,36,6.3,13.4
2026-09-04,13,Ahmedabad,65,17.4,43.1
2026-09-04,14,Delhi,123,30.9,31.2
2026-09-04,14,Mumbai,58,16.4,27.8
2026-09-04,14,Bengaluru,49,5.0,7.7
2026-09-04,14,Kolkata,85,26.3,30.4
2026-09-04,14,Chennai,72,17.8,23.6
2026-09-04,14,Hyderabad,59,12.6,24.2
2026-09-04,14,Pune,36,6.7,14.3
2026-09-04,14,Ahmedabad,65,17.8,43.1
2026-09-04,15,Delhi,124,30.9,31.3
2026-09-04,15,Mumbai,58,15.4,26.0
2026-09-04,15,Bengaluru,48,4.8,7.2
2026-09-04,15,Kolkata,93,25.5,29.0
2026-09-04,15,Chennai,72,18.0,24.4
2026-09-04,15,Hyderabad,59,12.7,23.9
2026-09-04,15,Pune,36,7.5,15.8
2026-09-04,15,Ahmedabad,66,17.9,41.6
2026-09-04,16,Delhi,125,31.0,31.4
2026-09-04,16,Mumbai,58,13.5,23.7
2026-09-04,16,Bengaluru,48,4.7,7.0
2026-09-04,16,Kolkata,99,25.7,28.4
2026-09-04,16,Chennai,71,17.3,23.7
2026-09-04,16,Hyderabad,59,13.1,24.2
2026-09-04,16,Pune,37,7.6,15.0
2026-09-04,16,Ahmedabad,66,17.3,38.8
2026-09-04,17,Delhi,126,48.9,67.1
2026-09-04,17,Mumbai,58,12.0,22.2
2026-09-04,17,Bengaluru,47,8.2,10.5
2026-09-04,17,Kolkata,96,29.2,34.5
2026-09-04,17,Chennai,78,21.4,27.7
2026-09-04,17,Hyderabad,59,18.7,35.3
2026-09-04,17,Pune,37,8.0,15.2
2026-09-04,17,Ahmedabad,66,22.4,47.6
2026-09-04,18,Delhi,128,51.9,57.9
2026-09-04,18,Mumbai,58,12.3,22.2
2026-09-04,18,Bengaluru,47,14.5,16.4
2026-09-04,18,Kolkata,90,32.5,37.8
2026-09-04,18,Chennai,89,21.8,27.8
2026-09-04,18,Hyderabad,59,20.8,33.4
2026-09-04,18,Pune,37,7.5,13.1
2026-09-04,18,Ahmedabad,66,22.9,43.9
2026-09-04,19,Delhi,130,54.6,55.8
2026-09-04,19,Mumbai,58,11.9,21.4
2026-09-04,19,Bengaluru,47,16.5,18.2
2026-09-04,19,Kolkata,83,34.8,40.0
2026-09-04,19,Chennai,92,20.7,26.8
2026-09-04,19,Hyderabad,59,23.5,35.0
2026-09-04,19,Pune,36,8.7,12.9
2026-09-04,19,Ahmedabad,66,25.7,44.4
2026-09-04,20,Delhi,132,52.2,52.3
2026-09-04,20,Mumbai,57,10.9,19.0
2026-09-04,20,Bengaluru,48,12.5,13.9
2026-09-04,20,Kolkata,83,35.7,40.4
2026-09-04,20,Chennai,87,20.3,26.8
2026-09-04,20,Hyderabad,60,26.8,38.4
2026-09-04,20,Pune,36,8.8,12.9
2026-09-04,20,Ahmedabad,66,26.8,44.0
2026-09-04,21,Delhi,132,45.9,46.1
2026-09-04,21,Mumbai,57,10.2,18.2
2026-09-04,21,Bengaluru,48,13.4,14.7
2026-09-04,21,Kolkata,84,36.0,40.4
2026-09-04,21,Chennai,77,19.7,26.5
2026-09-04,21,Hyderabad,60,30.5,42.5
2026-09-04,21,Pune,36,8.8,12.6
2026-09-04,21,Ahmedabad,65,24.8,40.3
2026-09-04,22,Delhi,130,39.2,39.5
2026-09-04,22,Mumbai,57,9.9,17.8
2026-09-04,22,Bengaluru,48,13.6,14.9
2026-09-04,22,Kolkata,84,33.9,38.1
2026-09-04,22,Chennai,68,19.3,26.0
2026-09-04,22,Hyderabad,61,34.1,46.6
2026-09-04,22,Pune,36,9.3,12.5
2026-09-04,22,Ahmedabad,65,21.9,36.4
2026-09-04,23,Delhi,127,34.6,34.7
2026-09-04,23,Mumbai,56,9.8,18.7
2026-09-04,23,Bengaluru,48,12.0,13.3
2026-09-04,23,Kolkata,84,30.5,34.5
2026-09-04,23,Chennai,67,18.8,25.6
2026-09-04,23,Hyderabad,62,37.5,50.5
2026-09-04,23,Pune,35,8.9,12.0
2026-09-04,23,Ahmedabad,65,19.5,33.5
2026-09-05,00,Delhi,124,27.9,28.1
2026-09-05,00,Mumbai,56,9.5,19.0
2026-09-05,00,Bengaluru,48,10.5,11.7
2026-09-05,00,Kolkata,85,26.5,30.0
2026-09-05,00,Chennai,66,18.3,24.9
2026-09-05,00,Hyderabad,63,38.5,52.0
2026-09-05,00,Pune,35,6.4,9.7
2026-09-05,00,Ahmedabad,65,16.9,30.4
2026-09-05,01,Delhi,120,23.1,23.2
2026-09-05,01,Mumbai,56,10.2,21.5
2026-09-05,01,Bengaluru,48,9.8,11.2
2026-09-05,01,Kolkata,85,21.7,24.7
2026-09-05,01,Chennai,66,17.8,24.2
2026-09-05,01,Hyderabad,65,38.1,51.8
2026-09-05,01,Pune,35,5.9,8.7
2026-09-05,01,Ahmedabad,65,14.5,27.2
2026-09-05,02,Delhi,116,18.2,18.3
2026-09-05,02,Mumbai,56,10.8,23.3
2026-09-05,02,Bengaluru,48,10.0,11.5
2026-09-05,02,Kolkata,85,18.5,21.1
2026-09-05,02,Chennai,65,17.3,23.2
2026-09-05,02,Hyderabad,67,34.8,48.3
2026-09-05,02,Pune,35,5.3,7.6
2026-09-05,02,Ahmedabad,65,12.5,24.0
2026-09-05,03,Delhi,112,15.0,15.1
2026-09-05,03,Mumbai,56,10.8,23.1
2026-09-05,03,Bengaluru,48,10.1,11.8
2026-09-05,03,Kolkata,84,18.3,20.8
2026-09-05,03,Chennai,65,16.4,21.5
2026-09-05,03,Hyderabad,69,29.6,42.4
2026-09-05,03,Pune,34,4.5,6.3
2026-09-05,03,Ahmedabad,65,10.3,20.0
2026-09-05,04,Delhi,108,13.7,13.8
2026-09-05,04,Mumbai,56,11.1,23.5
2026-09-05,04,Bengaluru,49,9.8,11.8
2026-09-05,04,Kolkata,84,19.2,21.9
2026-09-05,04,Chennai,65,15.1,18.7
2026-09-05,04,Hyderabad,70,24.2,35.3
2026-09-05,04,Pune,34,3.6,5.7
2026-09-05,04,Ahmedabad,64,9.1,17.4
2026-09-05,05,Delhi,104,18.0,18.2
2026-09-05,05,Mumbai,56,10.7,21.5
2026-09-05,05,Bengaluru,49,10.5,12.9
2026-09-05,05,Kolkata,84,22.1,25.4
2026-09-05,05,Chennai,65,19.6,23.8
2026-09-05,05,Hyderabad,72,13.0,17.6
2026-09-05,05,Pune,34,2.3,3.4
2026-09-05,05,Ahmedabad,64,8.9,16.8
2026-09-05,06,Delhi,100,20.4,20.5
2026-09-05,06,Mumbai,56,10.6,21.0
2026-09-05,06,Bengaluru,50,12.3,15.0
2026-09-05,06,Kolkata,84,26.3,29.3
2026-09-05,06,Chennai,65,19.9,23.6
2026-09-05,06,Hyderabad,72,12.8,16.8
2026-09-05,06,Pune,34,2.7,3.9
2026-09-05,06,Ahmedabad,64,8.4,15.3
2026-09-05,07,Delhi,98,24.9,25.0
2026-09-05,07,Mumbai,56,11.3,21.5
2026-09-05,07,Bengaluru,50,11.9,15.1
2026-09-05,07,Kolkata,84,27.2,32.9
2026-09-05,07,Chennai,66,20.3,24.0
2026-09-05,07,Hyderabad,73,13.5,17.5
2026-09-05,07,Pune,34,3.7,4.9
2026-09-05,07,Ahmedabad,64,8.9,16.9
2026-09-05,08,Delhi,96,25.7,25.8
2026-09-05,08,Mumbai,56,11.7,20.7
2026-09-05,08,Bengaluru,51,9.1,13.4
2026-09-05,08,Kolkata,84,28.7,36.2
2026-09-05,08,Chennai,66,20.8,24.7
2026-09-05,08,Hyderabad,73,13.4,19.6
2026-09-05,08,Pune,34,4.0,5.9
2026-09-05,08,Ahmedabad,64,9.5,18.8
2026-09-05,09,Delhi,95,24.2,24.4
2026-09-05,09,Mumbai,56,12.6,20.9
2026-09-05,09,Bengaluru,51,8.8,13.9
2026-09-05,09,Kolkata,84,30.3,38.6
2026-09-05,09,Chennai,67,21.0,24.7
2026-09-05,09,Hyderabad,73,13.8,22.3
2026-09-05,09,Pune,34,5.0,8.6
2026-09-05,09,Ahmedabad,64,10.3,20.8
2026-09-05,10,Delhi,93,22.8,22.9
2026-09-05,10,Mumbai,56,13.2,21.2
2026-09-05,10,Bengaluru,51,8.9,15.3
2026-09-05,10,Kolkata,85,30.4,38.6
2026-09-05,10,Chennai,68,21.2,24.9
2026-09-05,10,Hyderabad,73,14.1,25.0
2026-09-05,10,Pune,35,5.4,9.4
2026-09-05,10,Ahmedabad,64,11.4,24.9
2026-09-05,11,Delhi,92,22.4,22.6
2026-09-05,11,Mumbai,56,12.8,20.3
2026-09-05,11,Bengaluru,51,8.9,15.9
2026-09-05,11,Kolkata,85,30.2,38.3
2026-09-05,11,Chennai,68,21.9,26.2
2026-09-05,11,Hyderabad,73,13.0,24.2
2026-09-05,11,Pune,35,5.4,9.5
2026-09-05,11,Ahmedabad,63,12.5,28.4
2026-09-05,12,Delhi,91,23.7,24.0
2026-09-05,12,Mumbai,56,13.1,20.1
2026-09-05,12,Bengaluru,52,8.6,15.7
2026-09-05,12,Kolkata,85,29.9,38.0
2026-09-05,12,Chennai,69,22.4,28.1
2026-09-05,12,Hyderabad,73,11.8,22.7
2026-09-05,12,Pune,34,5.8,9.8
2026-09-05,12,Ahmedabad,63,13.3,30.5
2026-09-05,13,Delhi,91,24.2,24.5
2026-09-05,13,Mumbai,56,13.3,19.9
2026-09-05,13,Bengaluru,52,8.0,14.6
2026-09-05,13,Kolkata,85,29.5,37.5
2026-09-05,13,Chennai,69,21.2,26.8
2026-09-05,13,Hyderabad,73,10.9,21.5
2026-09-05,13,Pune,34,5.4,9.7
2026-09-05,13,Ahmedabad,63,13.7,31.4
2026-09-05,14,Delhi,90,24.7,25.3
2026-09-05,14,Mumbai,55,13.4,21.0
2026-09-05,14,Bengaluru,52,7.6,13.5
2026-09-05,14,Kolkata,86,29.8,38.3
2026-09-05,14,Chennai,70,20.3,25.7
2026-09-05,14,Hyderabad,73,10.5,20.7
2026-09-05,14,Pune,34,5.3,9.5
2026-09-05,14,Ahmedabad,63,14.3,32.4
2026-09-05,15,Delhi,89,26.1,26.7
2026-09-05,15,Mumbai,55,12.6,20.5
2026-09-05,15,Bengaluru,52,7.2,12.7
2026-09-05,15,Kolkata,86,28.2,35.0
2026-09-05,15,Chennai,81,19.8,25.6
2026-09-05,15,Hyderabad,73,10.3,20.0
2026-09-05,15,Pune,34,5.0,8.1
2026-09-05,15,Ahmedabad,62,14.4,32.7
2026-09-05,16,Delhi,89,28.2,28.8
2026-09-05,16,Mumbai,55,11.6,19.0
2026-09-05,16,Bengaluru,52,7.3,12.6
2026-09-05,16,Kolkata,86,27.1,32.7
2026-09-05,16,Chennai,95,19.6,25.5
2026-09-05,16,Hyderabad,73,10.4,19.4
2026-09-05,16,Pune,33,4.3,6.7
2026-09-05,16,Ahmedabad,62,14.3,31.9
2026-09-05,17,Delhi,89,38.3,39.6
2026-09-05,17,Mumbai,55,8.8,15.2
2026-09-05,17,Bengaluru,53,5.1,6.2
2026-09-05,17,Kolkata,86,31.4,36.1
2026-09-05,17,Chennai,106,25.7,33.6
2026-09-05,17,Hyderabad,73,10.6,19.4
2026-09-05,17,Pune,32,6.2,10.2
2026-09-05,17,Ahmedabad,62,17.3,35.7
2026-09-05,18,Delhi,88,44.0,44.8
2026-09-05,18,Mumbai,54,9.3,16.5
2026-09-05,18,Bengaluru,52,9.3,10.5
2026-09-05,18,Kolkata,86,35.4,40.2
2026-09-05,18,Chennai,105,25.0,32.5
2026-09-05,18,Hyderabad,72,14.2,22.1
2026-09-05,18,Pune,32,6.3,9.4
2026-09-05,18,Ahmedabad,61,18.6,35.0
2026-09-05,19,Delhi,87,48.2,48.9
2026-09-05,19,Mumbai,54,10.4,18.9
2026-09-05,19,Bengaluru,52,14.1,15.4
2026-09-05,19,Kolkata,87,37.3,42.1
2026-09-05,19,Chennai,98,24.6,31.8
2026-09-05,19,Hyderabad,72,18.9,26.4
2026-09-05,19,Pune,32,6.7,9.1
2026-09-05,19,Ahmedabad,61,20.9,36.3
2026-09-05,20,Delhi,87,49.5,50.1
2026-09-05,20,Mumbai,54,11.9,22.1
2026-09-05,20,Bengaluru,52,15.4,16.9
2026-09-05,20,Kolkata,87,37.7,42.8
2026-09-05,20,Chennai,84,23.9,30.7
2026-09-05,20,Hyderabad,71,21.7,28.9
2026-09-05,20,Pune,31,7.7,9.7
2026-09-05,20,Ahmedabad,61,21.2,35.6
2026-09-05,21,Delhi,87,48.3,48.9
2026-09-05,21,Mumbai,54,13.0,25.1
2026-09-05,21,Bengaluru,52,15.5,17.3
2026-09-05,21,Kolkata,87,37.4,42.5
2026-09-05,21,Chennai,72,22.4,29.3
2026-09-05,21,Hyderabad,71,23.8,31.0
2026-09-05,21,Pune,31,7.2,9.1
2026-09-05,21,Ahmedabad,60,19.7,32.8
2026-09-05,22,Delhi,87,47.0,47.5
2026-09-05,22,Mumbai,54,13.9,27.9
2026-09-05,22,Bengaluru,52,14.3,16.2
2026-09-05,22,Kolkata,87,34.3,39.6
2026-09-05,22,Chennai,72,22.2,29.3
2026-09-05,22,Hyderabad,70,26.0,33.2
2026-09-05,22,Pune,31,7.1,8.6
2026-09-05,22,Ahmedabad,60,17.5,29.8
2026-09-05,23,Delhi,88,47.1,47.6
2026-09-05,23,Mumbai,55,14.2,30.9
2026-09-05,23,Bengaluru,52,12.2,14.3
2026-09-05,23,Kolkata,87,29.9,35.2
2026-09-05,23,Chennai,72,22.0,29.0
2026-09-05,23,Hyderabad,70,26.6,34.1
2026-09-05,23,Pune,30,6.3,8.1
2026-09-05,23,Ahmedabad,60,15.5,27.0
2026-09-06,00,Delhi,88,46.4,46.9
2026-09-06,00,Mumbai,55,14.3,32.0
2026-09-06,00,Bengaluru,52,10.5,12.9
2026-09-06,00,Kolkata,87,27.0,32.1
2026-09-06,00,Chennai,72,21.2,27.9
2026-09-06,00,Hyderabad,69,25.1,33.1
2026-09-06,00,Pune,30,6.3,8.3
2026-09-06,00,Ahmedabad,59,13.7,24.9
2026-09-06,01,Delhi,90,44.9,45.3
2026-09-06,01,Mumbai,55,14.9,35.5
2026-09-06,01,Bengaluru,52,9.9,12.6
2026-09-06,01,Kolkata,87,25.3,30.6
2026-09-06,01,Chennai,72,19.6,25.1
2026-09-06,01,Hyderabad,68,21.7,29.4
2026-09-06,01,Pune,29,6.4,8.5
2026-09-06,01,Ahmedabad,59,12.7,23.9
2026-09-06,02,Delhi,92,45.8,46.1
2026-09-06,02,Mumbai,56,15.1,35.5
2026-09-06,02,Bengaluru,52,10.1,13.3
2026-09-06,02,Kolkata,87,24.2,29.5
2026-09-06,02,Chennai,73,17.3,21.5
2026-09-06,02,Hyderabad,66,18.2,25.6
2026-09-06,02,Pune,30,6.5,10.0
2026-09-06,02,Ahmedabad,59,12.3,23.9
2026-09-06,03,Delhi,94,47.0,47.5
2026-09-06,03,Mumbai,56,15.9,38.2
2026-09-06,03,Bengaluru,52,10.9,14.5
2026-09-06,03,Kolkata,88,23.4,28.2
2026-09-06,03,Chennai,73,15.7,19.1
2026-09-06,03,Hyderabad,65,16.4,23.0
2026-09-06,03,Pune,30,6.7,11.4
2026-09-06,03,Ahmedabad,59,11.6,23.2
2026-09-06,04,Delhi,96,46.3,46.7
2026-09-06,04,Mumbai,57,15.9,39.0
2026-09-06,04,Bengaluru,52,11.5,15.4
2026-09-06,04,Kolkata,88,23.2,27.7
2026-09-06,04,Chennai,73,14.7,17.5
2026-09-06,04,Hyderabad,64,15.9,22.2
2026-09-06,04,Pune,30,7.1,12.4
2026-09-06,04,Ahmedabad,59,11.7,23.9
2026-09-06,05,Delhi,99,45.5,45.9
2026-09-06,05,Mumbai,57,14.6,34.3
2026-09-06,05,Bengaluru,53,15.4,21.7
2026-09-06,05,Kolkata,89,31.2,35.9
2026-09-06,05,Chennai,73,21.4,24.8
2026-09-06,05,Hyderabad,63,20.3,28.6
2026-09-06,05,Pune,31,7.1,12.1
2026-09-06,05,Ahmedabad,59,14.9,29.6
2026-09-06,06,Delhi,101,50.1,50.3
2026-09-06,06,Mumbai,57,14.3,33.3
2026-09-06,06,Bengaluru,53,15.1,21.2
2026-09-06,06,Kolkata,89,34.9,38.6
2026-09-06,06,Chennai,73,18.1,21.2
2026-09-06,06,Hyderabad,64,19.3,26.6
2026-09-06,06,Pune,32,6.9,13.3
2026-09-06,06,Ahmedabad,60,14.1,28.4
2026-09-06,07,Delhi,105,43.8,44.1
2026-09-06,07,Mumbai,58,14.3,31.4
2026-09-06,07,Bengaluru,53,13.2,21.1
2026-09-06,07,Kolkata,90,34.7,40.7
2026-09-06,07,Chennai,73,16.6,19.6
2026-09-06,07,Hyderabad,64,18.7,25.0
2026-09-06,07,Pune,33,6.6,12.5
2026-09-06,07,Ahmedabad,60,15.0,31.5
2026-09-06,08,Delhi,106,34.6,34.9
2026-09-06,08,Mumbai,58,14.6,29.9
2026-09-06,08,Bengaluru,53,12.9,24.5
2026-09-06,08,Kolkata,91,36.9,46.2
2026-09-06,08,Chennai,72,17.2,20.4
2026-09-06,08,Hyderabad,65,17.3,24.6
2026-09-06,08,Pune,34,6.1,10.6
2026-09-06,08,Ahmedabad,61,16.8,38.2
2026-09-06,09,Delhi,107,30.2,30.5
2026-09-06,09,Mumbai,58,14.4,28.1
2026-09-06,09,Bengaluru,54,15.1,31.0
2026-09-06,09,Kolkata,91,39.0,52.6
2026-09-06,09,Chennai,72,19.9,23.9
2026-09-06,09,Hyderabad,65,15.6,22.3
2026-09-06,09,Pune,34,5.5,9.4
2026-09-06,09,Ahmedabad,61,19.3,46.4
2026-09-06,10,Delhi,108,26.9,27.1
2026-09-06,10,Mumbai,58,15.0,27.6
2026-09-06,10,Bengaluru,54,14.2,30.3
2026-09-06,10,Kolkata,92,38.3,53.4
2026-09-06,10,Chennai,72,22.8,27.2
2026-09-06,10,Hyderabad,65,14.1,20.1
2026-09-06,10,Pune,35,6.0,10.0
2026-09-06,10,Ahmedabad,62,21.2,52.4
2026-09-06,11,Delhi,108,25.1,25.3
2026-09-06,11,Mumbai,58,15.4,26.9
2026-09-06,11,Bengaluru,54,13.3,28.6
2026-09-06,11,Kolkata,92,36.3,51.0
2026-09-06,11,Chennai,72,24.6,29.5
2026-09-06,11,Hyderabad,65,12.8,18.3
2026-09-06,11,Pune,35,5.7,9.8
2026-09-06,11,Ahmedabad,63,22.2,55.9
2026-09-06,12,Delhi,109,23.1,23.3
2026-09-06,12,Mumbai,59,15.9,26.5
2026-09-06,12,Bengaluru,55,12.4,26.8
2026-09-06,12,Kolkata,93,33.6,46.8
2026-09-06,12,Chennai,72,26.1,32.6
2026-09-06,12,Hyderabad,65,11.9,17.1
2026-09-06,12,Pune,35,5.5,10.6
2026-09-06,12,Ahmedabad,63,22.4,58.1
2026-09-06,13,Delhi,109,23.3,23.5
2026-09-06,13,Mumbai,59,15.1,24.9
2026-09-06,13,Bengaluru,55,12.4,26.7
2026-09-06,13,Kolkata,93,32.4,44.2
2026-09-06,13,Chennai,72,25.3,32.0
2026-09-06,13,Hyderabad,65,11.1,16.2
2026-09-06,13,Pune,35,9.7,19.9
2026-09-06,13,Ahmedabad,64,21.9,58.3
2026-09-06,14,Delhi,109,23.5,23.6
2026-09-06,14,Mumbai,59,14.1,23.3
2026-09-06,14,Bengaluru,55,12.4,26.7
2026-09-06,14,Kolkata,93,30.5,40.0
2026-09-06,14,Chennai,73,24.4,31.2
2026-09-06,14,Hyderabad,65,10.4,15.9
2026-09-06,14,Pune,36,6.4,11.8
2026-09-06,14,Ahmedabad,65,21.7,58.4
2026-09-06,15,Delhi,108,22.7,23.1
2026-09-06,15,Mumbai,59,15.1,26.1
2026-09-06,15,Bengaluru,56,12.4,26.4
2026-09-06,15,Kolkata,94,30.9,37.8
2026-09-06,15,Chennai,76,23.7,30.5
2026-09-06,15,Hyderabad,65,11.0,17.5
2026-09-06,15,Pune,36,6.3,10.8
2026-09-06,15,Ahmedabad,65,20.8,55.8
2026-09-06,16,Delhi,108,22.4,22.8
2026-09-06,16,Mumbai,59,13.6,24.3
2026-09-06,16,Bengaluru,56,12.7,26.5
2026-09-06,16,Kolkata,94,32.2,38.4
2026-09-06,16,Chennai,94,23.5,30.3
2026-09-06,16,Hyderabad,65,10.3,16.2
2026-09-06,16,Pune,36,5.6,8.7
2026-09-06,16,Ahmedabad,66,20.1,54.0
2026-09-06,17,Delhi,108,23.6,23.7
2026-09-06,17,Mumbai,59,14.6,28.9
2026-09-06,17,Bengaluru,57,14.9,30.4
2026-09-06,17,Kolkata,94,32.1,38.9
2026-09-06,17,Chennai,108,21.4,27.6
2026-09-06,17,Hyderabad,65,8.2,11.2
2026-09-06,17,Pune,37,4.8,7.8
2026-09-06,17,Ahmedabad,66,22.4,53.7
2026-09-06,18,Delhi,106,29.4,29.9
2026-09-06,18,Mumbai,60,14.9,29.3
2026-09-06,18,Bengaluru,57,18.4,30.6
2026-09-06,18,Kolkata,94,33.8,38.9
2026-09-06,18,Chennai,114,22.1,27.8
2026-09-06,18,Hyderabad,65,10.0,12.6
2026-09-06,18,Pune,36,5.7,8.8
2026-09-06,18,Ahmedabad,67,23.1,52.4
2026-09-06,19,Delhi,104,40.3,40.5
2026-09-06,19,Mumbai,60,14.5,29.2
2026-09-06,19,Bengaluru,58,22.4,34.2
2026-09-06,19,Kolkata,94,35.0,39.3
2026-09-06,19,Chennai,112,21.4,27.0
2026-09-06,19,Hyderabad,65,13.2,15.9
2026-09-06,19,Pune,36,6.9,9.9
2026-09-06,19,Ahmedabad,67,25.0,52.0
2026-09-06,20,Delhi,104,50.4,50.5
2026-09-06,20,Mumbai,60,15.8,33.1
2026-09-06,20,Bengaluru,59,22.7,33.6
2026-09-06,20,Kolkata,94,34.3,38.2
2026-09-06,20,Chennai,103,20.5,25.7
2026-09-06,20,Hyderabad,64,17.3,20.4
2026-09-06,20,Pune,36,7.7,10.8
2026-09-06,20,Ahmedabad,67,26.6,52.5
2026-09-06,21,Delhi,104,53.6,53.6
2026-09-06,21,Mumbai,61,16.7,36.2
2026-09-06,21,Bengaluru,59,20.9,30.4
2026-09-06,21,Kolkata,94,32.6,36.4
2026-09-06,21,Chennai,92,19.4,24.5
2026-09-06,21,Hyderabad,64,21.2,24.8
2026-09-06,21,Pune,36,8.8,11.8
2026-09-06,21,Ahmedabad,68,27.3,52.7
2026-09-06,22,Delhi,104,59.8,59.8
2026-09-06,22,Mumbai,61,17.1,36.8
2026-09-06,22,Bengaluru,60,18.6,26.2
2026-09-06,22,Kolkata,93,29.7,34.0
2026-09-06,22,Chennai,80,18.7,23.7
2026-09-06,22,Hyderabad,64,24.3,28.1
2026-09-06,22,Pune,37,9.0,12.0
2026-09-06,22,Ahmedabad,68,27.6,53.0
2026-09-06,23,Delhi,106,69.4,69.4
2026-09-06,23,Mumbai,61,16.8,37.8
2026-09-06,23,Bengaluru,60,15.7,21.2
2026-09-06,23,Kolkata,93,25.4,29.6
2026-09-06,23,Chennai,72,18.4,23.7
2026-09-06,23,Hyderabad,64,25.3,29.2
2026-09-06,23,Pune,37,8.8,12.0
2026-09-06,23,Ahmedabad,69,26.8,51.0
2026-09-07,00,Delhi,108,75.4,75.4
2026-09-07,00,Mumbai,62,16.6,38.5
2026-09-07,00,Bengaluru,60,12.9,17.0
2026-09-07,00,Kolkata,93,25.4,29.9
2026-09-07,00,Chennai,72,18.2,23.3
2026-09-07,00,Hyderabad,64,19.0,22.5
2026-09-07,00,Pune,38,8.6,12.2
2026-09-07,00,Ahmedabad,70,24.4,47.1
2026-09-07,01,Delhi,111,77.1,77.1
2026-09-07,01,Mumbai,62,16.7,39.3
2026-09-07,01,Bengaluru,61,11.1,14.4
2026-09-07,01,Kolkata,92,25.3,29.9
2026-09-07,01,Chennai,72,19.0,23.6
2026-09-07,01,Hyderabad,63,13.4,17.3
2026-09-07,01,Pune,38,8.6,12.8
2026-09-07,01,Ahmedabad,71,21.9,43.7
2026-09-07,02,Delhi,114,79.6,79.6
2026-09-07,02,Mumbai,62,16.5,40.7
2026-09-07,02,Bengaluru,61,9.4,12.1
2026-09-07,02,Kolkata,92,23.7,27.0
2026-09-07,02,Chennai,72,19.2,23.3
2026-09-07,02,Hyderabad,63,10.8,14.2
2026-09-07,02,Pune,39,8.4,14.6
2026-09-07,02,Ahmedabad,72,19.4,41.4
2026-09-07,03,Delhi,118,81.5,81.5
2026-09-07,03,Mumbai,62,16.1,40.6
2026-09-07,03,Bengaluru,61,8.3,10.8
2026-09-07,03,Kolkata,92,25.2,28.4
2026-09-07,03,Chennai,72,18.5,22.2
2026-09-07,03,Hyderabad,62,9.6,13.2
2026-09-07,03,Pune,39,8.3,14.6
2026-09-07,03,Ahmedabad,72,17.5,38.5
2026-09-07,04,Delhi,121,84.5,84.8
2026-09-07,04,Mumbai,62,15.8,38.8
2026-09-07,04,Bengaluru,60,7.7,10.1
2026-09-07,04,Kolkata,93,26.1,29.4
2026-09-07,04,Chennai,72,17.0,20.4
2026-09-07,04,Hyderabad,61,9.1,13.2
2026-09-07,04,Pune,39,7.9,14.1
2026-09-07,04,Ahmedabad,73,14.8,32.8
2026-09-07,05,Delhi,125,78.2,78.2
2026-09-07,05,Mumbai,62,13.8,33.2
2026-09-07,05,Bengaluru,60,7.1,10.0
2026-09-07,05,Kolkata,93,20.6,24.2
2026-09-07,05,Chennai,72,16.8,19.8
2026-09-07,05,Hyderabad,61,9.2,12.2
2026-09-07,05,Pune,40,4.7,8.2
2026-09-07,05,Ahmedabad,73,16.5,35.2
2026-09-07,06,Delhi,129,83.1,83.1
2026-09-07,06,Mumbai,62,14.3,35.3
2026-09-07,06,Bengaluru,59,8.4,12.0
2026-09-07,06,Kolkata,92,23.5,26.9
2026-09-07,06,Chennai,72,16.4,19.1
2026-09-07,06,Hyderabad,60,9.3,11.8
2026-09-07,06,Pune,39,4.1,6.7
2026-09-07,06,Ahmedabad,73,14.6,30.7
2026-09-07,07,Delhi,132,73.3,73.8
2026-09-07,07,Mumbai,62,15.4,36.2
2026-09-07,07,Bengaluru,59,9.8,15.2
2026-09-07,07,Kolkata,91,26.0,29.7
2026-09-07,07,Chennai,72,17.3,20.0
2026-09-07,07,Hyderabad,59,10.3,12.6
2026-09-07,07,Pune,38,3.8,6.3
2026-09-07,07,Ahmedabad,73,14.5,30.3
2026-09-07,08,Delhi,135,51.1,53.3
2026-09-07,08,Mumbai,62,16.3,37.4
2026-09-07,08,Bengaluru,59,10.9,20.5
2026-09-07,08,Kolkata,90,26.6,31.2
2026-09-07,08,Chennai,72,19.2,22.4
2026-09-07,08,Hyderabad,59,11.0,14.3
2026-09-07,08,Pune,38,5.1,8.4
2026-09-07,08,Ahmedabad,73,14.8,34.2
2026-09-07,09,Delhi,137,41.6,53.3
2026-09-07,09,Mumbai,62,18.5,39.7
2026-09-07,09,Bengaluru,58,12.5,26.3
2026-09-07,09,Kolkata,90,28.8,34.0
2026-09-07,09,Chennai,72,20.1,24.0
2026-09-07,09,Hyderabad,58,12.4,18.0
2026-09-07,09,Pune,37,5.9,10.4
2026-09-07,09,Ahmedabad,73,16.4,43.3
2026-09-07,10,Delhi,138,46.8,64.7
2026-09-07,10,Mumbai,62,19.2,41.0
2026-09-07,10,Bengaluru,58,13.6,30.2
2026-09-07,10,Kolkata,89,30.6,35.9
2026-09-07,10,Chennai,72,19.4,22.8
2026-09-07,10,Hyderabad,58,13.4,20.5
2026-09-07,10,Pune,38,7.1,13.2
2026-09-07,10,Ahmedabad,73,18.0,49.8
2026-09-07,11,Delhi,140,54.7,76.8
2026-09-07,11,Mumbai,63,20.0,41.6
2026-09-07,11,Bengaluru,58,14.3,32.4
2026-09-07,11,Kolkata,88,32.6,37.7
2026-09-07,11,Chennai,72,20.6,24.6
2026-09-07,11,Hyderabad,58,13.1,20.0
2026-09-07,11,Pune,38,8.5,16.6
2026-09-07,11,Ahmedabad,72,20.3,59.5
2026-09-07,12,Delhi,143,59.6,78.9
2026-09-07,12,Mumbai,63,21.5,43.2
2026-09-07,12,Bengaluru,58,14.7,32.8
2026-09-07,12,Kolkata,88,34.8,39.6
2026-09-07,12,Chennai,71,21.7,26.5
2026-09-07,12,Hyderabad,58,12.0,18.0
2026-09-07,12,Pune,38,9.6,18.7
2026-09-07,12,Ahmedabad,72,21.2,62.6
2026-09-07,13,Delhi,147,61.0,79.2
2026-09-07,13,Mumbai,64,21.7,43.1
2026-09-07,13,Bengaluru,59,14.5,31.7
2026-09-07,13,Kolkata,88,33.9,38.0
2026-09-07,13,Chennai,71,24.8,33.3
2026-09-07,13,Hyderabad,58,11.3,16.8
2026-09-07,13,Pune,39,9.5,18.7
2026-09-07,13,Ahmedabad,72,21.1,61.7
2026-09-07,14,Delhi,150,59.6,76.6
2026-09-07,14,Mumbai,64,20.0,40.7
2026-09-07,14,Bengaluru,59,13.9,29.3
2026-09-07,14,Kolkata,88,31.8,35.2
2026-09-07,14,Chennai,71,23.5,31.7
2026-09-07,14,Hyderabad,58,10.8,16.4
2026-09-07,14,Pune,39,9.4,19.6
2026-09-07,14,Ahmedabad,72,21.1,59.8
2026-09-07,15,Delhi,156,58.0,75.7
2026-09-07,15,Mumbai,65,18.5,38.4
2026-09-07,15,Bengaluru,59,13.2,27.1
2026-09-07,15,Kolkata,89,28.3,30.6
2026-09-07,15,Chennai,92,23.2,31.4
2026-09-07,15,Hyderabad,58,10.7,16.3
2026-09-07,15,Pune,40,9.1,18.9
2026-09-07,15,Ahmedabad,72,20.7,57.3
2026-09-07,16,Delhi,186,54.0,72.6
2026-09-07,16,Mumbai,65,16.1,33.8
2026-09-07,16,Bengaluru,59,13.0,25.7
2026-09-07,16,Kolkata,96,27.8,29.8
2026-09-07,16,Chennai,112,22.5,30.7
2026-09-07,16,Hyderabad,58,10.3,15.6
2026-09-07,16,Pune,41,9.2,18.1
2026-09-07,16,Ahmedabad,72,20.0,53.8
2026-09-07,17,Delhi,203,68.2,87.8
2026-09-07,17,Mumbai,65,15.8,38.0
2026-09-07,17,Bengaluru,59,12.3,22.4
2026-09-07,17,Kolkata,95,28.1,30.3
2026-09-07,17,Chennai,129,19.8,25.4
2026-09-07,17,Hyderabad,58,12.6,18.6
2026-09-07,17,Pune,42,13.4,27.9
2026-09-07,17,Ahmedabad,72,25.2,65.2
2026-09-07,18,Delhi,205,82.2,97.8
2026-09-07,18,Mumbai,65,15.8,37.6
2026-09-07,18,Bengaluru,59,17.3,26.2
2026-09-07,18,Kolkata,88,29.2,30.5
2026-09-07,18,Chennai,135,20.9,26.3
2026-09-07,18,Hyderabad,58,14.5,19.1
2026-09-07,18,Pune,44,13.4,24.5
2026-09-07,18,Ahmedabad,72,25.7,59.6
2026-09-07,19,Delhi,202,99.7,115.0
2026-09-07,19,Mumbai,65,16.3,38.3
2026-09-07,19,Bengaluru,59,20.7,29.0
2026-09-07,19,Kolkata,87,32.2,33.5
2026-09-07,19,Chennai,133,20.6,26.1
2026-09-07,19,Hyderabad,58,20.1,25.1
2026-09-07,19,Pune,45,13.6,22.9
2026-09-07,19,Ahmedabad,72,27.2,58.6
2026-09-07,20,Delhi,184,105.2,118.5
2026-09-07,20,Mumbai,65,17.3,40.2
2026-09-07,20,Bengaluru,58,20.4,28.1
2026-09-07,20,Kolkata,87,34.7,36.0
2026-09-07,20,Chennai,125,19.5,25.0
2026-09-07,20,Hyderabad,59,24.0,30.0
2026-09-07,20,Pune,47,13.0,21.5
2026-09-07,20,Ahmedabad,73,27.9,58.3
2026-09-07,21,Delhi,160,99.9,111.1
2026-09-07,21,Mumbai,65,18.2,41.2
2026-09-07,21,Bengaluru,58,18.6,25.4
2026-09-07,21,Kolkata,87,38.9,40.2
2026-09-07,21,Chennai,114,18.7,24.9
2026-09-07,21,Hyderabad,60,28.6,35.0
2026-09-07,21,Pune,48,13.0,20.4
2026-09-07,21,Ahmedabad,73,27.8,57.9
2026-09-07,22,Delhi,161,100.1,110.8
2026-09-07,22,Mumbai,66,19.3,45.4
2026-09-07,22,Bengaluru,58,17.1,23.1
2026-09-07,22,Kolkata,87,41.8,43.0
2026-09-07,22,Chennai,101,17.2,23.6
2026-09-07,22,Hyderabad,60,34.6,41.3
2026-09-07,22,Pune,49,13.2,19.7
2026-09-07,22,Ahmedabad,73,27.5,56.8
2026-09-07,23,Delhi,162,99.7,110.6
2026-09-07,23,Mumbai,66,20.1,48.8
2026-09-07,23,Bengaluru,58,15.5,21.4
2026-09-07,23,Kolkata,88,42.0,43.2
2026-09-07,23,Chennai,88,15.7,21.8
2026-09-07,23,Hyderabad,61,38.0,45.2
2026-09-07,23,Pune,50,12.9,19.8
2026-09-07,23,Ahmedabad,73,26.1,52.6
2026-09-08,00,Delhi,163,98.7,109.4
2026-09-08,00,Mumbai,66,19.4,46.9
2026-09-08,00,Bengaluru,58,14.0,20.0
2026-09-08,00,Kolkata,89,41.3,42.4
2026-09-08,00,Chennai,74,14.4,19.6
2026-09-08,00,Hyderabad,62,38.8,46.2
2026-09-08,00,Pune,50,11.3,17.9
2026-09-08,00,Ahmedabad,73,23.1,45.3
2026-09-08,01,Delhi,164,98.3,109.0
2026-09-08,01,Mumbai,66,18.6,44.5
2026-09-08,01,Bengaluru,58,12.3,18.2
2026-09-08,01,Kolkata,91,41.1,42.1
2026-09-08,01,Chennai,70,13.7,18.1
2026-09-08,01,Hyderabad,64,27.2,33.9
2026-09-08,01,Pune,51,10.4,17.2
2026-09-08,01,Ahmedabad,73,19.8,38.3
2026-09-08,02,Delhi,164,96.6,108.0
2026-09-08,02,Mumbai,66,17.6,42.1
2026-09-08,02,Bengaluru,58,11.4,17.6
2026-09-08,02,Kolkata,92,42.5,43.7
2026-09-08,02,Chennai,69,13.1,17.0
2026-09-08,02,Hyderabad,65,16.4,20.6
2026-09-08,02,Pune,51,9.7,16.4
2026-09-08,02,Ahmedabad,72,16.5,32.1
2026-09-08,03,Delhi,165,92.7,104.5
2026-09-08,03,Mumbai,66,16.6,39.8
2026-09-08,03,Bengaluru,58,11.0,17.9
2026-09-08,03,Kolkata,93,44.8,46.1
2026-09-08,03,Chennai,69,12.5,15.9
2026-09-08,03,Hyderabad,65,12.3,16.2
2026-09-08,03,Pune,51,9.2,15.5
2026-09-08,03,Ahmedabad,72,12.5,25.1
2026-09-08,04,Delhi,165,87.5,100.1
2026-09-08,04,Mumbai,67,16.2,38.6
2026-09-08,04,Bengaluru,59,10.9,18.7
2026-09-08,04,Kolkata,95,48.0,49.4
2026-09-08,04,Chennai,68,12.1,15.3
2026-09-08,04,Hyderabad,65,11.8,15.9
2026-09-08,04,Pune,51,9.0,16.1
2026-09-08,04,Ahmedabad,72,10.5,21.4
2026-09-08,05,Delhi,165,116.2,133.2
2026-09-08,05,Mumbai,67,13.9,36.9
2026-09-08,05,Bengaluru,59,10.5,20.1
2026-09-08,05,Kolkata,97,47.4,48.8
2026-09-08,05,Chennai,68,11.6,15.0
2026-09-08,05,Hyderabad,65,15.4,23.3
2026-09-08,05,Pune,51,7.2,12.9
2026-09-08,05,Ahmedabad,71,10.2,21.9
2026-09-08,06,Delhi,167,99.0,113.4
2026-09-08,06,Mumbai,67,14.3,37.5
2026-09-08,06,Bengaluru,59,11.8,22.0
2026-09-08,06,Kolkata,99,50.5,52.2
2026-09-08,06,Chennai,67,12.6,15.8
2026-09-08,06,Hyderabad,66,16.4,24.2
2026-09-08,06,Pune,51,7.0,12.7
2026-09-08,06,Ahmedabad,71,9.8,19.7
2026-09-08,07,Delhi,167,88.9,99.9
2026-09-08,07,Mumbai,67,14.6,36.9
2026-09-08,07,Bengaluru,59,12.7,26.0
2026-09-08,07,Kolkata,101,41.8,43.9
2026-09-08,07,Chennai,67,13.9,16.9
2026-09-08,07,Hyderabad,67,18.5,26.6
2026-09-08,07,Pune,51,6.6,12.1
2026-09-08,07,Ahmedabad,71,10.3,19.8
2026-09-08,08,Delhi,167,61.9,75.4
2026-09-08,08,Mumbai,66,15.4,37.7
2026-09-08,08,Bengaluru,60,13.0,27.2
2026-09-08,08,Kolkata,103,38.1,40.5
2026-09-08,08,Chennai,67,16.1,19.3
2026-09-08,08,Hyderabad,67,20.0,31.0
2026-09-08,08,Pune,52,6.7,12.6
2026-09-08,08,Ahmedabad,70,10.4,21.8
2026-09-08,09,Delhi,168,47.0,68.2
2026-09-08,09,Mumbai,66,16.2,39.1
2026-09-08,09,Bengaluru,60,13.6,28.5
2026-09-08,09,Kolkata,104,36.9,39.5
2026-09-08,09,Chennai,67,18.1,22.3
2026-09-08,09,Hyderabad,68,19.5,32.1
2026-09-08,09,Pune,52,7.3,14.2
2026-09-08,09,Ahmedabad,70,11.8,25.5
2026-09-08,10,Delhi,168,39.9,63.8
2026-09-08,10,Mumbai,66,17.0,40.6
2026-09-08,10,Bengaluru,60,14.4,30.4
2026-09-08,10,Kolkata,105,38.5,41.1
2026-09-08,10,Chennai,67,17.6,21.1
2026-09-08,10,Hyderabad,68,18.5,31.5
2026-09-08,10,Pune,52,8.6,17.6
2026-09-08,10,Ahmedabad,70,13.9,33.8
2026-09-08,11,Delhi,168,37.3,62.2
2026-09-08,11,Mumbai,66,18.7,44.0
2026-09-08,11,Bengaluru,60,15.0,32.1
2026-09-08,11,Kolkata,106,39.6,41.9
2026-09-08,11,Chennai,66,20.0,23.4
2026-09-08,11,Hyderabad,69,17.4,30.4
2026-09-08,11,Pune,52,9.9,21.4
2026-09-08,11,Ahmedabad,69,15.5,42.0
2026-09-08,12,Delhi,167,35.0,55.1
2026-09-08,12,Mumbai,66,19.3,43.8
2026-09-08,12,Bengaluru,60,15.3,32.2
2026-09-08,12,Kolkata,106,38.2,40.5
2026-09-08,12,Chennai,66,21.9,25.3
2026-09-08,12,Hyderabad,69,16.6,29.3
2026-09-08,12,Pune,52,11.5,25.7
2026-09-08,12,Ahmedabad,69,16.4,48.5
2026-09-08,13,Delhi,167,34.8,58.1
2026-09-08,13,Mumbai,66,19.0,41.0
2026-09-08,13,Bengaluru,60,16.8,34.0
2026-09-08,13,Kolkata,107,35.0,37.1
2026-09-08,13,Chennai,66,25.0,28.6
2026-09-08,13,Hyderabad,70,15.6,28.0
2026-09-08,13,Pune,52,12.8,29.5
2026-09-08,13,Ahmedabad,68,17.9,55.6
2026-09-08,14,Delhi,166,34.6,59.6
2026-09-08,14,Mumbai,66,19.5,41.0
2026-09-08,14,Bengaluru,60,13.3,25.8
2026-09-08,14,Kolkata,107,30.6,32.5
2026-09-08,14,Chennai,66,27.9,31.9
2026-09-08,14,Hyderabad,70,15.1,27.4
2026-09-08,14,Pune,52,12.7,28.6
2026-09-08,14,Ahmedabad,68,19.4,63.3
2026-09-08,15,Delhi,165,34.7,62.4
2026-09-08,15,Mumbai,66,18.2,40.4
2026-09-08,15,Bengaluru,60,12.1,22.7
2026-09-08,15,Kolkata,107,25.0,26.5
2026-09-08,15,Chennai,77,27.4,31.5
2026-09-08,15,Hyderabad,70,15.0,27.5
2026-09-08,15,Pune,53,12.4,26.0
2026-09-08,15,Ahmedabad,68,20.6,68.0
2026-09-08,16,Delhi,165,40.7,107.8
2026-09-08,16,Mumbai,66,16.0,35.5
2026-09-08,16,Bengaluru,60,10.5,19.0
2026-09-08,16,Kolkata,106,23.6,25.3
2026-09-08,16,Chennai,104,23.1,27.8
2026-09-08,16,Hyderabad,71,14.6,26.4
2026-09-08,16,Pune,53,12.3,24.0
2026-09-08,16,Ahmedabad,68,20.8,68.2
2026-09-08,17,Delhi,171,44.4,114.3
2026-09-08,17,Mumbai,66,16.9,38.0
2026-09-08,17,Bengaluru,60,11.8,20.7
2026-09-08,17,Kolkata,106,42.1,44.7
2026-09-08,17,Chennai,128,25.8,34.6
2026-09-08,17,Hyderabad,71,14.5,25.3
2026-09-08,17,Pune,53,18.4,36.6
2026-09-08,17,Ahmedabad,68,27.4,83.8
2026-09-08,18,Delhi,167,49.4,104.3
2026-09-08,18,Mumbai,66,14.8,33.1
2026-09-08,18,Bengaluru,60,13.3,19.8
2026-09-08,18,Kolkata,107,44.5,46.9
2026-09-08,18,Chennai,142,24.9,31.9
2026-09-08,18,Hyderabad,71,16.3,26.4
2026-09-08,18,Pune,54,17.6,32.9
2026-09-08,18,Ahmedabad,68,28.7,75.4
2026-09-08,19,Delhi,162,53.2,101.7
2026-09-08,19,Mumbai,66,14.1,30.9
2026-09-08,19,Bengaluru,59,14.4,19.6
2026-09-08,19,Kolkata,109,49.7,52.0
2026-09-08,19,Chennai,147,24.4,31.3
2026-09-08,19,Hyderabad,71,20.1,30.5
2026-09-08,19,Pune,54,17.3,29.8
2026-09-08,19,Ahmedabad,69,31.5,75.0
2026-09-08,20,Delhi,161,56.8,109.0
2026-09-08,20,Mumbai,65,14.3,30.6
2026-09-08,20,Bengaluru,59,14.2,18.7
2026-09-08,20,Kolkata,111,57.6,59.8
2026-09-08,20,Chennai,145,24.6,32.5
2026-09-08,20,Hyderabad,71,25.2,36.7
2026-09-08,20,Pune,54,17.1,27.8
2026-09-08,20,Ahmedabad,69,32.1,70.8
2026-09-08,21,Delhi,159,62.2,122.5
2026-09-08,21,Mumbai,65,14.8,30.6
2026-09-08,21,Bengaluru,58,13.6,18.2
2026-09-08,21,Kolkata,113,62.4,64.5
2026-09-08,21,Chennai,138,24.4,33.1
2026-09-08,21,Hyderabad,71,30.9,43.4
2026-09-08,21,Pune,55,17.2,27.3
2026-09-08,21,Ahmedabad,69,31.1,63.8
2026-09-08,22,Delhi,158,68.2,136.4
2026-09-08,22,Mumbai,65,15.9,31.3
2026-09-08,22,Bengaluru,58,13.4,18.2
2026-09-08,22,Kolkata,116,68.5,70.5
2026-09-08,22,Chennai,129,24.2,33.3
2026-09-08,22,Hyderabad,71,35.5,48.9
2026-09-08,22,Pune,55,17.8,27.2
2026-09-08,22,Ahmedabad,69,28.2,53.8
2026-09-08,23,Delhi,157,73.1,145.8
2026-09-08,23,Mumbai,65,16.8,32.8
2026-09-08,23,Bengaluru,58,12.8,18.2
2026-09-08,23,Kolkata,119,70.8,72.9
2026-09-08,23,Chennai,118,23.8,33.4
2026-09-08,23,Hyderabad,72,35.2,48.8
2026-09-08,23,Pune,55,17.3,27.0
2026-09-08,23,Ahmedabad,70,23.2,41.4
2026-09-09,00,Delhi,157,74.5,147.6
2026-09-09,00,Mumbai,64,15.9,31.4
2026-09-09,00,Bengaluru,58,11.7,17.2
2026-09-09,00,Kolkata,122,71.2,73.6
2026-09-09,00,Chennai,106,22.9,32.5
2026-09-09,00,Hyderabad,71,31.2,45.2
2026-09-09,00,Pune,56,15.9,25.7
2026-09-09,00,Ahmedabad,69,18.0,31.9
2026-09-09,01,Delhi,156,73.8,145.3
2026-09-09,01,Mumbai,64,15.3,30.2
2026-09-09,01,Bengaluru,57,10.1,15.1
2026-09-09,01,Kolkata,125,71.9,73.8
2026-09-09,01,Chennai,92,21.5,30.4
2026-09-09,01,Hyderabad,71,27.0,40.5
2026-09-09,01,Pune,56,15.8,26.0
2026-09-09,01,Ahmedabad,69,14.4,27.4
2026-09-09,02,Delhi,155,72.4,140.2
2026-09-09,02,Mumbai,64,14.8,30.3
2026-09-09,02,Bengaluru,57,8.7,13.2
2026-09-09,02,Kolkata,128,69.8,71.7
2026-09-09,02,Chennai,80,20.4,28.3
2026-09-09,02,Hyderabad,71,24.6,37.7
2026-09-09,02,Pune,56,15.4,25.8
2026-09-09,02,Ahmedabad,68,11.7,23.8
2026-09-09,03,Delhi,154,70.1,139.7
2026-09-09,03,Mumbai,64,13.8,28.3
2026-09-09,03,Bengaluru,57,8.0,12.5
2026-09-09,03,Kolkata,131,64.3,65.7
2026-09-09,03,Chennai,72,20.8,27.8
2026-09-09,03,Hyderabad,71,23.3,35.6
2026-09-09,03,Pune,57,14.8,24.9
2026-09-09,03,Ahmedabad,68,9.9,21.3
2026-09-09,04,Delhi,154,67.1,143.0
2026-09-09,04,Mumbai,63,13.3,28.2
2026-09-09,04,Bengaluru,57,7.9,12.8
2026-09-09,04,Kolkata,133,37.8,38.8
2026-09-09,04,Chennai,73,21.2,28.5
2026-09-09,04,Hyderabad,72,22.4,33.6
2026-09-09,04,Pune,57,14.1,23.7
2026-09-09,04,Ahmedabad,68,9.3,20.4
2026-09-09,05,Delhi,153,54.0,169.0
2026-09-09,05,Mumbai,63,13.1,28.1
2026-09-09,05,Bengaluru,57,7.4,12.0
2026-09-09,05,Kolkata,132,65.4,66.6
2026-09-09,05,Chennai,73,19.7,27.7
2026-09-09,05,Hyderabad,73,23.8,36.8
2026-09-09,05,Pune,58,10.3,18.3
2026-09-09,05,Ahmedabad,68,9.9,21.6
2026-09-09,06,Delhi,151,49.0,136.9
2026-09-09,06,Mumbai,63,13.6,28.5
2026-09-09,06,Bengaluru,56,8.6,13.5
2026-09-09,06,Kolkata,134,61.9,63.1
2026-09-09,06,Chennai,74,21.4,29.0
2026-09-09,06,Hyderabad,74,22.6,33.8
2026-09-09,06,Pune,58,10.2,17.8
2026-09-09,06,Ahmedabad,68,10.1,21.3
2026-09-09,07,Delhi,149,48.7,143.4
2026-09-09,07,Mumbai,63,14.6,30.2
2026-09-09,07,Bengaluru,56,9.4,15.8
2026-09-09,07,Kolkata,135,54.9,56.1
2026-09-09,07,Chennai,75,22.3,29.5
2026-09-09,07,Hyderabad,74,22.1,32.8
2026-09-09,07,Pune,58,10.8,19.0
2026-09-09,07,Ahmedabad,68,10.9,24.2
2026-09-09,08,Delhi,145,52.3,165.3
2026-09-09,08,Mumbai,63,14.3,31.0
2026-09-09,08,Bengaluru,56,9.5,18.2
2026-09-09,08,Kolkata,136,49.0,50.2
2026-09-09,08,Chennai,75,21.6,29.0
2026-09-09,08,Hyderabad,74,21.7,34.9
2026-09-09,08,Pune,59,9.2,17.3
2026-09-09,08,Ahmedabad,68,11.5,27.1
2026-09-09,09,Delhi,144,59.1,232.4
2026-09-09,09,Mumbai,63,14.6,31.7
2026-09-09,09,Bengaluru,55,10.5,22.3
2026-09-09,09,Kolkata,137,48.7,49.8
2026-09-09,09,Chennai,76,18.0,24.3
2026-09-09,09,Hyderabad,75,21.8,36.1
2026-09-09,09,Pune,59,9.7,18.7
2026-09-09,09,Ahmedabad,68,13.4,33.8
2026-09-09,10,Delhi,145,65.9,267.3
2026-09-09,10,Mumbai,63,15.1,32.9
2026-09-09,10,Bengaluru,55,11.8,26.4
2026-09-09,10,Kolkata,138,48.4,49.7
2026-09-09,10,Chennai,76,15.8,20.9
2026-09-09,10,Hyderabad,75,20.2,33.3
2026-09-09,10,Pune,59,10.9,21.2
2026-09-09,10,Ahmedabad,68,15.9,41.0
2026-09-09,11,Delhi,148,72.6,299.0
2026-09-09,11,Mumbai,63,15.0,33.1
2026-09-09,11,Bengaluru,55,12.6,28.1
2026-09-09,11,Kolkata,139,48.0,49.4
2026-09-09,11,Chennai,76,15.6,20.2
2026-09-09,11,Hyderabad,75,18.7,30.7
2026-09-09,11,Pune,59,12.2,24.3
2026-09-09,11,Ahmedabad,68,18.4,48.3
2026-09-09,12,Delhi,150,74.7,309.2
2026-09-09,12,Mumbai,62,14.4,31.7
2026-09-09,12,Bengaluru,55,12.4,27.8
2026-09-09,12,Kolkata,140,49.4,50.6
2026-09-09,12,Chennai,75,15.5,19.6
2026-09-09,12,Hyderabad,75,18.7,31.4
2026-09-09,12,Pune,59,13.2,26.7
2026-09-09,12,Ahmedabad,68,19.9,52.6
2026-09-09,13,Delhi,152,74.0,309.2
2026-09-09,13,Mumbai,62,13.7,29.9
2026-09-09,13,Bengaluru,55,12.1,26.6
2026-09-09,13,Kolkata,142,49.9,51.1
2026-09-09,13,Chennai,75,15.3,19.3
2026-09-09,13,Hyderabad,75,16.3,27.6
2026-09-09,13,Pune,59,13.7,27.1
2026-09-09,13,Ahmedabad,69,21.2,55.9
2026-09-09,14,Delhi,153,74.5,317.6
2026-09-09,14,Mumbai,62,13.0,27.4
2026-09-09,14,Bengaluru,54,11.6,25.1
2026-09-09,14,Kolkata,143,48.3,49.5
2026-09-09,14,Chennai,74,14.8,19.2
2026-09-09,14,Hyderabad,75,17.6,30.4
2026-09-09,14,Pune,59,14.2,27.0
2026-09-09,14,Ahmedabad,69,21.6,55.3
2026-09-09,15,Delhi,154,75.7,330.6
2026-09-09,15,Mumbai,61,11.8,24.7
2026-09-09,15,Bengaluru,54,11.0,23.1
2026-09-09,15,Kolkata,166,45.6,46.7
2026-09-09,15,Chennai,73,15.1,20.2
2026-09-09,15,Hyderabad,75,14.6,24.3
2026-09-09,15,Pune,60,14.7,27.7
2026-09-09,15,Ahmedabad,69,21.3,53.6
2026-09-09,16,Delhi,155,77.5,333.4
2026-09-09,16,Mumbai,61,11.0,22.5
2026-09-09,16,Bengaluru,54,10.6,21.6
2026-09-09,16,Kolkata,180,43.3,44.1
2026-09-09,16,Chennai,79,15.9,22.6
2026-09-09,16,Hyderabad,75,14.4,23.3
2026-09-09,16,Pune,60,15.0,26.8
2026-09-09,16,Ahmedabad,69,20.5,51.8
2026-09-09,17,Delhi,156,70.8,273.8
2026-09-09,17,Mumbai,60,11.9,27.7
2026-09-09,17,Bengaluru,54,17.0,35.6
2026-09-09,17,Kolkata,183,32.2,32.8
2026-09-09,17,Chennai,88,17.8,27.6
2026-09-09,17,Hyderabad,75,14.8,24.4
2026-09-09,17,Pune,60,22.8,47.3
2026-09-09,17,Ahmedabad,69,16.6,39.3
2026-09-09,18,Delhi,157,76.1,248.7
2026-09-09,18,Mumbai,60,11.8,26.3
2026-09-09,18,Bengaluru,54,21.6,36.1
2026-09-09,18,Kolkata,173,35.0,35.9
2026-09-09,18,Chennai,91,21.6,31.2
2026-09-09,18,Hyderabad,75,16.8,25.4
2026-09-09,18,Pune,60,21.2,39.0
2026-09-09,18,Ahmedabad,68,17.9,35.9
2026-09-09,19,Delhi,158,83.6,244.9
2026-09-09,19,Mumbai,60,11.7,25.7
2026-09-09,19,Bengaluru,55,27.2,41.1
2026-09-09,19,Kolkata,159,38.3,39.2
2026-09-09,19,Chennai,88,21.2,29.9
2026-09-09,19,Hyderabad,75,20.4,29.3
2026-09-09,19,Pune,61,20.0,33.3
2026-09-09,19,Ahmedabad,67,23.5,43.1
2026-09-09,20,Delhi,159,92.0,256.1
2026-09-09,20,Mumbai,59,12.5,27.0
2026-09-09,20,Bengaluru,56,30.2,43.0
2026-09-09,20,Kolkata,146,42.8,43.8
2026-09-09,20,Chennai,81,21.2,29.7
2026-09-09,20,Hyderabad,75,24.6,34.2
2026-09-09,20,Pune,61,19.0,30.7
2026-09-09,20,Ahmedabad,67,27.8,48.2
2026-09-09,21,Delhi,160,100.4,276.6
2026-09-09,21,Mumbai,59,13.6,28.6
2026-09-09,21,Bengaluru,57,28.6,39.6
2026-09-09,21,Kolkata,144,49.1,50.1
2026-09-09,21,Chennai,72,21.7,30.4
2026-09-09,21,Hyderabad,75,28.6,38.9
2026-09-09,21,Pune,61,18.4,29.1
2026-09-09,21,Ahmedabad,67,24.7,44.7
2026-09-09,22,Delhi,161,109.2,296.2
2026-09-09,22,Mumbai,59,15.2,30.5
2026-09-09,22,Bengaluru,59,24.7,33.3
2026-09-09,22,Kolkata,143,52.0,53.0
2026-09-09,22,Chennai,70,22.5,31.7
2026-09-09,22,Hyderabad,75,29.3,40.5
2026-09-09,22,Pune,61,18.6,27.9
2026-09-09,22,Ahmedabad,66,21.5,40.0
2026-09-09,23,Delhi,162,116.4,305.5
2026-09-09,23,Mumbai,59,16.6,32.5
2026-09-09,23,Bengaluru,59,19.7,26.0
2026-09-09,23,Kolkata,141,53.3,54.1
2026-09-09,23,Chennai,70,23.1,32.7
2026-09-09,23,Hyderabad,75,28.5,40.2
2026-09-09,23,Pune,61,19.0,27.1
2026-09-09,23,Ahmedabad,65,19.0,34.9
2026-09-10,00,Delhi,163,121.5,306.4
2026-09-10,00,Mumbai,59,16.8,33.4
2026-09-10,00,Bengaluru,60,15.0,19.6
2026-09-10,00,Kolkata,139,53.1,53.9
2026-09-10,00,Chennai,70,24.1,33.9
2026-09-10,00,Hyderabad,74,27.1,38.8
2026-09-10,00,Pune,61,17.6,25.1
2026-09-10,00,Ahmedabad,65,16.3,29.4
2026-09-10,01,Delhi,165,123.9,295.2
2026-09-10,01,Mumbai,59,16.9,33.4
2026-09-10,01,Bengaluru,60,11.9,15.4
2026-09-10,01,Kolkata,138,48.8,49.6
2026-09-10,01,Chennai,70,24.9,34.5
2026-09-10,01,Hyderabad,74,25.0,37.3
2026-09-10,01,Pune,61,16.6,24.4
2026-09-10,01,Ahmedabad,65,14.6,26.0
2026-09-10,02,Delhi,166,117.8,268.2
2026-09-10,02,Mumbai,59,16.9,34.1
2026-09-10,02,Bengaluru,60,9.7,12.3
2026-09-10,02,Kolkata,135,43.8,44.5
2026-09-10,02,Chennai,70,24.0,33.2
2026-09-10,02,Hyderabad,74,23.2,35.2
2026-09-10,02,Pune,61,16.1,24.2
2026-09-10,02,Ahmedabad,65,13.3,23.5
2026-09-10,03,Delhi,168,107.1,234.2
2026-09-10,03,Mumbai,59,16.9,34.1
2026-09-10,03,Bengaluru,60,8.5,10.9
2026-09-10,03,Kolkata,132,38.4,39.2
2026-09-10,03,Chennai,70,22.7,32.0
2026-09-10,03,Hyderabad,74,21.6,33.3
2026-09-10,03,Pune,62,15.8,23.7
2026-09-10,03,Ahmedabad,65,12.2,21.8
2026-09-10,04,Delhi,169,96.4,202.1
2026-09-10,04,Mumbai,60,16.8,33.9
2026-09-10,04,Bengaluru,60,8.1,10.4
2026-09-10,04,Kolkata,130,32.9,33.8
2026-09-10,04,Chennai,71,21.8,31.9
2026-09-10,04,Hyderabad,73,20.5,32.0
2026-09-10,04,Pune,62,15.9,24.4
2026-09-10,04,Ahmedabad,65,11.9,21.3
2026-09-10,05,Delhi,170,61.5,131.3
2026-09-10,05,Mumbai,60,14.0,29.6
2026-09-10,05,Bengaluru,61,8.1,10.5
2026-09-10,05,Kolkata,129,32.9,33.5
2026-09-10,05,Chennai,71,22.3,34.2
2026-09-10,05,Hyderabad,73,20.2,29.9
2026-09-10,05,Pune,62,10.6,17.9
2026-09-10,05,Ahmedabad,66,11.9,21.5
2026-09-10,06,Delhi,170,61.0,128.1
2026-09-10,06,Mumbai,60,13.6,28.5
2026-09-10,06,Bengaluru,61,9.4,11.8
2026-09-10,06,Kolkata,126,28.1,28.9
2026-09-10,06,Chennai,71,22.7,34.6
2026-09-10,06,Hyderabad,73,20.1,29.9
2026-09-10,06,Pune,62,9.7,16.5
2026-09-10,06,Ahmedabad,66,12.3,21.6
2026-09-10,07,Delhi,170,61.2,124.3
2026-09-10,07,Mumbai,60,13.5,27.9
2026-09-10,07,Bengaluru,61,9.2,12.6
2026-09-10,07,Kolkata,122,21.9,22.9
2026-09-10,07,Chennai,71,23.5,35.4
2026-09-10,07,Hyderabad,73,21.5,30.0
2026-09-10,07,Pune,62,9.1,15.8
2026-09-10,07,Ahmedabad,66,12.8,22.4
2026-09-10,08,Delhi,171,58.2,131.3
2026-09-10,08,Mumbai,60,14.6,28.9
2026-09-10,08,Bengaluru,61,9.8,15.6
2026-09-10,08,Kolkata,119,19.2,20.1
2026-09-10,08,Chennai,71,25.3,37.6
2026-09-10,08,Hyderabad,73,23.2,33.4
2026-09-10,08,Pune,62,8.7,15.0
2026-09-10,08,Ahmedabad,66,12.4,23.6
2026-09-10,09,Delhi,171,56.8,148.5
2026-09-10,09,Mumbai,60,16.7,31.2
2026-09-10,09,Bengaluru,61,10.9,19.2
2026-09-10,09,Kolkata,116,16.4,17.2
2026-09-10,09,Chennai,71,27.8,40.6
2026-09-10,09,Hyderabad,73,24.5,36.8
2026-09-10,09,Pune,62,9.3,16.4
2026-09-10,09,Ahmedabad,66,13.0,25.4
2026-09-10,10,Delhi,171,56.9,171.4
2026-09-10,10,Mumbai,60,19.8,34.6
2026-09-10,10,Bengaluru,61,13.1,24.1
2026-09-10,10,Kolkata,112,14.1,14.8
2026-09-10,10,Chennai,72,28.3,41.1
2026-09-10,10,Hyderabad,73,24.5,37.5
2026-09-10,10,Pune,62,11.1,20.4
2026-09-10,10,Ahmedabad,66,14.2,28.6
2026-09-10,11,Delhi,170,56.8,183.5
2026-09-10,11,Mumbai,60,26.1,41.9
2026-09-10,11,Bengaluru,61,14.2,26.5
2026-09-10,11,Kolkata,109,12.5,13.2
2026-09-10,11,Chennai,73,27.9,39.8
2026-09-10,11,Hyderabad,73,23.6,35.9
2026-09-10,11,Pune,62,12.7,23.3
2026-09-10,11,Ahmedabad,66,15.1,34.1
2026-09-10,12,Delhi,170,52.4,161.6
2026-09-10,12,Mumbai,61,31.0,48.3
2026-09-10,12,Bengaluru,61,14.5,27.1
2026-09-10,12,Kolkata,105,10.7,11.3
2026-09-10,12,Chennai,74,27.9,38.9
2026-09-10,12,Hyderabad,74,23.2,35.0
2026-09-10,12,Pune,62,13.0,23.5
2026-09-10,12,Ahmedabad,66,16.6,40.9
2026-09-10,13,Delhi,169,54.8,183.9
2026-09-10,13,Mumbai,63,32.2,50.2
2026-09-10,13,Bengaluru,61,14.5,27.2
2026-09-10,13,Kolkata,101,8.6,9.0
2026-09-10,13,Chennai,75,25.1,34.6
2026-09-10,13,Hyderabad,74,23.0,34.7
2026-09-10,13,Pune,62,11.8,20.3
2026-09-10,13,Ahmedabad,65,17.7,45.6
2026-09-10,14,Delhi,169,55.8,197.0
2026-09-10,14,Mumbai,64,30.4,49.0
2026-09-10,14,Bengaluru,61,14.3,26.4
2026-09-10,14,Kolkata,98,8.3,8.7
2026-09-10,14,Chennai,76,24.3,33.9
2026-09-10,14,Hyderabad,75,22.8,34.6
2026-09-10,14,Pune,61,12.9,22.0
2026-09-10,14,Ahmedabad,65,18.7,50.4
2026-09-10,15,Delhi,168,57.7,212.8
2026-09-10,15,Mumbai,65,26.6,42.7
2026-09-10,15,Bengaluru,61,14.0,25.4
2026-09-10,15,Kolkata,94,8.1,8.9
2026-09-10,15,Chennai,82,24.3,34.3
2026-09-10,15,Hyderabad,75,22.5,33.1
2026-09-10,15,Pune,61,10.9,17.9
2026-09-10,15,Ahmedabad,65,19.7,54.4
2026-09-10,16,Delhi,168,59.3,213.7
2026-09-10,16,Mumbai,67,23.2,38.2
2026-09-10,16,Bengaluru,62,14.0,24.7
2026-09-10,16,Kolkata,91,9.6,10.4
2026-09-10,16,Chennai,101,24.6,34.7
2026-09-10,16,Hyderabad,76,21.1,29.6
2026-09-10,16,Pune,61,12.2,19.9
2026-09-10,16,Ahmedabad,65,20.0,56.5
2026-09-10,17,Delhi,167,60.5,245.9
2026-09-10,17,Mumbai,74,12.2,24.4
2026-09-10,17,Bengaluru,62,17.6,30.3
2026-09-10,17,Kolkata,89,9.5,10.2
2026-09-10,17,Chennai,116,26.1,37.1
2026-09-10,17,Hyderabad,76,20.4,28.8
2026-09-10,17,Pune,61,17.6,28.8
2026-09-10,17,Ahmedabad,65,17.3,46.9
2026-09-10,18,Delhi,167,65.4,242.1
2026-09-10,18,Mumbai,74,11.0,23.0
2026-09-10,18,Bengaluru,62,22.4,33.1
2026-09-10,18,Kolkata,87,13.9,14.6
2026-09-10,18,Chennai,122,26.7,36.7
2026-09-10,18,Hyderabad,77,21.3,28.8
2026-09-10,18,Pune,60,18.5,29.6
2026-09-10,18,Ahmedabad,65,19.2,44.7
2026-09-10,19,Delhi,167,71.2,236.6
2026-09-10,19,Mumbai,68,10.9,23.3
2026-09-10,19,Bengaluru,62,27.7,37.7
2026-09-10,19,Kolkata,85,14.9,15.8
2026-09-10,19,Chennai,120,27.3,37.7
2026-09-10,19,Hyderabad,77,22.6,29.8
2026-09-10,19,Pune,60,19.4,29.2
2026-09-10,19,Ahmedabad,65,24.1,49.2
2026-09-10,20,Delhi,166,77.1,244.9
2026-09-10,20,Mumbai,67,11.6,24.9
2026-09-10,20,Bengaluru,62,29.9,39.6
2026-09-10,20,Kolkata,84,14.8,15.7
2026-09-10,20,Chennai,113,27.1,37.1
2026-09-10,20,Hyderabad,77,24.4,31.7
2026-09-10,20,Pune,60,19.9,29.0
2026-09-10,20,Ahmedabad,65,27.6,51.9
2026-09-10,21,Delhi,166,83.6,255.2
2026-09-10,21,Mumbai,67,12.4,26.1
2026-09-10,21,Bengaluru,62,29.4,38.6
2026-09-10,21,Kolkata,81,16.4,17.3
2026-09-10,21,Chennai,103,26.7,36.6
2026-09-10,21,Hyderabad,77,26.1,33.9
2026-09-10,21,Pune,60,20.3,28.0
2026-09-10,21,Ahmedabad,65,30.2,53.3
2026-09-10,22,Delhi,165,90.3,265.4
2026-09-10,22,Mumbai,67,13.5,27.4
2026-09-10,22,Bengaluru,62,26.5,34.2
2026-09-10,22,Kolkata,79,16.5,17.5
2026-09-10,22,Chennai,94,26.0,35.6
2026-09-10,22,Hyderabad,77,27.2,35.7
2026-09-10,22,Pune,60,21.1,29.2
2026-09-10,22,Ahmedabad,65,32.1,53.8
2026-09-10,23,Delhi,165,95.0,255.2
2026-09-10,23,Mumbai,67,14.7,28.7
2026-09-10,23,Bengaluru,62,19.2,24.3
2026-09-10,23,Kolkata,76,13.9,14.9
2026-09-10,23,Chennai,84,24.9,34.1
2026-09-10,23,Hyderabad,77,27.0,36.0
2026-09-10,23,Pune,61,21.2,28.8
2026-09-10,23,Ahmedabad,66,31.9,51.1
2026-09-11,00,Delhi,164,93.6,222.6
2026-09-11,00,Mumbai,67,15.2,29.4
2026-09-11,00,Bengaluru,62,14.3,18.0
2026-09-11,00,Kolkata,73,12.1,13.2
2026-09-11,00,Chennai,81,24.4,33.9
2026-09-11,00,Hyderabad,77,24.5,34.5
2026-09-11,00,Pune,61,20.7,27.3
2026-09-11,00,Ahmedabad,67,27.7,43.3
2026-09-11,01,Delhi,163,87.3,182.5
2026-09-11,01,Mumbai,67,15.2,29.0
2026-09-11,01,Bengaluru,62,11.9,15.3
2026-09-11,01,Kolkata,70,10.9,12.0
2026-09-11,01,Chennai,81,23.3,33.2
2026-09-11,01,Hyderabad,77,23.2,33.4
2026-09-11,01,Pune,61,20.5,27.8
2026-09-11,01,Ahmedabad,68,21.9,33.1
2026-09-11,02,Delhi,162,80.3,151.3
2026-09-11,02,Mumbai,67,15.3,29.0
2026-09-11,02,Bengaluru,62,11.2,15.3
2026-09-11,02,Kolkata,67,10.1,11.2
2026-09-11,02,Chennai,81,21.9,32.0
2026-09-11,02,Hyderabad,76,22.1,32.6
2026-09-11,02,Pune,61,20.0,27.7
2026-09-11,02,Ahmedabad,69,17.3,25.4
2026-09-11,03,Delhi,161,74.7,128.5
2026-09-11,03,Mumbai,67,15.2,28.6
2026-09-11,03,Bengaluru,62,11.3,16.3
2026-09-11,03,Kolkata,64,9.7,10.9
2026-09-11,03,Chennai,80,20.8,30.6
2026-09-11,03,Hyderabad,76,21.1,31.5
2026-09-11,03,Pune,62,20.3,28.2
2026-09-11,03,Ahmedabad,69,14.3,20.8
2026-09-11,04,Delhi,160,72.9,114.1
2026-09-11,04,Mumbai,66,15.4,29.3
2026-09-11,04,Bengaluru,63,11.9,17.8
2026-09-11,04,Kolkata,62,9.2,10.4
2026-09-11,04,Chennai,80,20.7,29.4
2026-09-11,04,Hyderabad,76,20.8,30.9
2026-09-11,04,Pune,62,20.3,28.6
2026-09-11,04,Ahmedabad,69,11.9,17.2
2026-09-11,05,Delhi,159,86.1,158.3
2026-09-11,05,Mumbai,66,13.1,26.1
2026-09-11,05,Bengaluru,63,10.3,15.4
2026-09-11,05,Kolkata,60,7.6,8.7
2026-09-11,05,Chennai,80,17.8,25.9
2026-09-11,05,Hyderabad,76,22.1,32.5
2026-09-11,05,Pune,62,15.3,23.7
2026-09-11,05,Ahmedabad,69,8.0,12.5
2026-09-11,06,Delhi,160,90.6,154.1
2026-09-11,06,Mumbai,66,13.6,27.4
2026-09-11,06,Bengaluru,63,11.6,17.1
2026-09-11,06,Kolkata,58,8.5,9.4
2026-09-11,06,Chennai,80,17.8,25.7
2026-09-11,06,Hyderabad,76,22.6,32.6
2026-09-11,06,Pune,63,14.1,22.1
2026-09-11,06,Ahmedabad,69,7.8,12.5
2026-09-11,07,Delhi,161,88.7,136.0
2026-09-11,07,Mumbai,66,13.9,26.7
2026-09-11,07,Bengaluru,63,12.3,19.0
2026-09-11,07,Kolkata,56,9.0,9.9
2026-09-11,07,Chennai,79,18.7,26.8
2026-09-11,07,Hyderabad,77,24.2,33.3
2026-09-11,07,Pune,63,13.9,22.5
2026-09-11,07,Ahmedabad,69,8.8,13.6
2026-09-11,08,Delhi,162,78.7,139.2
2026-09-11,08,Mumbai,66,13.2,25.3
2026-09-11,08,Bengaluru,63,12.5,22.6
2026-09-11,08,Kolkata,55,9.2,10.4
2026-09-11,08,Chennai,79,19.3,27.5
2026-09-11,08,Hyderabad,77,25.0,37.5
2026-09-11,08,Pune,63,13.4,24.5
2026-09-11,08,Ahmedabad,68,8.9,15.0
2026-09-11,09,Delhi,162,70.8,140.2
2026-09-11,09,Mumbai,66,14.4,26.2
2026-09-11,09,Bengaluru,64,14.3,27.5
2026-09-11,09,Kolkata,55,8.0,9.2
2026-09-11,09,Chennai,79,20.7,29.3
2026-09-11,09,Hyderabad,77,26.0,41.8
2026-09-11,09,Pune,64,14.2,27.8
2026-09-11,09,Ahmedabad,68,10.3,18.1
2026-09-11,10,Delhi,163,65.0,122.9
2026-09-11,10,Mumbai,66,15.9,27.6
2026-09-11,10,Bengaluru,64,16.5,32.1
2026-09-11,10,Kolkata,54,6.9,7.7
2026-09-11,10,Chennai,78,23.2,32.6
2026-09-11,10,Hyderabad,77,26.2,43.5
2026-09-11,10,Pune,64,15.9,31.5
2026-09-11,10,Ahmedabad,68,12.1,21.7
2026-09-11,11,Delhi,163,62.6,104.3
2026-09-11,11,Mumbai,66,17.5,29.0
2026-09-11,11,Bengaluru,64,17.5,33.8
2026-09-11,11,Kolkata,53,6.5,7.2
2026-09-11,11,Chennai,78,25.8,36.8
2026-09-11,11,Hyderabad,77,25.7,42.6
2026-09-11,11,Pune,64,17.9,36.9
2026-09-11,11,Ahmedabad,68,13.1,24.2
2026-09-11,12,Delhi,163,61.5,93.4
2026-09-11,12,Mumbai,65,18.5,29.8
2026-09-11,12,Bengaluru,64,17.2,33.1
2026-09-11,12,Kolkata,53,6.5,7.2
2026-09-11,12,Chennai,77,26.3,38.9
2026-09-11,12,Hyderabad,77,24.8,40.7
2026-09-11,12,Pune,65,19.3,41.1
2026-09-11,12,Ahmedabad,67,13.8,27.3
2026-09-11,13,Delhi,163,50.1,65.2
2026-09-11,13,Mumbai,64,18.5,29.6
2026-09-11,13,Bengaluru,65,16.6,31.7
2026-09-11,13,Kolkata,53,6.9,7.7
2026-09-11,13,Chennai,77,26.0,39.3
2026-09-11,13,Hyderabad,78,24.3,39.2
2026-09-11,13,Pune,65,20.1,42.8
2026-09-11,13,Ahmedabad,67,14.3,29.3
2026-09-11,14,Delhi,163,39.2,43.1
2026-09-11,14,Mumbai,63,17.8,28.6
2026-09-11,14,Bengaluru,65,15.9,30.2
2026-09-11,14,Kolkata,52,8.6,9.5
2026-09-11,14,Chennai,77,25.9,39.8
2026-09-11,14,Hyderabad,78,23.6,37.7
2026-09-11,14,Pune,66,18.7,37.7
2026-09-11,14,Ahmedabad,67,15.0,31.9
2026-09-11,15,Delhi,163,30.7,31.7
2026-09-11,15,Mumbai,62,16.4,26.7
2026-09-11,15,Bengaluru,65,15.8,29.3
2026-09-11,15,Kolkata,52,9.6,10.4
2026-09-11,15,Chennai,80,25.7,39.9
2026-09-11,15,Hyderabad,78,22.9,36.1
2026-09-11,15,Pune,66,17.6,33.8
2026-09-11,15,Ahmedabad,67,15.8,33.9
2026-09-11,16,Delhi,162,26.2,26.5
2026-09-11,16,Mumbai,61,14.5,24.2
2026-09-11,16,Bengaluru,65,15.7,28.7
2026-09-11,16,Kolkata,53,9.9,10.7
2026-09-11,16,Chennai,91,25.6,39.8
2026-09-11,16,Hyderabad,78,22.4,34.1
2026-09-11,16,Pune,67,17.2,29.9
2026-09-11,16,Ahmedabad,66,16.2,34.7
2026-09-11,17,Delhi,161,17.1,17.1
2026-09-11,17,Mumbai,61,10.9,18.6
2026-09-11,17,Bengaluru,65,16.6,27.9
2026-09-11,17,Kolkata,53,12.5,14.5
2026-09-11,17,Chennai,101,23.5,34.8
2026-09-11,17,Hyderabad,78,25.3,37.6
2026-09-11,17,Pune,67,17.3,28.8
2026-09-11,17,Ahmedabad,66,19.2,41.0
2026-09-11,18,Delhi,160,21.3,21.3
2026-09-11,18,Mumbai,60,9.3,16.3
2026-09-11,18,Bengaluru,65,22.1,31.8
2026-09-11,18,Kolkata,53,14.3,16.0
2026-09-11,18,Chennai,100,23.3,32.6
2026-09-11,18,Hyderabad,78,25.8,36.8
2026-09-11,18,Pune,67,17.6,25.3
2026-09-11,18,Ahmedabad,66,20.1,38.5
2026-09-11,19,Delhi,158,21.0,21.0
2026-09-11,19,Mumbai,60,8.4,15.0
2026-09-11,19,Bengaluru,65,29.2,39.2
2026-09-11,19,Kolkata,53,14.6,16.6
2026-09-11,19,Chennai,96,23.9,32.5
2026-09-11,19,Hyderabad,79,27.5,38.3
2026-09-11,19,Pune,67,18.8,23.5
2026-09-11,19,Ahmedabad,66,23.2,40.9
2026-09-11,20,Delhi,157,20.0,20.0
2026-09-11,20,Mumbai,60,8.5,15.2
2026-09-11,20,Bengaluru,65,34.2,44.9
2026-09-11,20,Kolkata,53,14.1,16.4
2026-09-11,20,Chennai,90,23.6,31.8
2026-09-11,20,Hyderabad,79,28.6,39.0
2026-09-11,20,Pune,67,20.5,24.4
2026-09-11,20,Ahmedabad,66,24.2,40.9
2026-09-11,21,Delhi,155,19.6,19.6
2026-09-11,21,Mumbai,60,8.9,15.8
2026-09-11,21,Bengaluru,66,38.1,49.2
2026-09-11,21,Kolkata,53,13.6,15.9
2026-09-11,21,Chennai,82,23.6,32.2
2026-09-11,21,Hyderabad,79,29.2,39.3
2026-09-11,21,Pune,67,21.1,24.7
2026-09-11,21,Ahmedabad,66,23.0,38.0
2026-09-11,22,Delhi,153,20.2,20.2
2026-09-11,22,Mumbai,60,9.5,16.8
2026-09-11,22,Bengaluru,66,39.1,50.5
2026-09-11,22,Kolkata,53,12.4,14.7
2026-09-11,22,Chennai,76,23.2,31.8
2026-09-11,22,Hyderabad,80,30.0,40.6
2026-09-11,22,Pune,67,21.0,24.8
2026-09-11,22,Ahmedabad,65,21.2,34.5
2026-09-11,23,Delhi,151,20.3,20.4
2026-09-11,23,Mumbai,59,9.8,17.5
2026-09-11,23,Bengaluru,67,36.0,46.9
2026-09-11,23,Kolkata,52,10.6,12.8
2026-09-11,23,Chennai,76,22.8,31.3
2026-09-11,23,Hyderabad,80,30.9,42.1
2026-09-11,23,Pune,67,20.6,24.4
2026-09-11,23,Ahmedabad,64,19.0,31.0
2026-09-12,00,Delhi,147,19.6,19.8
2026-09-12,00,Mumbai,59,10.0,18.2
2026-09-12,00,Bengaluru,69,29.4,39.5
2026-09-12,00,Kolkata,52,9.8,11.9
2026-09-12,00,Chennai,76,22.4,30.9
2026-09-12,00,Hyderabad,80,30.4,42.3
2026-09-12,00,Pune,67,18.8,22.6
2026-09-12,00,Ahmedabad,63,16.2,26.9
2026-09-12,01,Delhi,139,19.1,19.4
2026-09-12,01,Mumbai,58,10.6,19.1
2026-09-12,01,Bengaluru,70,23.0,31.4
2026-09-12,01,Kolkata,52,9.8,11.8
2026-09-12,01,Chennai,76,22.2,30.6
2026-09-12,01,Hyderabad,81,28.6,40.0
2026-09-12,01,Pune,67,17.8,21.9
2026-09-12,01,Ahmedabad,63,14.3,24.1
2026-09-12,02,Delhi,132,18.9,19.3
2026-09-12,02,Mumbai,58,11.3,20.1
2026-09-12,02,Bengaluru,71,18.7,25.8
2026-09-12,02,Kolkata,52,9.6,11.6
2026-09-12,02,Chennai,76,22.1,30.2
2026-09-12,02,Hyderabad,81,27.6,39.2
2026-09-12,02,Pune,67,17.5,22.3
2026-09-12,02,Ahmedabad,62,12.9,22.1
2026-09-12,03,Delhi,125,19.1,19.6
2026-09-12,03,Mumbai,58,11.6,20.9
2026-09-12,03,Bengaluru,71,16.1,22.3
2026-09-12,03,Kolkata,52,9.2,11.4
2026-09-12,03,Chennai,76,22.2,29.9
2026-09-12,03,Hyderabad,81,26.4,37.8
2026-09-12,03,Pune,67,16.5,21.4
2026-09-12,03,Ahmedabad,62,11.9,20.8
2026-09-12,04,Delhi,120,18.8,19.3
2026-09-12,04,Mumbai,58,12.0,21.7
2026-09-12,04,Bengaluru,72,14.4,20.2
2026-09-12,04,Kolkata,52,8.7,10.9
2026-09-12,04,Chennai,76,22.6,29.9
2026-09-12,04,Hyderabad,82,25.2,36.7
2026-09-12,04,Pune,66,15.6,20.3
2026-09-12,04,Ahmedabad,61,11.5,20.3
2026-09-12,05,Delhi,114,17.2,17.7
2026-09-12,05,Mumbai,57,12.0,22.4
2026-09-12,05,Bengaluru,72,12.2,16.8
2026-09-12,05,Kolkata,52,9.0,10.9
2026-09-12,05,Chennai,76,15.0,19.3
2026-09-12,05,Hyderabad,82,32.5,42.7
2026-09-12,05,Pune,66,12.2,17.3
2026-09-12,05,Ahmedabad,61,11.6,20.7
2026-09-12,06,Delhi,107,17.4,18.1
2026-09-12,06,Mumbai,57,13.0,23.8
2026-09-12,06,Bengaluru,72,13.0,17.7
2026-09-12,06,Kolkata,52,10.8,13.2
2026-09-12,06,Chennai,76,14.2,18.0
2026-09-12,06,Hyderabad,83,31.1,40.5
2026-09-12,06,Pune,66,10.8,15.9
2026-09-12,06,Ahmedabad,62,11.6,20.3
2026-09-12,07,Delhi,99,18.7,19.4
2026-09-12,07,Mumbai,57,14.2,25.4
2026-09-12,07,Bengaluru,72,12.8,20.3
2026-09-12,07,Kolkata,52,10.9,13.5
2026-09-12,07,Chennai,76,13.9,18.1
2026-09-12,07,Hyderabad,84,27.5,36.9
2026-09-12,07,Pune,66,9.9,16.4
2026-09-12,07,Ahmedabad,62,12.6,20.5
2026-09-12,08,Delhi,94,19.8,20.4
2026-09-12,08,Mumbai,57,12.9,25.2
2026-09-12,08,Bengaluru,72,13.6,24.6
2026-09-12,08,Kolkata,52,10.9,14.0
2026-09-12,08,Chennai,75,14.5,19.3
2026-09-12,08,Hyderabad,84,22.9,30.9
2026-09-12,08,Pune,65,9.9,17.2
2026-09-12,08,Ahmedabad,62,13.1,20.9
2026-09-12,09,Delhi,89,20.1,20.4
2026-09-12,09,Mumbai,57,12.4,25.5
2026-09-12,09,Bengaluru,72,15.0,28.1
2026-09-12,09,Kolkata,52,10.6,13.8
2026-09-12,09,Chennai,75,15.4,20.8
2026-09-12,09,Hyderabad,84,19.7,27.0
2026-09-12,09,Pune,65,10.5,18.5
2026-09-12,09,Ahmedabad,63,12.8,20.6
2026-09-12,10,Delhi,85,19.3,19.4
2026-09-12,10,Mumbai,57,12.0,25.4
2026-09-12,10,Bengaluru,72,16.0,31.7
2026-09-12,10,Kolkata,52,10.6,13.8
2026-09-12,10,Chennai,74,16.5,22.6
2026-09-12,10,Hyderabad,83,17.6,24.0
2026-09-12,10,Pune,65,11.5,19.8
2026-09-12,10,Ahmedabad,63,12.8,20.5
2026-09-12,11,Delhi,82,18.6,18.7
2026-09-12,11,Mumbai,57,12.2,25.8
2026-09-12,11,Bengaluru,72,16.0,31.9
2026-09-12,11,Kolkata,53,10.0,12.9
2026-09-12,11,Chennai,74,17.2,23.9
2026-09-12,11,Hyderabad,83,15.9,21.9
2026-09-12,11,Pune,64,12.9,21.8
2026-09-12,11,Ahmedabad,63,12.9,20.5
2026-09-12,12,Delhi,78,20.0,20.1
2026-09-12,12,Mumbai,56,12.4,26.2
2026-09-12,12,Bengaluru,72,15.0,29.3
2026-09-12,12,Kolkata,53,9.3,11.6
2026-09-12,12,Chennai,73,17.6,24.4
2026-09-12,12,Hyderabad,82,14.4,19.4
2026-09-12,12,Pune,64,13.4,21.9
2026-09-12,12,Ahmedabad,63,13.0,20.7
2026-09-12,13,Delhi,75,21.2,25.8
2026-09-12,13,Mumbai,56,12.2,25.8
2026-09-12,13,Bengaluru,72,14.5,27.6
2026-09-12,13,Kolkata,53,8.5,9.9
2026-09-12,13,Chennai,73,17.9,25.1
2026-09-12,13,Hyderabad,81,14.6,19.5
2026-09-12,13,Pune,64,13.0,19.8
2026-09-12,13,Ahmedabad,63,13.1,21.4
2026-09-12,14,Delhi,73,21.3,22.7
2026-09-12,14,Mumbai,55,12.1,25.4
2026-09-12,14,Bengaluru,72,14.0,26.1
2026-09-12,14,Kolkata,53,8.3,9.5
2026-09-12,14,Chennai,72,17.8,25.0
2026-09-12,14,Hyderabad,80,15.4,20.7
2026-09-12,14,Pune,63,12.4,17.5
2026-09-12,14,Ahmedabad,63,13.1,22.5
2026-09-12,15,Delhi,71,21.6,25.1
2026-09-12,15,Mumbai,55,11.6,24.2
2026-09-12,15,Bengaluru,72,14.1,25.8
2026-09-12,15,Kolkata,53,7.8,9.1
2026-09-12,15,Chennai,71,17.5,24.6
2026-09-12,15,Hyderabad,80,16.2,21.9
2026-09-12,15,Pune,62,12.8,16.5
2026-09-12,15,Ahmedabad,63,13.7,26.4
2026-09-12,16,Delhi,70,21.4,23.5
2026-09-12,16,Mumbai,54,11.1,23.5
2026-09-12,16,Bengaluru,71,14.7,26.5
2026-09-12,16,Kolkata,53,8.0,9.1
2026-09-12,16,Chennai,71,17.1,24.1
2026-09-12,16,Hyderabad,79,17.1,23.1
2026-09-12,16,Pune,62,12.0,15.4
2026-09-12,16,Ahmedabad,62,14.5,29.5
2026-09-12,17,Delhi,74,20.3,20.7
2026-09-12,17,Mumbai,54,11.7,26.6
2026-09-12,17,Bengaluru,71,14.6,21.1
2026-09-12,17,Kolkata,53,10.0,11.6
2026-09-12,17,Chennai,70,20.3,29.7
2026-09-12,17,Hyderabad,79,27.6,39.2
2026-09-12,17,Pune,62,9.9,11.6
2026-09-12,17,Ahmedabad,62,18.0,37.0
2026-09-12,18,Delhi,88,28.1,28.2
2026-09-12,18,Mumbai,54,12.3,27.8
2026-09-12,18,Bengaluru,71,18.3,24.1
2026-09-12,18,Kolkata,53,10.4,11.7
2026-09-12,18,Chennai,70,19.3,27.6
2026-09-12,18,Hyderabad,79,30.6,39.7
2026-09-12,18,Pune,61,10.2,12.6
2026-09-12,18,Ahmedabad,62,21.4,39.1
2026-09-12,19,Delhi,92,37.6,37.7
2026-09-12,19,Mumbai,54,12.8,29.5
2026-09-12,19,Bengaluru,71,21.7,27.3
2026-09-12,19,Kolkata,52,12.0,13.2
2026-09-12,19,Chennai,69,18.5,27.0
2026-09-12,19,Hyderabad,79,34.7,44.5
2026-09-12,19,Pune,61,10.0,12.7
2026-09-12,19,Ahmedabad,62,27.1,44.1
2026-09-12,20,Delhi,85,41.9,42.0
2026-09-12,20,Mumbai,55,13.8,31.8
2026-09-12,20,Bengaluru,70,21.0,26.1
2026-09-12,20,Kolkata,52,13.4,14.6
2026-09-12,20,Chennai,69,17.3,25.6
2026-09-12,20,Hyderabad,80,38.8,48.5
2026-09-12,20,Pune,60,10.1,13.8
2026-09-12,20,Ahmedabad,63,34.7,52.3
2026-09-12,21,Delhi,74,44.1,44.2
2026-09-12,21,Mumbai,55,14.7,34.1
2026-09-12,21,Bengaluru,69,18.1,22.2
2026-09-12,21,Kolkata,52,14.5,15.7
2026-09-12,21,Chennai,68,16.4,24.7
2026-09-12,21,Hyderabad,81,40.6,49.6
2026-09-12,21,Pune,59,9.1,12.6
2026-09-12,21,Ahmedabad,63,32.1,48.8
2026-09-12,22,Delhi,76,42.6,42.7
2026-09-12,22,Mumbai,56,15.3,35.9
2026-09-12,22,Bengaluru,68,15.5,18.5
2026-09-12,22,Kolkata,52,14.6,15.8
2026-09-12,22,Chennai,68,15.7,24.2
2026-09-12,22,Hyderabad,81,38.6,46.1
2026-09-12,22,Pune,58,8.0,10.8
2026-09-12,22,Ahmedabad,64,26.4,39.3
2026-09-12,23,Delhi,78,39.3,39.5
2026-09-12,23,Mumbai,56,15.9,37.0
2026-09-12,23,Bengaluru,66,13.3,15.7
2026-09-12,23,Kolkata,52,13.1,14.4
2026-09-12,23,Chennai,67,15.3,24.0
2026-09-12,23,Hyderabad,82,34.7,41.0
2026-09-12,23,Pune,57,6.2,8.9
2026-09-12,23,Ahmedabad,64,24.3,32.9
2026-09-13,00,Delhi,79,36.4,36.6
2026-09-13,00,Mumbai,57,15.9,37.8
2026-09-13,00,Bengaluru,64,11.4,13.4
2026-09-13,00,Kolkata,53,12.3,13.7
2026-09-13,00,Chennai,67,15.4,24.6
2026-09-13,00,Hyderabad,82,32.4,38.2
2026-09-13,00,Pune,56,5.1,7.7
2026-09-13,00,Ahmedabad,65,22.4,28.4
2026-09-13,01,Delhi,80,34.0,34.0
2026-09-13,01,Mumbai,57,15.8,38.0
2026-09-13,01,Bengaluru,63,9.9,11.8
2026-09-13,01,Kolkata,53,12.1,13.6
2026-09-13,01,Chennai,66,15.4,24.7
2026-09-13,01,Hyderabad,83,31.1,37.1
2026-09-13,01,Pune,55,4.7,7.4
2026-09-13,01,Ahmedabad,65,21.8,26.7
2026-09-13,02,Delhi,82,31.7,31.7
2026-09-13,02,Mumbai,57,16.1,39.1
2026-09-13,02,Bengaluru,62,9.1,10.8
2026-09-13,02,Kolkata,53,12.5,14.0
2026-09-13,02,Chennai,66,15.4,24.9
2026-09-13,02,Hyderabad,83,29.3,35.4
2026-09-13,02,Pune,54,4.0,6.5
2026-09-13,02,Ahmedabad,66,21.8,26.6
2026-09-13,03,Delhi,83,29.6,29.6
2026-09-13,03,Mumbai,58,15.7,38.4
2026-09-13,03,Bengaluru,61,8.5,10.1
2026-09-13,03,Kolkata,53,12.6,14.2
2026-09-13,03,Chennai,65,15.3,23.9
2026-09-13,03,Hyderabad,83,26.0,32.2
2026-09-13,03,Pune,53,3.8,6.4
2026-09-13,03,Ahmedabad,67,21.4,25.8
2026-09-13,04,Delhi,83,28.0,28.1
2026-09-13,04,Mumbai,58,15.8,39.2
2026-09-13,04,Bengaluru,60,8.2,10.0
2026-09-13,04,Kolkata,54,13.0,14.6
2026-09-13,04,Chennai,65,15.6,22.5
2026-09-13,04,Hyderabad,83,24.3,29.3
2026-09-13,04,Pune,52,3.8,6.5
2026-09-13,04,Ahmedabad,67,21.1,24.9
2026-09-13,05,Delhi,84,24.3,24.3
2026-09-13,05,Mumbai,58,14.7,36.1
2026-09-13,05,Bengaluru,60,8.0,9.8
2026-09-13,05,Kolkata,54,11.4,12.5
2026-09-13,05,Chennai,64,17.7,24.4
2026-09-13,05,Hyderabad,83,26.5,33.3
2026-09-13,05,Pune,51,5.7,10.6
2026-09-13,05,Ahmedabad,68,18.0,23.5
2026-09-13,06,Delhi,85,25.4,25.5
2026-09-13,06,Mumbai,59,12.7,29.1
2026-09-13,06,Bengaluru,59,9.3,11.3
2026-09-13,06,Kolkata,54,14.9,16.2
2026-09-13,06,Chennai,64,18.2,25.0
2026-09-13,06,Hyderabad,82,28.6,35.6
2026-09-13,06,Pune,50,5.5,11.0
2026-09-13,06,Ahmedabad,69,17.1,22.5
2026-09-13,07,Delhi,85,28.5,28.5
2026-09-13,07,Mumbai,59,11.7,25.5
2026-09-13,07,Bengaluru,59,8.7,11.9
2026-09-13,07,Kolkata,54,12.2,14.2
2026-09-13,07,Chennai,65,19.0,26.2
2026-09-13,07,Hyderabad,82,29.6,36.6
2026-09-13,07,Pune,50,6.0,10.9
2026-09-13,07,Ahmedabad,69,16.2,20.7
2026-09-13,08,Delhi,86,25.6,25.7
2026-09-13,08,Mumbai,58,10.6,21.8
2026-09-13,08,Bengaluru,59,9.1,13.7
2026-09-13,08,Kolkata,54,9.8,12.1
2026-09-13,08,Chennai,65,19.2,26.5
2026-09-13,08,Hyderabad,82,28.6,36.2
2026-09-13,08,Pune,49,5.1,8.8
2026-09-13,08,Ahmedabad,69,15.5,20.3
2026-09-13,09,Delhi,87,23.8,24.3
2026-09-13,09,Mumbai,58,9.8,19.3
2026-09-13,09,Bengaluru,58,9.8,16.4
2026-09-13,09,Kolkata,54,10.5,13.2
2026-09-13,09,Chennai,65,19.0,26.4
2026-09-13,09,Hyderabad,83,27.1,35.0
2026-09-13,09,Pune,48,4.7,7.7
2026-09-13,09,Ahmedabad,70,13.1,17.3
2026-09-13,10,Delhi,87,25.1,26.3
2026-09-13,10,Mumbai,58,9.6,18.0
2026-09-13,10,Bengaluru,58,10.5,18.3
2026-09-13,10,Kolkata,54,10.7,13.5
2026-09-13,10,Chennai,66,19.0,26.3
2026-09-13,10,Hyderabad,83,24.5,32.0
2026-09-13,10,Pune,46,4.2,7.1
2026-09-13,10,Ahmedabad,70,8.8,11.0
2026-09-13,11,Delhi,87,27.1,40.0
2026-09-13,11,Mumbai,58,9.7,17.9
2026-09-13,11,Bengaluru,58,11.1,19.5
2026-09-13,11,Kolkata,54,10.9,13.4
2026-09-13,11,Chennai,66,19.1,26.4
2026-09-13,11,Hyderabad,84,21.4,28.1
2026-09-13,11,Pune,45,4.9,8.6
2026-09-13,11,Ahmedabad,69,8.0,9.0
2026-09-13,12,Delhi,88,27.0,31.8
2026-09-13,12,Mumbai,58,10.4,19.3
2026-09-13,12,Bengaluru,57,11.6,20.1
2026-09-13,12,Kolkata,54,11.1,13.2
2026-09-13,12,Chennai,66,18.6,25.4
2026-09-13,12,Hyderabad,84,18.3,24.5
2026-09-13,12,Pune,43,5.6,9.6
2026-09-13,12,Ahmedabad,69,8.6,9.5
2026-09-13,13,Delhi,89,26.4,29.6
2026-09-13,13,Mumbai,58,10.8,20.3
2026-09-13,13,Bengaluru,57,11.6,20.3
2026-09-13,13,Kolkata,55,10.7,12.7
2026-09-13,13,Chennai,66,17.6,24.0
2026-09-13,13,Hyderabad,85,16.4,22.1
2026-09-13,13,Pune,41,5.8,10.1
2026-09-13,13,Ahmedabad,69,9.4,10.0
2026-09-13,14,Delhi,89,25.5,27.6
2026-09-13,14,Mumbai,57,11.4,21.2
2026-09-13,14,Bengaluru,57,11.7,20.5
2026-09-13,14,Kolkata,55,10.2,11.8
2026-09-13,14,Chennai,66,16.6,22.6
2026-09-13,14,Hyderabad,85,15.2,20.5
2026-09-13,14,Pune,39,5.0,8.7
2026-09-13,14,Ahmedabad,68,10.4,10.9
2026-09-13,15,Delhi,113,24.7,26.0
2026-09-13,15,Mumbai,57,11.3,20.7
2026-09-13,15,Bengaluru,57,11.3,19.8
2026-09-13,15,Kolkata,55,7.8,8.9
2026-09-13,15,Chennai,66,15.1,20.8
2026-09-13,15,Hyderabad,85,14.7,20.1
2026-09-13,15,Pune,38,4.6,7.6
2026-09-13,15,Ahmedabad,68,11.9,12.4
2026-09-13,16,Delhi,133,24.1,25.0
2026-09-13,16,Mumbai,57,10.6,19.4
2026-09-13,16,Bengaluru,56,11.2,19.4
2026-09-13,16,Kolkata,55,6.1,7.0
2026-09-13,16,Chennai,66,14.6,20.2
2026-09-13,16,Hyderabad,85,13.8,18.9
2026-09-13,16,Pune,36,4.8,7.7
2026-09-13,16,Ahmedabad,68,12.1,12.6
2026-09-13,17,Delhi,145,24.6,25.8
2026-09-13,17,Mumbai,57,13.9,25.9
2026-09-13,17,Bengaluru,56,14.3,24.7
2026-09-13,17,Kolkata,55,10.8,12.0
2026-09-13,17,Chennai,66,21.8,30.5
2026-09-13,17,Hyderabad,84,17.7,23.5
2026-09-13,17,Pune,34,6.1,13.0
2026-09-13,17,Ahmedabad,68,20.7,20.9
2026-09-13,18,Delhi,145,28.9,30.3
2026-09-13,18,Mumbai,57,14.6,26.4
2026-09-13,18,Bengaluru,56,18.3,26.8
2026-09-13,18,Kolkata,55,17.7,18.9
2026-09-13,18,Chennai,66,20.0,28.1
2026-09-13,18,Hyderabad,84,22.0,27.5
2026-09-13,18,Pune,33,5.7,10.2
2026-09-13,18,Ahmedabad,68,22.6,22.8
2026-09-13,19,Delhi,135,30.5,31.2
2026-09-13,19,Mumbai,58,14.1,25.7
2026-09-13,19,Bengaluru,56,21.0,28.9
2026-09-13,19,Kolkata,55,25.6,27.1
2026-09-13,19,Chennai,66,18.6,26.4
2026-09-13,19,Hyderabad,83,30.2,36.2
2026-09-13,19,Pune,32,5.9,9.3
2026-09-13,19,Ahmedabad,68,28.7,28.9
2026-09-13,20,Delhi,117,30.2,31.2
2026-09-13,20,Mumbai,58,14.3,24.9
2026-09-13,20,Bengaluru,56,21.9,29.9
2026-09-13,20,Kolkata,56,29.8,31.4
2026-09-13,20,Chennai,66,17.1,24.6
2026-09-13,20,Hyderabad,83,38.3,44.6
2026-09-13,20,Pune,31,5.7,8.8
2026-09-13,20,Ahmedabad,68,26.3,26.5
2026-09-13,21,Delhi,94,29.6,31.2
2026-09-13,21,Mumbai,58,13.0,22.8
2026-09-13,21,Bengaluru,56,23.5,32.1
2026-09-13,21,Kolkata,58,34.6,36.3
2026-09-13,21,Chennai,66,16.3,23.7
2026-09-13,21,Hyderabad,83,37.1,43.0
2026-09-13,21,Pune,30,5.9,9.0
2026-09-13,21,Ahmedabad,68,23.9,24.1
2026-09-13,22,Delhi,87,28.2,29.7
2026-09-13,22,Mumbai,58,12.1,21.1
2026-09-13,22,Bengaluru,57,26.3,35.5
2026-09-13,22,Kolkata,59,40.6,42.5
2026-09-13,22,Chennai,66,15.7,23.1
2026-09-13,22,Hyderabad,82,32.9,37.8
2026-09-13,22,Pune,29,5.7,8.8
2026-09-13,22,Ahmedabad,67,22.1,22.3
2026-09-13,23,Delhi,86,25.7,30.6
2026-09-13,23,Mumbai,57,11.3,19.4
2026-09-13,23,Bengaluru,57,28.1,37.1
2026-09-13,23,Kolkata,61,37.0,39.1
2026-09-13,23,Chennai,66,15.0,22.4
2026-09-13,23,Hyderabad,82,29.2,32.9
2026-09-13,23,Pune,29,5.6,8.3
2026-09-13,23,Ahmedabad,67,19.3,19.6
2026-09-14,00,Delhi,85,23.1,31.1
2026-09-14,00,Mumbai,57,10.4,18.2
2026-09-14,00,Bengaluru,59,30.9,40.0
2026-09-14,00,Kolkata,63,36.0,38.1
2026-09-14,00,Chennai,66,14.3,21.7
2026-09-14,00,Hyderabad,81,27.4,30.7
2026-09-14,00,Pune,29,4.0,6.7
2026-09-14,00,Ahmedabad,66,16.3,16.5
2026-09-14,01,Delhi,84,21.0,29.9
2026-09-14,01,Mumbai,57,9.5,17.0
2026-09-14,01,Bengaluru,60,33.8,42.8
2026-09-14,01,Kolkata,65,38.4,40.6
2026-09-14,01,Chennai,66,13.9,21.5
2026-09-14,01,Hyderabad,81,27.8,31.0
2026-09-14,01,Pune,28,3.6,5.9
2026-09-14,01,Ahmedabad,66,14.9,15.2
2026-09-14,02,Delhi,83,19.2,29.2
2026-09-14,02,Mumbai,56,8.7,15.4
2026-09-14,02,Bengaluru,62,35.7,44.6
2026-09-14,02,Kolkata,67,40.6,42.7
2026-09-14,02,Chennai,65,13.2,20.5
2026-09-14,02,Hyderabad,81,26.0,29.2
2026-09-14,02,Pune,28,3.1,5.0
2026-09-14,02,Ahmedabad,65,14.9,15.2
2026-09-14,03,Delhi,82,18.2,30.0
2026-09-14,03,Mumbai,56,8.3,15.0
2026-09-14,03,Bengaluru,64,36.4,45.2
2026-09-14,03,Kolkata,69,42.1,44.2
2026-09-14,03,Chennai,65,13.3,20.8
2026-09-14,03,Hyderabad,80,22.6,25.8
2026-09-14,03,Pune,28,2.4,4.0
2026-09-14,03,Ahmedabad,65,13.4,13.8
2026-09-14,04,Delhi,81,18.0,31.4
2026-09-14,04,Mumbai,55,7.7,14.4
2026-09-14,04,Bengaluru,66,36.3,45.1
2026-09-14,04,Kolkata,72,42.6,44.7
2026-09-14,04,Chennai,65,13.9,21.7
2026-09-14,04,Hyderabad,80,20.2,22.8
2026-09-14,04,Pune,28,2.4,3.9
2026-09-14,04,Ahmedabad,64,12.7,13.1
2026-09-14,05,Delhi,81,17.8,26.3
2026-09-14,05,Mumbai,54,7.0,13.3
2026-09-14,05,Bengaluru,68,41.4,50.1
2026-09-14,05,Kolkata,74,29.7,31.5
2026-09-14,05,Chennai,65,13.5,20.4
2026-09-14,05,Hyderabad,80,24.9,28.8
2026-09-14,05,Pune,27,2.1,3.7
2026-09-14,05,Ahmedabad,63,10.2,10.2
2026-09-14,06,Delhi,80,19.7,27.7
2026-09-14,06,Mumbai,54,7.6,13.9
2026-09-14,06,Bengaluru,71,46.3,54.9
2026-09-14,06,Kolkata,76,32.5,34.3
2026-09-14,06,Chennai,65,13.7,19.3
2026-09-14,06,Hyderabad,80,25.0,28.6
2026-09-14,06,Pune,26,2.6,4.0
2026-09-14,06,Ahmedabad,63,10.7,10.8
2026-09-14,07,Delhi,80,20.9,28.2
2026-09-14,07,Mumbai,53,9.0,15.4
2026-09-14,07,Bengaluru,74,43.5,51.3
2026-09-14,07,Kolkata,77,19.9,22.5
2026-09-14,07,Chennai,64,14.3,19.4
2026-09-14,07,Hyderabad,79,22.8,26.3
2026-09-14,07,Pune,26,3.1,4.7
2026-09-14,07,Ahmedabad,62,11.6,11.7
2026-09-14,08,Delhi,79,21.4,24.8
2026-09-14,08,Mumbai,53,8.8,15.2
2026-09-14,08,Bengaluru,77,29.9,39.6
2026-09-14,08,Kolkata,77,18.0,21.7
2026-09-14,08,Chennai,64,13.9,18.6
2026-09-14,08,Hyderabad,79,19.9,24.7
2026-09-14,08,Pune,25,3.8,5.8
2026-09-14,08,Ahmedabad,62,11.9,12.1
2026-09-14,09,Delhi,79,21.4,23.6
2026-09-14,09,Mumbai,53,9.3,15.9
2026-09-14,09,Bengaluru,78,25.8,37.4
2026-09-14,09,Kolkata,78,19.0,23.5
2026-09-14,09,Chennai,64,14.8,20.0
2026-09-14,09,Hyderabad,78,18.9,24.7
2026-09-14,09,Pune,25,4.1,7.1
2026-09-14,09,Ahmedabad,62,11.9,12.1
2026-09-14,10,Delhi,78,21.8,23.4
2026-09-14,10,Mumbai,53,10.9,17.3
2026-09-14,10,Bengaluru,80,23.3,36.1
2026-09-14,10,Kolkata,79,17.9,21.0
2026-09-14,10,Chennai,63,18.2,24.8
2026-09-14,10,Hyderabad,78,18.2,25.1
2026-09-14,10,Pune,25,5.0,9.0
2026-09-14,10,Ahmedabad,61,12.7,12.9
2026-09-14,11,Delhi,78,23.8,25.0
2026-09-14,11,Mumbai,53,12.1,18.7
2026-09-14,11,Bengaluru,81,22.4,35.6
2026-09-14,11,Kolkata,79,17.1,18.2
2026-09-14,11,Chennai,63,21.1,28.9
2026-09-14,11,Hyderabad,77,17.8,25.6
2026-09-14,11,Pune,25,5.2,9.5
2026-09-14,11,Ahmedabad,62,12.3,12.5
2026-09-14,12,Delhi,78,25.5,26.5
2026-09-14,12,Mumbai,53,11.8,19.4
2026-09-14,12,Bengaluru,81,21.4,34.2
2026-09-14,12,Kolkata,80,17.8,18.8
2026-09-14,12,Chennai,63,21.1,28.7
2026-09-14,12,Hyderabad,77,17.0,25.0
2026-09-14,12,Pune,25,5.3,9.8
2026-09-14,12,Ahmedabad,62,12.0,12.3
2026-09-14,13,Delhi,78,27.3,28.2
2026-09-14,13,Mumbai,53,11.7,21.1
2026-09-14,13,Bengaluru,82,20.1,32.2
2026-09-14,13,Kolkata,80,18.5,19.4
2026-09-14,13,Chennai,63,18.5,24.9
2026-09-14,13,Hyderabad,77,16.1,24.0
2026-09-14,13,Pune,25,5.5,10.6
2026-09-14,13,Ahmedabad,62,12.4,12.6
2026-09-14,14,Delhi,82,26.1,30.7
2026-09-14,14,Mumbai,53,12.8,24.4
2026-09-14,14,Bengaluru,83,19.0,30.0
2026-09-14,14,Kolkata,81,17.9,18.8
2026-09-14,14,Chennai,64,16.3,22.0
2026-09-14,14,Hyderabad,77,15.1,22.5
2026-09-14,14,Pune,25,6.2,12.7
2026-09-14,14,Ahmedabad,63,12.5,12.7
2026-09-14,15,Delhi,109,27.9,32.7
2026-09-14,15,Mumbai,54,13.5,26.1
2026-09-14,15,Bengaluru,83,19.1,30.2
2026-09-14,15,Kolkata,87,17.8,18.7
2026-09-14,15,Chennai,64,15.0,20.8
2026-09-14,15,Hyderabad,77,14.4,21.4
2026-09-14,15,Pune,26,7.1,15.0
2026-09-14,15,Ahmedabad,63,13.0,13.2
2026-09-14,16,Delhi,132,27.4,29.3
2026-09-14,16,Mumbai,54,13.9,27.6
2026-09-14,16,Bengaluru,84,18.3,29.5
2026-09-14,16,Kolkata,103,17.3,18.1
2026-09-14,16,Chennai,64,14.5,20.5
2026-09-14,16,Hyderabad,77,13.8,20.4
2026-09-14,16,Pune,28,7.5,15.4
2026-09-14,16,Ahmedabad,63,13.3,13.5
2026-09-14,17,Delhi,149,43.7,45.6
2026-09-14,17,Mumbai,54,10.7,20.0
2026-09-14,17,Bengaluru,85,22.9,29.0
2026-09-14,17,Kolkata,107,17.6,17.6
2026-09-14,17,Chennai,64,15.6,24.4
2026-09-14,17,Hyderabad,77,15.7,23.6
2026-09-14,17,Pune,29,7.8,14.9
2026-09-14,17,Ahmedabad,63,18.6,19.2
2026-09-14,18,Delhi,155,46.1,47.5
2026-09-14,18,Mumbai,54,10.3,19.4
2026-09-14,18,Bengaluru,85,25.0,28.5
2026-09-14,18,Kolkata,100,23.8,23.8
2026-09-14,18,Chennai,63,16.1,24.7
2026-09-14,18,Hyderabad,77,21.7,29.3
2026-09-14,18,Pune,30,7.8,14.2
2026-09-14,18,Ahmedabad,63,21.7,22.1
2026-09-14,19,Delhi,151,52.7,53.9
2026-09-14,19,Mumbai,53,11.0,19.9
2026-09-14,19,Bengaluru,86,26.8,28.5
2026-09-14,19,Kolkata,86,23.3,23.6
2026-09-14,19,Chennai,63,16.8,25.4
2026-09-14,19,Hyderabad,76,31.4,39.5
2026-09-14,19,Pune,29,8.5,14.1
2026-09-14,19,Ahmedabad,63,23.6,23.9
2026-09-14,20,Delhi,133,55.3,56.3
2026-09-14,20,Mumbai,53,11.3,21.2
2026-09-14,20,Bengaluru,86,29.2,30.5
2026-09-14,20,Kolkata,84,21.8,22.1
2026-09-14,20,Chennai,63,17.1,25.4
2026-09-14,20,Hyderabad,77,43.3,51.5
2026-09-14,20,Pune,28,8.0,12.4
2026-09-14,20,Ahmedabad,62,23.7,24.0
2026-09-14,21,Delhi,107,56.1,57.2
2026-09-14,21,Mumbai,53,11.2,20.9
2026-09-14,21,Bengaluru,87,29.6,31.0
2026-09-14,21,Kolkata,83,22.5,22.8
2026-09-14,21,Chennai,63,17.2,25.1
2026-09-14,21,Hyderabad,77,42.0,49.2
2026-09-14,21,Pune,28,8.5,12.4
2026-09-14,21,Ahmedabad,62,22.1,22.4
2026-09-14,22,Delhi,87,55.9,56.9
2026-09-14,22,Mumbai,53,10.9,20.8
2026-09-14,22,Bengaluru,87,28.8,30.4
2026-09-14,22,Kolkata,83,22.5,22.9
2026-09-14,22,Chennai,63,17.3,25.1
2026-09-14,22,Hyderabad,77,33.3,37.7
2026-09-14,22,Pune,29,9.1,12.8
2026-09-14,22,Ahmedabad,62,20.2,20.5
2026-09-14,23,Delhi,89,54.6,55.5
2026-09-14,23,Mumbai,53,10.6,20.1
2026-09-14,23,Bengaluru,88,26.6,28.5
2026-09-14,23,Kolkata,81,20.8,21.2
2026-09-14,23,Chennai,63,17.0,24.4
2026-09-14,23,Hyderabad,77,28.3,31.8
2026-09-14,23,Pune,30,8.1,11.8
2026-09-14,23,Ahmedabad,62,18.5,18.7
2026-09-15,00,Delhi,92,53.6,54.4
2026-09-15,00,Mumbai,53,9.5,18.2
2026-09-15,00,Bengaluru,87,24.1,26.3
2026-09-15,00,Kolkata,80,19.8,20.5
2026-09-15,00,Chennai,63,16.6,23.8
2026-09-15,00,Hyderabad,77,25.2,27.5
2026-09-15,00,Pune,30,7.7,11.0
2026-09-15,00,Ahmedabad,62,15.3,15.5
2026-09-15,01,Delhi,94,52.6,53.4
2026-09-15,01,Mumbai,53,8.5,15.7
2026-09-15,01,Bengaluru,87,23.6,26.2
2026-09-15,01,Kolkata,79,18.7,19.4
2026-09-15,01,Chennai,63,16.3,23.3
2026-09-15,01,Hyderabad,77,22.9,24.9
2026-09-15,01,Pune,31,7.2,10.4
2026-09-15,01,Ahmedabad,62,11.8,12.0
2026-09-15,02,Delhi,96,51.2,51.9
2026-09-15,02,Mumbai,52,7.6,14.0
2026-09-15,02,Bengaluru,86,24.3,27.2
2026-09-15,02,Kolkata,77,18.5,19.2
2026-09-15,02,Chennai,63,16.2,23.1
2026-09-15,02,Hyderabad,77,20.3,22.1
2026-09-15,02,Pune,32,6.3,9.2
2026-09-15,02,Ahmedabad,61,8.6,8.7
2026-09-15,03,Delhi,99,49.4,50.1
2026-09-15,03,Mumbai,52,7.5,13.6
2026-09-15,03,Bengaluru,85,24.2,27.2
2026-09-15,03,Kolkata,75,19.0,19.7
2026-09-15,03,Chennai,64,16.5,23.2
2026-09-15,03,Hyderabad,76,18.5,20.3
2026-09-15,03,Pune,33,5.7,8.4
2026-09-15,03,Ahmedabad,61,6.5,6.6
2026-09-15,04,Delhi,102,47.7,48.4
2026-09-15,04,Mumbai,52,7.4,13.1
2026-09-15,04,Bengaluru,84,24.7,28.1
2026-09-15,04,Kolkata,73,20.3,21.1
2026-09-15,04,Chennai,64,17.4,23.9
2026-09-15,04,Hyderabad,76,16.8,18.8
2026-09-15,04,Pune,33,4.7,7.3
2026-09-15,04,Ahmedabad,60,5.4,5.6
2026-09-15,05,Delhi,105,52.0,52.9
2026-09-15,05,Mumbai,52,7.8,14.5
2026-09-15,05,Bengaluru,83,7.6,8.9
2026-09-15,05,Kolkata,72,17.5,18.3
2026-09-15,05,Chennai,64,16.1,22.6
2026-09-15,05,Hyderabad,76,18.2,21.0
2026-09-15,05,Pune,34,3.2,4.6
2026-09-15,05,Ahmedabad,60,7.3,7.3
2026-09-15,06,Delhi,109,56.1,56.9
2026-09-15,06,Mumbai,52,7.7,13.7
2026-09-15,06,Bengaluru,81,13.9,16.1
2026-09-15,06,Kolkata,71,22.8,23.7
2026-09-15,06,Chennai,64,18.5,25.0
2026-09-15,06,Hyderabad,75,19.6,22.4
2026-09-15,06,Pune,34,4.1,5.6
2026-09-15,06,Ahmedabad,60,6.9,6.9
2026-09-15,07,Delhi,112,55.8,56.6
2026-09-15,07,Mumbai,52,8.4,13.7
2026-09-15,07,Bengaluru,78,11.9,18.3
2026-09-15,07,Kolkata,70,20.3,21.9
2026-09-15,07,Chennai,65,18.9,25.7
2026-09-15,07,Hyderabad,75,18.5,21.8
2026-09-15,07,Pune,35,4.2,5.7
2026-09-15,07,Ahmedabad,59,7.3,7.3
2026-09-15,08,Delhi,116,46.7,47.7
2026-09-15,08,Mumbai,52,8.7,14.0
2026-09-15,08,Bengaluru,76,16.7,27.7
2026-09-15,08,Kolkata,70,16.2,18.0
2026-09-15,08,Chennai,65,19.2,26.5
2026-09-15,08,Hyderabad,74,18.2,21.8
2026-09-15,08,Pune,35,4.7,7.0
2026-09-15,08,Ahmedabad,59,6.7,6.8
2026-09-15,09,Delhi,119,41.4,42.6
2026-09-15,09,Mumbai,52,9.5,15.0
2026-09-15,09,Bengaluru,75,15.8,26.7
2026-09-15,09,Kolkata,70,16.4,16.9
2026-09-15,09,Chennai,65,21.1,29.1
2026-09-15,09,Hyderabad,74,18.0,22.7
2026-09-15,09,Pune,35,5.8,10.0
2026-09-15,09,Ahmedabad,59,5.4,5.4
2026-09-15,10,Delhi,121,37.6,38.6
2026-09-15,10,Mumbai,52,10.3,16.4
2026-09-15,10,Bengaluru,74,15.9,26.8
2026-09-15,10,Kolkata,70,18.3,18.9
2026-09-15,10,Chennai,66,24.3,33.5
2026-09-15,10,Hyderabad,74,18.2,23.7
2026-09-15,10,Pune,35,6.5,11.7
2026-09-15,10,Ahmedabad,58,4.9,4.9
2026-09-15,11,Delhi,122,38.3,39.3
2026-09-15,11,Mumbai,52,11.6,18.0
2026-09-15,11,Bengaluru,73,15.3,25.6
2026-09-15,11,Kolkata,70,20.1,20.8
2026-09-15,11,Chennai,66,25.6,35.3
2026-09-15,11,Hyderabad,74,18.1,24.3
2026-09-15,11,Pune,36,7.6,13.9
2026-09-15,11,Ahmedabad,57,5.2,5.2
2026-09-15,12,Delhi,124,39.8,41.0
2026-09-15,12,Mumbai,52,12.2,18.7
2026-09-15,12,Bengaluru,73,14.6,23.7
2026-09-15,12,Kolkata,70,21.7,22.5
2026-09-15,12,Chennai,67,23.9,32.5
2026-09-15,12,Hyderabad,74,17.9,24.3
2026-09-15,12,Pune,36,7.2,13.3
2026-09-15,12,Ahmedabad,57,6.0,6.0
2026-09-15,13,Delhi,125,40.7,41.9
2026-09-15,13,Mumbai,52,12.4,18.7
2026-09-15,13,Bengaluru,72,13.9,21.8
2026-09-15,13,Kolkata,70,22.2,23.1
2026-09-15,13,Chennai,67,21.5,28.8
2026-09-15,13,Hyderabad,74,17.1,23.5
2026-09-15,13,Pune,37,6.9,12.4
2026-09-15,13,Ahmedabad,56,7.0,7.0
2026-09-15,14,Delhi,127,41.3,42.5
2026-09-15,14,Mumbai,52,12.3,18.3
2026-09-15,14,Bengaluru,72,14.6,22.5
2026-09-15,14,Kolkata,71,21.5,22.3
2026-09-15,14,Chennai,67,21.3,28.6
2026-09-15,14,Hyderabad,74,16.0,22.4
2026-09-15,14,Pune,37,6.6,11.8
2026-09-15,14,Ahmedabad,56,9.1,9.3
2026-09-15,15,Delhi,144,41.2,42.4
2026-09-15,15,Mumbai,52,11.6,17.7
2026-09-15,15,Bengaluru,71,14.7,22.4
2026-09-15,15,Kolkata,92,20.6,21.5
2026-09-15,15,Chennai,68,20.0,27.1
2026-09-15,15,Hyderabad,74,15.0,21.2
2026-09-15,15,Pune,37,6.4,11.1
2026-09-15,15,Ahmedabad,56,11.9,12.3
2026-09-15,16,Delhi,168,40.0,41.2
2026-09-15,16,Mumbai,52,11.4,17.3
2026-09-15,16,Bengaluru,79,15.7,23.5
2026-09-15,16,Kolkata,105,21.5,22.3
2026-09-15,16,Chennai,68,18.8,25.7
2026-09-15,16,Hyderabad,75,14.5,20.6
2026-09-15,16,Pune,37,6.3,10.9
2026-09-15,16,Ahmedabad,56,13.4,14.2
2026-09-15,17,Delhi,185,54.8,57.4
2026-09-15,17,Mumbai,52,8.5,13.0
2026-09-15,17,Bengaluru,93,24.2,34.6
2026-09-15,17,Kolkata,106,23.1,23.8
2026-09-15,17,Chennai,68,18.7,26.1
2026-09-15,17,Hyderabad,75,21.2,31.1
2026-09-15,17,Pune,37,7.2,12.3
2026-09-15,17,Ahmedabad,56,15.0,15.3
2026-09-15,18,Delhi,192,60.8,62.9
2026-09-15,18,Mumbai,52,8.2,12.3
2026-09-15,18,Bengaluru,98,29.0,35.3
2026-09-15,18,Kolkata,96,27.2,27.9
2026-09-15,18,Chennai,69,16.1,23.6
2026-09-15,18,Hyderabad,76,27.0,36.6
2026-09-15,18,Pune,37,6.9,10.7
2026-09-15,18,Ahmedabad,55,13.1,13.6
2026-09-15,19,Delhi,191,64.5,66.1
2026-09-15,19,Mumbai,52,8.2,12.2
2026-09-15,19,Bengaluru,96,23.8,28.7
2026-09-15,19,Kolkata,80,27.0,27.8
2026-09-15,19,Chennai,69,14.2,21.2
2026-09-15,19,Hyderabad,75,37.7,47.6
2026-09-15,19,Pune,36,7.6,10.5
2026-09-15,19,Ahmedabad,55,12.0,12.8
2026-09-15,20,Delhi,180,61.7,63.3
2026-09-15,20,Mumbai,51,8.4,12.4
2026-09-15,20,Bengaluru,89,18.4,22.3
2026-09-15,20,Kolkata,72,25.1,26.0
2026-09-15,20,Chennai,68,13.0,19.5
2026-09-15,20,Hyderabad,76,46.3,56.2
2026-09-15,20,Pune,36,8.9,11.5
2026-09-15,20,Ahmedabad,54,10.2,11.0
2026-09-15,21,Delhi,164,65.0,66.4
2026-09-15,21,Mumbai,51,8.6,12.8
2026-09-15,21,Bengaluru,78,16.8,20.1
2026-09-15,21,Kolkata,73,23.9,24.6
2026-09-15,21,Chennai,68,12.4,18.6
2026-09-15,21,Hyderabad,76,48.3,58.0
2026-09-15,21,Pune,36,9.5,12.0
2026-09-15,21,Ahmedabad,53,9.1,10.2
2026-09-15,22,Delhi,139,70.8,72.2
2026-09-15,22,Mumbai,51,8.9,13.2
2026-09-15,22,Bengaluru,69,17.8,21.3
2026-09-15,22,Kolkata,73,22.6,23.4
2026-09-15,22,Chennai,68,12.2,18.2
2026-09-15,22,Hyderabad,77,44.4,52.6
2026-09-15,22,Pune,37,10.4,12.7
2026-09-15,22,Ahmedabad,52,8.6,9.6
2026-09-15,23,Delhi,138,73.6,74.7
2026-09-15,23,Mumbai,51,8.9,13.0
2026-09-15,23,Bengaluru,68,18.5,22.2
2026-09-15,23,Kolkata,73,20.7,21.5
2026-09-15,23,Chennai,67,11.8,17.6
2026-09-15,23,Hyderabad,78,39.6,46.7
2026-09-15,23,Pune,37,11.1,13.4
2026-09-15,23,Ahmedabad,51,8.1,8.9
2026-09-16,00,Delhi,140,73.3,74.5
2026-09-16,00,Mumbai,51,8.4,12.3
2026-09-16,00,Bengaluru,68,19.2,22.8
2026-09-16,00,Kolkata,73,19.8,20.7
2026-09-16,00,Chennai,67,11.8,17.4
2026-09-16,00,Hyderabad,78,36.0,42.5
2026-09-16,00,Pune,38,10.0,12.4
2026-09-16,00,Ahmedabad,50,7.4,8.1
2026-09-16,01,Delhi,142,73.1,74.3
2026-09-16,01,Mumbai,51,8.0,11.8
2026-09-16,01,Bengaluru,67,12.9,16.0
2026-09-16,01,Kolkata,73,19.6,20.5
2026-09-16,01,Chennai,66,12.5,17.8
2026-09-16,01,Hyderabad,79,33.5,39.6
2026-09-16,01,Pune,38,9.9,12.1
2026-09-16,01,Ahmedabad,48,7.1,7.7
2026-09-16,02,Delhi,144,75.7,76.8
2026-09-16,02,Mumbai,51,7.7,11.3
2026-09-16,02,Bengaluru,66,11.8,15.5
2026-09-16,02,Kolkata,73,19.3,20.5
2026-09-16,02,Chennai,66,14.1,19.2
2026-09-16,02,Hyderabad,80,32.0,38.2
2026-09-16,02,Pune,39,9.8,12.0
2026-09-16,02,Ahmedabad,47,6.7,7.4
2026-09-16,03,Delhi,147,78.0,79.2
2026-09-16,03,Mumbai,51,7.5,11.1
2026-09-16,03,Bengaluru,65,12.1,16.6
2026-09-16,03,Kolkata,73,19.2,20.4
2026-09-16,03,Chennai,66,16.5,20.8
2026-09-16,03,Hyderabad,81,31.3,37.7
2026-09-16,03,Pune,40,9.4,11.6
2026-09-16,03,Ahmedabad,46,6.6,7.2
2026-09-16,04,Delhi,150,80.6,81.7
2026-09-16,04,Mumbai,51,7.3,10.9
2026-09-16,04,Bengaluru,64,12.4,17.3
2026-09-16,04,Kolkata,73,19.2,20.6
2026-09-16,04,Chennai,66,19.4,23.7
2026-09-16,04,Hyderabad,82,31.3,37.8
2026-09-16,04,Pune,40,9.2,11.3
2026-09-16,04,Ahmedabad,46,6.5,7.1
2026-09-16,05,Delhi,151,76.4,77.3
2026-09-16,05,Mumbai,51,6.4,9.7
2026-09-16,05,Bengaluru,63,8.8,13.5
2026-09-16,05,Kolkata,73,24.7,27.5
2026-09-16,05,Chennai,66,18.8,23.7
2026-09-16,05,Hyderabad,83,49.2,58.1
2026-09-16,05,Pune,42,7.6,9.7
2026-09-16,05,Ahmedabad,47,8.4,9.3
2026-09-16,06,Delhi,152,86.8,87.8
2026-09-16,06,Mumbai,50,6.6,9.8
2026-09-16,06,Bengaluru,64,10.1,14.2
2026-09-16,06,Kolkata,73,30.2,32.6
2026-09-16,06,Chennai,66,23.5,28.4
2026-09-16,06,Hyderabad,86,47.3,54.5
2026-09-16,06,Pune,43,9.1,11.0
2026-09-16,06,Ahmedabad,47,8.4,9.2
2026-09-16,07,Delhi,153,86.8,87.5
2026-09-16,07,Mumbai,50,7.8,11.0
2026-09-16,07,Bengaluru,63,12.1,17.9
2026-09-16,07,Kolkata,74,28.8,32.7
2026-09-16,07,Chennai,67,28.9,34.0
2026-09-16,07,Hyderabad,88,43.9,49.6
2026-09-16,07,Pune,44,8.8,10.9
2026-09-16,07,Ahmedabad,47,8.3,9.3
2026-09-16,08,Delhi,153,75.2,76.1
2026-09-16,08,Mumbai,50,8.8,12.0
2026-09-16,08,Bengaluru,63,14.1,20.9
2026-09-16,08,Kolkata,75,29.6,35.2
2026-09-16,08,Chennai,68,32.9,37.5
2026-09-16,08,Hyderabad,90,40.3,46.6
2026-09-16,08,Pune,45,6.6,8.5
2026-09-16,08,Ahmedabad,47,7.4,8.8
2026-09-16,09,Delhi,154,58.7,59.8
2026-09-16,09,Mumbai,50,9.5,13.0
2026-09-16,09,Bengaluru,63,14.9,22.9
2026-09-16,09,Kolkata,76,28.6,32.5
2026-09-16,09,Chennai,69,36.7,41.7
2026-09-16,09,Hyderabad,92,38.4,46.0
2026-09-16,09,Pune,45,6.4,8.7
2026-09-16,09,Ahmedabad,48,7.1,8.9
2026-09-16,10,Delhi,155,55.3,56.8
2026-09-16,10,Mumbai,50,10.6,14.3
2026-09-16,10,Bengaluru,63,15.4,23.7
2026-09-16,10,Kolkata,77,29.4,32.7
2026-09-16,10,Chennai,70,40.0,45.4
2026-09-16,10,Hyderabad,93,37.5,46.0
2026-09-16,10,Pune,45,6.2,8.9
2026-09-16,10,Ahmedabad,48,7.7,10.1
2026-09-16,11,Delhi,155,54.8,56.6
2026-09-16,11,Mumbai,50,11.8,15.8
2026-09-16,11,Bengaluru,63,14.9,22.7
2026-09-16,11,Kolkata,77,29.2,31.9
2026-09-16,11,Chennai,71,42.1,47.6
2026-09-16,11,Hyderabad,95,35.7,44.4
2026-09-16,11,Pune,45,6.2,9.1
2026-09-16,11,Ahmedabad,49,8.3,11.1
2026-09-16,12,Delhi,156,55.8,57.7
2026-09-16,12,Mumbai,50,12.2,16.3
2026-09-16,12,Bengaluru,63,14.2,21.2
2026-09-16,12,Kolkata,78,28.6,31.1
2026-09-16,12,Chennai,72,41.0,46.4
2026-09-16,12,Hyderabad,96,32.9,41.4
2026-09-16,12,Pune,45,6.1,8.8
2026-09-16,12,Ahmedabad,49,9.2,12.3
2026-09-16,13,Delhi,156,56.3,59.0
2026-09-16,13,Mumbai,50,13.2,17.6
2026-09-16,13,Bengaluru,63,13.2,19.2
2026-09-16,13,Kolkata,79,28.9,31.1
2026-09-16,13,Chennai,74,39.3,45.1
2026-09-16,13,Hyderabad,97,31.4,39.6
2026-09-16,13,Pune,45,6.1,8.5
2026-09-16,13,Ahmedabad,50,9.7,13.0
2026-09-16,14,Delhi,157,56.8,60.1
2026-09-16,14,Mumbai,50,13.2,17.4
2026-09-16,14,Bengaluru,63,13.0,18.7
2026-09-16,14,Kolkata,79,30.2,32.4
2026-09-16,14,Chennai,95,37.8,44.4
2026-09-16,14,Hyderabad,98,30.7,38.5
2026-09-16,14,Pune,45,6.3,8.1
2026-09-16,14,Ahmedabad,50,10.4,14.0
2026-09-16,15,Delhi,176,54.9,58.9
2026-09-16,15,Mumbai,50,12.0,15.6
2026-09-16,15,Bengaluru,63,12.9,18.7
2026-09-16,15,Kolkata,80,29.9,31.8
2026-09-16,15,Chennai,120,39.0,47.5
2026-09-16,15,Hyderabad,99,30.2,37.6
2026-09-16,15,Pune,44,6.2,7.7
2026-09-16,15,Ahmedabad,50,11.0,14.8
2026-09-16,16,Delhi,202,51.8,55.5
2026-09-16,16,Mumbai,50,11.5,15.0
2026-09-16,16,Bengaluru,63,13.5,19.4
2026-09-16,16,Kolkata,81,29.6,31.3
2026-09-16,16,Chennai,140,38.6,46.6
2026-09-16,16,Hyderabad,101,29.9,37.0
2026-09-16,16,Pune,44,5.5,6.7
2026-09-16,16,Ahmedabad,55,11.6,15.5
2026-09-16,17,Delhi,211,46.3,51.9
2026-09-16,17,Mumbai,50,14.7,22.2
2026-09-16,17,Bengaluru,62,11.0,11.8
2026-09-16,17,Kolkata,81,23.6,25.3
2026-09-16,17,Chennai,152,28.5,34.3
2026-09-16,17,Hyderabad,103,16.0,17.3
2026-09-16,17,Pune,44,8.2,12.4
2026-09-16,17,Ahmedabad,66,13.8,17.7
2026-09-16,18,Delhi,214,51.2,56.3
2026-09-16,18,Mumbai,51,15.2,22.9
2026-09-16,18,Bengaluru,63,29.7,30.6
2026-09-16,18,Kolkata,81,25.1,26.7
2026-09-16,18,Chennai,156,27.1,32.8
2026-09-16,18,Hyderabad,102,21.5,22.6
2026-09-16,18,Pune,44,8.5,11.2
2026-09-16,18,Ahmedabad,71,17.6,20.4
2026-09-16,19,Delhi,211,57.6,62.6
2026-09-16,19,Mumbai,52,16.1,24.2
2026-09-16,19,Bengaluru,61,46.4,48.3
2026-09-16,19,Kolkata,81,26.9,28.3
2026-09-16,19,Chennai,152,25.7,31.5
2026-09-16,19,Hyderabad,101,32.2,33.3
2026-09-16,19,Pune,45,9.1,11.4
2026-09-16,19,Ahmedabad,68,21.7,24.1
2026-09-16,20,Delhi,203,65.9,71.0
2026-09-16,20,Mumbai,52,17.4,25.5
2026-09-16,20,Bengaluru,63,52.9,55.1
2026-09-16,20,Kolkata,81,29.3,30.6
2026-09-16,20,Chennai,141,24.4,30.3
2026-09-16,20,Hyderabad,101,46.4,47.6
2026-09-16,20,Pune,45,9.5,11.6
2026-09-16,20,Ahmedabad,56,23.7,26.0
2026-09-16,21,Delhi,182,75.0,80.6
2026-09-16,21,Mumbai,53,17.9,25.9
2026-09-16,21,Bengaluru,66,37.8,39.5
2026-09-16,21,Kolkata,82,29.8,31.1
2026-09-16,21,Chennai,127,22.9,28.7
2026-09-16,21,Hyderabad,101,54.4,55.6
2026-09-16,21,Pune,45,10.2,12.0
2026-09-16,21,Ahmedabad,52,23.4,25.7
2026-09-16,22,Delhi,158,84.5,90.3
2026-09-16,22,Mumbai,54,18.3,26.2
2026-09-16,22,Bengaluru,68,26.2,27.8
2026-09-16,22,Kolkata,82,27.8,29.1
2026-09-16,22,Chennai,113,21.1,26.7
2026-09-16,22,Hyderabad,101,58.7,60.3
2026-09-16,22,Pune,45,10.7,12.5
2026-09-16,22,Ahmedabad,53,22.4,24.6
2026-09-16,23,Delhi,158,93.8,100.1
2026-09-16,23,Mumbai,54,18.1,26.0
2026-09-16,23,Bengaluru,68,20.7,22.5
2026-09-16,23,Kolkata,82,25.1,26.5
2026-09-16,23,Chennai,101,19.3,24.7
2026-09-16,23,Hyderabad,103,57.2,58.8
2026-09-16,23,Pune,46,10.3,12.0
2026-09-16,23,Ahmedabad,54,20.3,22.4
2026-09-17,00,Delhi,159,97.1,104.1
2026-09-17,00,Mumbai,55,17.9,25.6
2026-09-17,00,Bengaluru,68,18.2,20.0
2026-09-17,00,Kolkata,83,23.3,24.7
2026-09-17,00,Chennai,89,17.6,22.9
2026-09-17,00,Hyderabad,105,51.8,53.4
2026-09-17,00,Pune,45,9.7,11.6
2026-09-17,00,Ahmedabad,55,17.2,19.3
2026-09-17,01,Delhi,159,98.5,105.7
2026-09-17,01,Mumbai,56,16.9,24.3
2026-09-17,01,Bengaluru,68,14.4,16.1
2026-09-17,01,Kolkata,83,22.4,23.9
2026-09-17,01,Chennai,86,15.9,21.1
2026-09-17,01,Hyderabad,106,45.3,47.0
2026-09-17,01,Pune,45,9.1,10.9
2026-09-17,01,Ahmedabad,56,14.7,16.6
2026-09-17,02,Delhi,160,99.9,107.1
2026-09-17,02,Mumbai,56,15.7,22.6
2026-09-17,02,Bengaluru,68,12.4,14.0
2026-09-17,02,Kolkata,83,22.9,24.6
2026-09-17,02,Chennai,86,12.6,16.6
2026-09-17,02,Hyderabad,108,39.5,41.3
2026-09-17,02,Pune,45,8.8,11.0
2026-09-17,02,Ahmedabad,57,13.1,14.8
2026-09-17,03,Delhi,161,102.0,109.0
2026-09-17,03,Mumbai,57,15.0,21.7
2026-09-17,03,Bengaluru,68,12.1,13.6
2026-09-17,03,Kolkata,84,23.4,25.1
2026-09-17,03,Chennai,86,11.8,15.1
2026-09-17,03,Hyderabad,108,35.0,37.1
2026-09-17,03,Pune,45,8.2,10.6
2026-09-17,03,Ahmedabad,57,12.2,13.6
2026-09-17,04,Delhi,162,103.1,109.4
2026-09-17,04,Mumbai,58,14.8,21.3
2026-09-17,04,Bengaluru,68,12.2,13.7
2026-09-17,04,Kolkata,84,24.2,25.8
2026-09-17,04,Chennai,85,12.3,15.5
2026-09-17,04,Hyderabad,109,30.3,32.5
2026-09-17,04,Pune,45,8.1,10.4
2026-09-17,04,Ahmedabad,58,11.5,12.8
2026-09-17,05,Delhi,162,40.5,43.4
2026-09-17,05,Mumbai,58,12.7,18.1
2026-09-17,05,Bengaluru,68,9.6,10.7
2026-09-17,05,Kolkata,84,24.4,26.4
2026-09-17,05,Chennai,85,14.8,16.8
2026-09-17,05,Hyderabad,109,26.5,28.5
2026-09-17,05,Pune,44,7.1,9.3
2026-09-17,05,Ahmedabad,58,9.9,11.0
2026-09-17,06,Delhi,161,40.2,42.8
2026-09-17,06,Mumbai,59,12.9,18.3
2026-09-17,06,Bengaluru,69,11.5,12.7
2026-09-17,06,Kolkata,84,30.2,31.7
2026-09-17,06,Chennai,84,17.9,21.2
2026-09-17,06,Hyderabad,106,24.7,26.5
2026-09-17,06,Pune,44,7.9,10.4
2026-09-17,06,Ahmedabad,58,10.3,11.3
2026-09-17,07,Delhi,160,39.6,42.3
2026-09-17,07,Mumbai,59,14.0,19.4
2026-09-17,07,Bengaluru,69,9.5,10.5
2026-09-17,07,Kolkata,84,31.3,33.8
2026-09-17,07,Chennai,84,19.2,22.4
2026-09-17,07,Hyderabad,104,23.0,24.5
2026-09-17,07,Pune,44,8.9,12.0
2026-09-17,07,Ahmedabad,58,11.4,12.4
2026-09-17,08,Delhi,158,38.5,42.5
2026-09-17,08,Mumbai,60,15.5,21.0
2026-09-17,08,Bengaluru,68,7.5,8.6
2026-09-17,08,Kolkata,84,35.2,37.8
2026-09-17,08,Chennai,83,18.5,20.2
2026-09-17,08,Hyderabad,102,19.6,21.2
2026-09-17,08,Pune,44,8.8,12.0
2026-09-17,08,Ahmedabad,59,10.3,11.9
2026-09-17,09,Delhi,157,38.2,43.0
2026-09-17,09,Mumbai,60,15.2,20.7
2026-09-17,09,Bengaluru,68,6.7,7.9
2026-09-17,09,Kolkata,85,37.5,40.0
2026-09-17,09,Chennai,82,19.6,21.1
2026-09-17,09,Hyderabad,100,14.8,16.2
2026-09-17,09,Pune,44,8.6,11.6
2026-09-17,09,Ahmedabad,59,9.8,12.5
2026-09-17,10,Delhi,157,37.5,42.7
2026-09-17,10,Mumbai,61,15.0,20.3
2026-09-17,10,Bengaluru,67,6.2,7.5
2026-09-17,10,Kolkata,86,37.1,39.3
2026-09-17,10,Chennai,81,21.2,22.6
2026-09-17,10,Hyderabad,98,12.4,13.4
2026-09-17,10,Pune,45,7.9,10.4
2026-09-17,10,Ahmedabad,59,10.1,13.6
2026-09-17,11,Delhi,156,38.4,44.6
2026-09-17,11,Mumbai,61,16.4,22.4
2026-09-17,11,Bengaluru,67,5.7,6.8
2026-09-17,11,Kolkata,86,38.1,40.3
2026-09-17,11,Chennai,79,22.3,23.7
2026-09-17,11,Hyderabad,96,11.6,12.4
2026-09-17,11,Pune,45,6.9,8.5
2026-09-17,11,Ahmedabad,59,9.9,13.4
2026-09-17,12,Delhi,156,40.7,47.5
2026-09-17,12,Mumbai,61,18.8,26.0
2026-09-17,12,Bengaluru,66,6.1,7.1
2026-09-17,12,Kolkata,87,37.4,39.3
2026-09-17,12,Chennai,78,21.9,23.6
2026-09-17,12,Hyderabad,94,11.4,12.2
2026-09-17,12,Pune,46,5.5,6.6
2026-09-17,12,Ahmedabad,59,9.0,12.0
2026-09-17,13,Delhi,155,43.0,50.2
2026-09-17,13,Mumbai,62,20.3,28.8
2026-09-17,13,Bengaluru,65,5.6,6.5
2026-09-17,13,Kolkata,88,35.9,37.6
2026-09-17,13,Chennai,88,22.5,26.0
2026-09-17,13,Hyderabad,92,11.7,12.5
2026-09-17,13,Pune,45,5.1,6.0
2026-09-17,13,Ahmedabad,59,8.5,11.0
2026-09-17,14,Delhi,155,44.8,52.7
2026-09-17,14,Mumbai,63,20.5,30.2
2026-09-17,14,Bengaluru,65,5.6,6.6
2026-09-17,14,Kolkata,88,34.1,35.5
2026-09-17,14,Chennai,111,23.3,28.5
2026-09-17,14,Hyderabad,91,11.3,12.1
2026-09-17,14,Pune,45,5.3,5.9
2026-09-17,14,Ahmedabad,59,7.8,10.3
2026-09-17,15,Delhi,171,45.6,54.5
2026-09-17,15,Mumbai,63,19.3,29.2
2026-09-17,15,Bengaluru,64,5.6,6.5
2026-09-17,15,Kolkata,88,31.8,32.8
2026-09-17,15,Chennai,131,23.1,28.1
2026-09-17,15,Hyderabad,89,11.1,11.8
2026-09-17,15,Pune,45,4.5,4.9
2026-09-17,15,Ahmedabad,59,9.9,12.6
2026-09-17,16,Delhi,193,44.7,54.4
2026-09-17,16,Mumbai,64,19.7,30.2
2026-09-17,16,Bengaluru,63,5.8,6.8
2026-09-17,16,Kolkata,89,31.5,32.6
2026-09-17,16,Chennai,148,23.0,27.9
2026-09-17,16,Hyderabad,88,10.9,11.6
2026-09-17,16,Pune,45,3.7,4.1
2026-09-17,16,Ahmedabad,59,9.4,11.3
2026-09-17,17,Delhi,204,43.0,56.0
2026-09-17,17,Mumbai,64,11.0,18.1
2026-09-17,17,Bengaluru,63,10.1,12.9
2026-09-17,17,Kolkata,89,37.8,38.4
2026-09-17,17,Chennai,159,25.2,29.7
2026-09-17,17,Hyderabad,96,12.3,13.7
2026-09-17,17,Pune,44,6.0,7.7
2026-09-17,17,Ahmedabad,59,7.4,9.1
2026-09-17,18,Delhi,203,48.3,60.5
2026-09-17,18,Mumbai,64,10.6,17.3
2026-09-17,18,Bengaluru,63,13.8,16.6
2026-09-17,18,Kolkata,90,46.3,46.8
2026-09-17,18,Chennai,164,28.1,32.6
2026-09-17,18,Hyderabad,95,17.4,18.6
2026-09-17,18,Pune,44,7.0,9.6
2026-09-17,18,Ahmedabad,58,9.2,10.3
2026-09-17,19,Delhi,199,52.3,64.3
2026-09-17,19,Mumbai,64,10.7,17.2
2026-09-17,19,Bengaluru,62,13.9,16.2
2026-09-17,19,Kolkata,91,49.5,50.1
2026-09-17,19,Chennai,163,28.7,33.1
2026-09-17,19,Hyderabad,87,23.5,24.9
2026-09-17,19,Pune,43,8.3,11.1
2026-09-17,19,Ahmedabad,58,11.7,12.7
2026-09-17,20,Delhi,182,51.6,63.3
2026-09-17,20,Mumbai,63,10.9,16.9
2026-09-17,20,Bengaluru,59,14.3,16.5
2026-09-17,20,Kolkata,93,48.5,49.2
2026-09-17,20,Chennai,156,29.3,33.5
2026-09-17,20,Hyderabad,85,26.4,28.1
2026-09-17,20,Pune,43,8.8,12.5
2026-09-17,20,Ahmedabad,57,12.2,13.2
2026-09-17,21,Delhi,159,50.9,64.0
2026-09-17,21,Mumbai,63,11.0,16.9
2026-09-17,21,Bengaluru,56,13.6,15.5
2026-09-17,21,Kolkata,95,44.9,45.8
2026-09-17,21,Chennai,146,30.9,35.3
2026-09-17,21,Hyderabad,83,29.7,31.8
2026-09-17,21,Pune,43,9.5,13.2
2026-09-17,21,Ahmedabad,56,11.4,12.3
2026-09-17,22,Delhi,153,47.5,57.7
2026-09-17,22,Mumbai,62,11.1,16.6
2026-09-17,22,Bengaluru,54,12.2,13.8
2026-09-17,22,Kolkata,96,43.4,44.4
2026-09-17,22,Chennai,133,31.0,35.9
2026-09-17,22,Hyderabad,81,35.3,38.0
2026-09-17,22,Pune,43,9.5,13.9
2026-09-17,22,Ahmedabad,55,10.9,11.8
2026-09-17,23,Delhi,151,41.7,52.5
2026-09-17,23,Mumbai,62,11.0,16.2
2026-09-17,23,Bengaluru,53,10.2,11.4
2026-09-17,23,Kolkata,97,41.9,43.1
2026-09-17,23,Chennai,118,27.6,32.1
2026-09-17,23,Hyderabad,80,30.4,33.1
2026-09-17,23,Pune,42,9.4,13.6
2026-09-17,23,Ahmedabad,54,10.4,11.3
2026-09-18,00,Delhi,150,37.7,48.8
2026-09-18,00,Mumbai,61,10.0,14.8
2026-09-18,00,Bengaluru,52,8.5,9.5
2026-09-18,00,Kolkata,99,42.1,43.3
2026-09-18,00,Chennai,102,24.5,27.9
2026-09-18,00,Hyderabad,78,20.4,22.0
2026-09-18,00,Pune,42,8.6,12.9
2026-09-18,00,Ahmedabad,53,8.4,9.5
2026-09-18,01,Delhi,143,35.7,48.1
2026-09-18,01,Mumbai,60,9.4,14.3
2026-09-18,01,Bengaluru,51,7.5,8.6
2026-09-18,01,Kolkata,100,44.5,45.8
2026-09-18,01,Chennai,86,18.3,19.2
2026-09-18,01,Hyderabad,75,15.9,17.1
2026-09-18,01,Pune,42,8.3,12.9
2026-09-18,01,Ahmedabad,53,7.6,8.7
2026-09-18,02,Delhi,137,35.0,47.8
2026-09-18,02,Mumbai,60,9.4,14.4
2026-09-18,02,Bengaluru,51,7.0,8.3
2026-09-18,02,Kolkata,102,48.2,49.5
2026-09-18,02,Chennai,74,15.9,16.3
2026-09-18,02,Hyderabad,73,15.3,16.6
2026-09-18,02,Pune,42,8.5,13.1
2026-09-18,02,Ahmedabad,52,6.8,8.1
2026-09-18,03,Delhi,130,34.8,46.6
2026-09-18,03,Mumbai,59,9.0,14.1
2026-09-18,03,Bengaluru,50,6.7,8.3
2026-09-18,03,Kolkata,105,52.4,53.8
2026-09-18,03,Chennai,75,14.2,14.6
2026-09-18,03,Hyderabad,71,14.6,16.0
2026-09-18,03,Pune,42,8.7,13.7
2026-09-18,03,Ahmedabad,52,6.1,7.6
2026-09-18,04,Delhi,123,35.0,45.1
2026-09-18,04,Mumbai,59,8.2,13.0
2026-09-18,04,Bengaluru,50,6.6,8.6
2026-09-18,04,Kolkata,108,55.9,57.3
2026-09-18,04,Chennai,75,14.6,15.1
2026-09-18,04,Hyderabad,69,15.3,16.6
2026-09-18,04,Pune,42,9.5,14.5
2026-09-18,04,Ahmedabad,51,5.5,7.1
2026-09-18,05,Delhi,116,33.6,44.5
2026-09-18,05,Mumbai,58,8.4,14.0
2026-09-18,05,Bengaluru,49,6.1,8.8
2026-09-18,05,Kolkata,111,52.4,54.2
2026-09-18,05,Chennai,75,11.1,11.5
2026-09-18,05,Hyderabad,68,20.0,21.1
2026-09-18,05,Pune,42,5.3,7.7
2026-09-18,05,Ahmedabad,51,3.8,4.8
2026-09-18,06,Delhi,115,34.7,46.8
2026-09-18,06,Mumbai,58,9.2,15.4
2026-09-18,06,Bengaluru,48,7.4,10.8
2026-09-18,06,Kolkata,114,55.9,57.5
2026-09-18,06,Chennai,75,12.0,12.5
2026-09-18,06,Hyderabad,68,18.8,19.5
2026-09-18,06,Pune,42,5.0,6.8
2026-09-18,06,Ahmedabad,50,3.6,4.3
2026-09-18,07,Delhi,115,36.3,48.4
2026-09-18,07,Mumbai,58,10.4,16.7
2026-09-18,07,Bengaluru,47,8.2,13.4
2026-09-18,07,Kolkata,117,47.0,49.0
2026-09-18,07,Chennai,74,13.5,14.0
2026-09-18,07,Hyderabad,67,14.3,14.9
2026-09-18,07,Pune,41,4.8,6.3
2026-09-18,07,Ahmedabad,49,4.4,4.9
2026-09-18,08,Delhi,114,33.5,48.3
2026-09-18,08,Mumbai,57,11.9,18.6
2026-09-18,08,Bengaluru,47,8.5,16.2
2026-09-18,08,Kolkata,118,44.7,46.9
2026-09-18,08,Chennai,74,12.8,13.6
2026-09-18,08,Hyderabad,66,12.0,12.6
2026-09-18,08,Pune,40,4.3,5.8
2026-09-18,08,Ahmedabad,47,4.6,5.0
2026-09-18,09,Delhi,114,32.1,46.1
2026-09-18,09,Mumbai,57,13.9,21.1
2026-09-18,09,Bengaluru,47,9.0,18.0
2026-09-18,09,Kolkata,119,46.1,48.3
2026-09-18,09,Chennai,73,12.4,13.3
2026-09-18,09,Hyderabad,66,11.0,11.6
2026-09-18,09,Pune,39,4.2,6.1
2026-09-18,09,Ahmedabad,46,4.6,5.1
2026-09-18,10,Delhi,113,31.7,45.9
2026-09-18,10,Mumbai,57,15.2,22.9
2026-09-18,10,Bengaluru,47,9.7,19.7
2026-09-18,10,Kolkata,120,46.7,48.7
2026-09-18,10,Chennai,73,13.2,14.2
2026-09-18,10,Hyderabad,65,8.8,9.3
2026-09-18,10,Pune,38,5.1,8.0
2026-09-18,10,Ahmedabad,45,4.8,5.3
2026-09-18,11,Delhi,113,30.5,41.2
2026-09-18,11,Mumbai,57,18.6,27.4
2026-09-18,11,Bengaluru,48,10.2,20.6
2026-09-18,11,Kolkata,121,47.0,49.0
2026-09-18,11,Chennai,72,14.9,16.0
2026-09-18,11,Hyderabad,65,7.5,7.9
2026-09-18,11,Pune,37,5.7,9.2
2026-09-18,11,Ahmedabad,43,5.2,5.8
2026-09-18,12,Delhi,112,29.6,39.9
2026-09-18,12,Mumbai,57,19.3,28.0
2026-09-18,12,Bengaluru,49,10.4,20.5
2026-09-18,12,Kolkata,122,49.5,51.3
2026-09-18,12,Chennai,72,15.9,17.1
2026-09-18,12,Hyderabad,65,7.2,7.5
2026-09-18,12,Pune,37,6.0,9.7
2026-09-18,12,Ahmedabad,42,4.6,5.2
2026-09-18,13,Delhi,111,29.3,40.5
2026-09-18,13,Mumbai,57,18.5,27.5
2026-09-18,13,Bengaluru,50,10.5,20.1
2026-09-18,13,Kolkata,124,51.2,53.1
2026-09-18,13,Chennai,71,19.7,23.7
2026-09-18,13,Hyderabad,65,7.0,7.3
2026-09-18,13,Pune,37,6.2,9.7
2026-09-18,13,Ahmedabad,41,4.6,5.3
2026-09-18,14,Delhi,116,32.2,49.0
2026-09-18,14,Mumbai,57,18.1,27.0
2026-09-18,14,Bengaluru,50,10.7,19.8
2026-09-18,14,Kolkata,136,54.4,56.3
2026-09-18,14,Chennai,71,21.8,26.7
2026-09-18,14,Hyderabad,64,7.2,7.5
2026-09-18,14,Pune,38,6.4,9.7
2026-09-18,14,Ahmedabad,40,5.6,6.3
2026-09-18,15,Delhi,137,30.6,46.8
2026-09-18,15,Mumbai,57,16.5,25.4
2026-09-18,15,Bengaluru,51,10.4,19.2
2026-09-18,15,Kolkata,165,48.3,49.8
2026-09-18,15,Chennai,91,22.1,27.1
2026-09-18,15,Hyderabad,64,6.9,7.2
2026-09-18,15,Pune,38,6.1,9.6
2026-09-18,15,Ahmedabad,40,6.6,7.3
2026-09-18,16,Delhi,153,32.1,50.9
2026-09-18,16,Mumbai,57,14.7,23.4
2026-09-18,16,Bengaluru,51,10.4,18.6
2026-09-18,16,Kolkata,177,39.8,40.9
2026-09-18,16,Chennai,115,22.1,27.0
2026-09-18,16,Hyderabad,64,7.0,7.3
2026-09-18,16,Pune,38,5.6,8.8
2026-09-18,16,Ahmedabad,39,7.3,8.2
2026-09-18,17,Delhi,161,24.0,45.4
2026-09-18,17,Mumbai,56,14.6,25.7
2026-09-18,17,Bengaluru,52,10.9,16.5
2026-09-18,17,Kolkata,177,46.3,47.7
2026-09-18,17,Chennai,136,22.1,26.9
2026-09-18,17,Hyderabad,63,10.7,11.1
2026-09-18,17,Pune,39,8.9,15.8
2026-09-18,17,Ahmedabad,39,3.6,3.6
2026-09-18,18,Delhi,163,31.8,51.7
2026-09-18,18,Mumbai,57,14.0,24.2
2026-09-18,18,Bengaluru,52,17.9,22.8
2026-09-18,18,Kolkata,167,51.8,53.1
2026-09-18,18,Chennai,147,22.9,27.6
2026-09-18,18,Hyderabad,63,12.2,12.5
2026-09-18,18,Pune,39,9.0,14.6
2026-09-18,18,Ahmedabad,38,6.4,6.5
2026-09-18,19,Delhi,156,39.5,60.3
2026-09-18,19,Mumbai,57,14.3,24.4
2026-09-18,19,Bengaluru,52,21.8,26.8
2026-09-18,19,Kolkata,153,60.5,61.7
2026-09-18,19,Chennai,150,23.5,28.5
2026-09-18,19,Hyderabad,63,14.6,14.8
2026-09-18,19,Pune,40,9.8,14.4
2026-09-18,19,Ahmedabad,37,9.3,9.5
2026-09-18,20,Delhi,137,45.6,66.8
2026-09-18,20,Mumbai,57,14.4,24.8
2026-09-18,20,Bengaluru,53,21.0,25.3
2026-09-18,20,Kolkata,132,68.0,68.9
2026-09-18,20,Chennai,146,23.2,28.2
2026-09-18,20,Hyderabad,62,17.0,17.2
2026-09-18,20,Pune,40,10.1,14.1
2026-09-18,20,Ahmedabad,37,11.5,11.9
2026-09-18,21,Delhi,109,48.3,69.6
2026-09-18,21,Mumbai,57,14.1,25.4
2026-09-18,21,Bengaluru,53,16.6,20.3
2026-09-18,21,Kolkata,134,74.3,75.4
2026-09-18,21,Chennai,138,23.1,28.2
2026-09-18,21,Hyderabad,61,19.7,19.9
2026-09-18,21,Pune,40,10.5,14.0
2026-09-18,21,Ahmedabad,36,12.5,13.0
2026-09-18,22,Delhi,99,48.3,70.5
2026-09-18,22,Mumbai,58,14.6,26.1
2026-09-18,22,Bengaluru,53,14.6,17.7
2026-09-18,22,Kolkata,138,80.1,81.3
2026-09-18,22,Chennai,127,22.7,28.1
2026-09-18,22,Hyderabad,60,23.7,23.9
2026-09-18,22,Pune,41,10.4,14.0
2026-09-18,22,Ahmedabad,37,14.4,15.1
2026-09-18,23,Delhi,99,46.3,70.5
2026-09-18,23,Mumbai,58,14.6,25.6
2026-09-18,23,Bengaluru,54,12.1,14.7
2026-09-18,23,Kolkata,141,81.5,82.7
2026-09-18,23,Chennai,114,21.0,26.4
2026-09-18,23,Hyderabad,60,25.4,25.6
2026-09-18,23,Pune,41,10.4,13.9
2026-09-18,23,Ahmedabad,38,16.5,17.2
2026-09-19,00,Delhi,100,44.1,69.6
2026-09-19,00,Mumbai,58,13.4,23.9
2026-09-19,00,Bengaluru,54,10.2,12.2
2026-09-19,00,Kolkata,145,85.2,86.4
2026-09-19,00,Chennai,100,18.2,22.8
2026-09-19,00,Hyderabad,59,25.0,25.1
2026-09-19,00,Pune,41,9.6,13.0
2026-09-19,00,Ahmedabad,39,17.5,18.4
2026-09-19,01,Delhi,100,43.2,69.2
2026-09-19,01,Mumbai,59,12.2,21.9
2026-09-19,01,Bengaluru,54,9.2,10.8
2026-09-19,01,Kolkata,150,89.4,90.6
2026-09-19,01,Chennai,85,15.1,18.2
2026-09-19,01,Hyderabad,60,27.1,27.2
2026-09-19,01,Pune,41,8.2,11.6
2026-09-19,01,Ahmedabad,41,18.2,19.3
2026-09-19,02,Delhi,101,43.7,70.8
2026-09-19,02,Mumbai,59,11.5,20.8
2026-09-19,02,Bengaluru,54,8.4,9.9
2026-09-19,02,Kolkata,151,91.7,92.9
2026-09-19,02,Chennai,73,12.4,13.9
2026-09-19,02,Hyderabad,60,29.1,29.3
2026-09-19,02,Pune,41,7.3,10.5
2026-09-19,02,Ahmedabad,44,16.6,17.8
2026-09-19,03,Delhi,102,46.7,75.4
2026-09-19,03,Mumbai,59,11.1,20.0
2026-09-19,03,Bengaluru,54,7.8,9.3
2026-09-19,03,Kolkata,153,92.9,94.1
2026-09-19,03,Chennai,66,11.0,12.5
2026-09-19,03,Hyderabad,61,31.3,31.5
2026-09-19,03,Pune,41,6.3,9.4
2026-09-19,03,Ahmedabad,46,14.4,15.4
2026-09-19,04,Delhi,103,50.3,80.3
2026-09-19,04,Mumbai,59,11.4,19.7
2026-09-19,04,Bengaluru,54,7.3,9.0
2026-09-19,04,Kolkata,154,92.0,93.1
2026-09-19,04,Chennai,66,10.5,11.8
2026-09-19,04,Hyderabad,63,31.8,32.0
2026-09-19,04,Pune,40,5.9,8.5
2026-09-19,04,Ahmedabad,48,15.0,16.1
2026-09-19,05,Delhi,105,55.6,102.9
2026-09-19,05,Mumbai,59,9.3,13.9
2026-09-19,05,Bengaluru,54,7.3,9.1
2026-09-19,05,Kolkata,155,99.9,100.8
2026-09-19,05,Chennai,66,14.9,17.2
2026-09-19,05,Hyderabad,64,27.2,27.2
2026-09-19,05,Pune,40,6.4,9.2
2026-09-19,05,Ahmedabad,50,15.3,17.1
2026-09-19,06,Delhi,107,64.5,112.2
2026-09-19,06,Mumbai,59,9.5,13.6
2026-09-19,06,Bengaluru,54,8.7,10.8
2026-09-19,06,Kolkata,156,92.9,94.1
2026-09-19,06,Chennai,66,16.5,18.9
2026-09-19,06,Hyderabad,65,25.5,25.6
2026-09-19,06,Pune,40,6.8,9.5
2026-09-19,06,Ahmedabad,51,14.7,17.3
2026-09-19,07,Delhi,110,66.1,102.0
2026-09-19,07,Mumbai,59,10.7,14.2
2026-09-19,07,Bengaluru,54,7.7,11.0
2026-09-19,07,Kolkata,157,80.1,81.3
2026-09-19,07,Chennai,66,17.4,20.0
2026-09-19,07,Hyderabad,65,18.7,18.8
2026-09-19,07,Pune,40,7.0,10.0
2026-09-19,07,Ahmedabad,52,14.3,19.0
2026-09-19,08,Delhi,113,49.0,90.3
2026-09-19,08,Mumbai,59,12.2,15.6
2026-09-19,08,Bengaluru,54,8.1,12.8
2026-09-19,08,Kolkata,158,68.2,69.4
2026-09-19,08,Chennai,67,17.9,20.8
2026-09-19,08,Hyderabad,66,11.5,12.0
2026-09-19,08,Pune,41,6.5,9.3
2026-09-19,08,Ahmedabad,53,16.3,24.3
2026-09-19,09,Delhi,115,39.6,75.9
2026-09-19,09,Mumbai,59,13.8,17.1
2026-09-19,09,Bengaluru,54,8.7,14.6
2026-09-19,09,Kolkata,159,67.3,68.5
2026-09-19,09,Chennai,67,18.2,20.9
2026-09-19,09,Hyderabad,65,10.2,11.5
2026-09-19,09,Pune,41,6.5,9.3
2026-09-19,09,Ahmedabad,53,18.6,32.4
2026-09-19,10,Delhi,116,38.2,71.9
2026-09-19,10,Mumbai,59,14.4,16.6
2026-09-19,10,Bengaluru,54,9.6,16.2
2026-09-19,10,Kolkata,160,66.6,67.8
2026-09-19,10,Chennai,68,19.4,21.7
2026-09-19,10,Hyderabad,65,10.7,12.6
2026-09-19,10,Pune,42,6.9,9.7
2026-09-19,10,Ahmedabad,55,20.3,36.7
2026-09-19,11,Delhi,116,39.2,72.6
2026-09-19,11,Mumbai,59,17.5,19.3
2026-09-19,11,Bengaluru,54,10.5,17.5
2026-09-19,11,Kolkata,160,67.3,68.7
2026-09-19,11,Chennai,68,21.1,23.2
2026-09-19,11,Hyderabad,66,11.3,13.3
2026-09-19,11,Pune,42,6.3,8.5
2026-09-19,11,Ahmedabad,56,21.2,37.5
2026-09-19,12,Delhi,117,40.5,73.6
2026-09-19,12,Mumbai,59,19.8,21.4
2026-09-19,12,Bengaluru,54,10.6,17.4
2026-09-19,12,Kolkata,161,65.9,67.3
2026-09-19,12,Chennai,69,21.5,23.5
2026-09-19,12,Hyderabad,66,11.9,14.0
2026-09-19,12,Pune,42,6.9,9.1
2026-09-19,12,Ahmedabad,57,18.7,31.8
2026-09-19,13,Delhi,118,41.3,75.4
2026-09-19,13,Mumbai,59,20.3,22.1
2026-09-19,13,Bengaluru,54,10.5,17.1
2026-09-19,13,Kolkata,161,64.5,65.9
2026-09-19,13,Chennai,69,22.6,24.6
2026-09-19,13,Hyderabad,66,12.5,14.6
2026-09-19,13,Pune,43,6.3,7.8
2026-09-19,13,Ahmedabad,58,17.0,27.6
2026-09-19,14,Delhi,120,41.3,75.4
2026-09-19,14,Mumbai,60,20.6,24.8
2026-09-19,14,Bengaluru,54,9.7,15.7
2026-09-19,14,Kolkata,162,62.4,63.6
2026-09-19,14,Chennai,82,21.9,25.1
2026-09-19,14,Hyderabad,67,13.1,15.1
2026-09-19,14,Pune,43,7.1,8.2
2026-09-19,14,Ahmedabad,59,15.9,24.8
2026-09-19,15,Delhi,144,41.3,74.5
2026-09-19,15,Mumbai,72,21.9,31.1
2026-09-19,15,Bengaluru,54,10.1,16.1
2026-09-19,15,Kolkata,186,57.3,58.3
2026-09-19,15,Chennai,107,24.3,29.9
2026-09-19,15,Hyderabad,67,13.6,15.5
2026-09-19,15,Pune,43,7.3,8.0
2026-09-19,15,Ahmedabad,60,15.7,23.9
2026-09-19,16,Delhi,165,41.4,73.6
2026-09-19,16,Mumbai,95,21.9,36.1
2026-09-19,16,Bengaluru,54,11.5,17.8
2026-09-19,16,Kolkata,200,55.4,56.1
2026-09-19,16,Chennai,130,24.8,30.6
2026-09-19,16,Hyderabad,80,12.9,14.3
2026-09-19,16,Pune,43,8.4,9.1
2026-09-19,16,Ahmedabad,61,15.4,23.1
2026-09-19,17,Delhi,179,51.8,87.8
2026-09-19,17,Mumbai,108,27.7,58.1
2026-09-19,17,Bengaluru,54,8.9,13.8
2026-09-19,17,Kolkata,201,43.3,43.7
2026-09-19,17,Chennai,149,26.1,28.3
2026-09-19,17,Hyderabad,85,13.4,14.1
2026-09-19,17,Pune,44,11.8,13.3
2026-09-19,17,Ahmedabad,61,39.5,57.3
2026-09-19,18,Delhi,181,62.9,92.7
2026-09-19,18,Mumbai,107,28.2,65.2
2026-09-19,18,Bengaluru,54,17.2,21.3
2026-09-19,18,Kolkata,195,46.6,46.9
2026-09-19,18,Chennai,156,27.0,29.7
2026-09-19,18,Hyderabad,84,16.7,17.3
2026-09-19,18,Pune,44,13.3,14.2
2026-09-19,18,Ahmedabad,64,43.3,57.7
2026-09-19,19,Delhi,173,75.2,102.7
2026-09-19,19,Mumbai,97,27.4,68.2
2026-09-19,19,Bengaluru,54,23.6,27.8
2026-09-19,19,Kolkata,179,47.1,47.4
2026-09-19,19,Chennai,156,28.5,33.2
2026-09-19,19,Hyderabad,77,19.1,19.8
2026-09-19,19,Pune,45,15.1,15.8
2026-09-19,19,Ahmedabad,67,51.0,66.6
2026-09-19,20,Delhi,153,84.8,110.8
2026-09-19,20,Mumbai,80,26.8,70.1
2026-09-19,20,Bengaluru,54,22.9,26.6
2026-09-19,20,Kolkata,162,52.7,53.1
2026-09-19,20,Chennai,152,28.3,33.2
2026-09-19,20,Hyderabad,69,21.4,22.1
2026-09-19,20,Pune,47,17.0,17.6
2026-09-19,20,Ahmedabad,70,58.3,74.3
2026-09-19,21,Delhi,137,94.8,120.6
2026-09-19,21,Mumbai,65,26.3,69.4
2026-09-19,21,Bengaluru,54,16.5,19.2
2026-09-19,21,Kolkata,162,59.6,60.1
2026-09-19,21,Chennai,146,28.2,33.4
2026-09-19,21,Hyderabad,69,23.5,24.3
2026-09-19,21,Pune,48,20.7,21.3
2026-09-19,21,Ahmedabad,74,50.2,62.2
2026-09-19,22,Delhi,141,105.2,131.8
2026-09-19,22,Mumbai,66,26.1,67.8
2026-09-19,22,Bengaluru,54,15.1,17.5
2026-09-19,22,Kolkata,161,63.8,64.3
2026-09-19,22,Chennai,138,28.5,33.9
2026-09-19,22,Hyderabad,70,24.8,25.6
2026-09-19,22,Pune,50,23.7,24.4
2026-09-19,22,Ahmedabad,77,38.0,46.0
2026-09-19,23,Delhi,147,115.0,143.4
2026-09-19,23,Mumbai,67,26.1,66.1
2026-09-19,23,Bengaluru,54,14.9,17.3
2026-09-19,23,Kolkata,161,63.3,63.8
2026-09-19,23,Chennai,131,27.5,33.2
2026-09-19,23,Hyderabad,70,25.3,26.1
2026-09-19,23,Pune,51,21.5,22.5
2026-09-19,23,Ahmedabad,79,34.7,41.8
2026-09-20,00,Delhi,151,120.6,149.5
2026-09-20,00,Mumbai,68,26.0,64.3
2026-09-20,00,Bengaluru,55,13.0,15.5
2026-09-20,00,Kolkata,160,65.0,65.2
2026-09-20,00,Chennai,124,25.1,29.6
2026-09-20,00,Hyderabad,70,25.5,26.3
2026-09-20,00,Pune,52,16.5,17.3
2026-09-20,00,Ahmedabad,80,32.2,39.0
2026-09-20,01,Delhi,154,123.4,151.8
2026-09-20,01,Mumbai,69,25.9,62.4
2026-09-20,01,Bengaluru,55,14.0,16.5
2026-09-20,01,Kolkata,160,64.7,65.2
2026-09-20,01,Chennai,116,21.0,23.3
2026-09-20,01,Hyderabad,70,22.6,23.4
2026-09-20,01,Pune,53,16.7,18.0
2026-09-20,01,Ahmedabad,81,30.5,38.1
2026-09-20,02,Delhi,156,122.0,147.6
2026-09-20,02,Mumbai,70,25.5,60.1
2026-09-20,02,Bengaluru,55,12.3,14.6
2026-09-20,02,Kolkata,159,58.8,59.0
2026-09-20,02,Chennai,111,19.8,21.1
2026-09-20,02,Hyderabad,69,20.7,21.5
2026-09-20,02,Pune,53,17.9,19.8
2026-09-20,02,Ahmedabad,82,29.8,38.3
2026-09-20,03,Delhi,158,118.7,142.5
2026-09-20,03,Mumbai,71,24.7,56.8
2026-09-20,03,Bengaluru,56,11.4,13.5
2026-09-20,03,Kolkata,158,36.6,36.8
2026-09-20,03,Chennai,103,20.0,21.3
2026-09-20,03,Hyderabad,69,17.5,18.2
2026-09-20,03,Pune,54,14.7,16.8
2026-09-20,03,Ahmedabad,83,29.0,38.2
2026-09-20,04,Delhi,160,117.1,138.8
2026-09-20,04,Mumbai,72,23.2,52.0
2026-09-20,04,Bengaluru,56,11.3,13.5
2026-09-20,04,Kolkata,156,33.9,34.1
2026-09-20,04,Chennai,93,19.6,20.9
2026-09-20,04,Hyderabad,68,15.1,15.8
2026-09-20,04,Pune,55,7.9,9.2
2026-09-20,04,Ahmedabad,85,28.2,37.7
2026-09-20,05,Delhi,162,85.0,98.3
2026-09-20,05,Mumbai,73,16.6,37.7
2026-09-20,05,Bengaluru,56,5.0,6.4
2026-09-20,05,Kolkata,155,33.8,33.9
2026-09-20,05,Chennai,81,10.6,12.0
2026-09-20,05,Hyderabad,66,15.8,16.4
2026-09-20,05,Pune,55,11.4,14.1
2026-09-20,05,Ahmedabad,86,29.0,39.5
2026-09-20,06,Delhi,163,88.2,102.2
2026-09-20,06,Mumbai,73,16.9,36.1
2026-09-20,06,Bengaluru,56,6.8,8.2
2026-09-20,06,Kolkata,153,36.3,36.4
2026-09-20,06,Chennai,75,10.3,11.6
2026-09-20,06,Hyderabad,66,17.4,18.0
2026-09-20,06,Pune,55,10.4,12.8
2026-09-20,06,Ahmedabad,87,28.2,38.3
2026-09-20,07,Delhi,164,89.2,101.5
2026-09-20,07,Mumbai,74,19.3,38.1
2026-09-20,07,Bengaluru,56,8.8,10.5
2026-09-20,07,Kolkata,151,33.3,33.5
2026-09-20,07,Chennai,75,11.5,12.9
2026-09-20,07,Hyderabad,65,16.3,16.8
2026-09-20,07,Pune,56,10.7,14.1
2026-09-20,07,Ahmedabad,88,28.8,38.1
2026-09-20,08,Delhi,165,79.4,100.1
2026-09-20,08,Mumbai,75,21.0,39.2
2026-09-20,08,Bengaluru,56,9.3,11.4
2026-09-20,08,Kolkata,148,31.7,32.0
2026-09-20,08,Chennai,74,11.8,13.3
2026-09-20,08,Hyderabad,65,15.0,15.4
2026-09-20,08,Pune,56,11.2,14.7
2026-09-20,08,Ahmedabad,89,29.7,40.3
2026-09-20,09,Delhi,166,65.4,98.7
2026-09-20,09,Mumbai,75,24.0,42.0
2026-09-20,09,Bengaluru,56,8.9,11.7
2026-09-20,09,Kolkata,144,27.2,27.5
2026-09-20,09,Chennai,74,12.2,13.6
2026-09-20,09,Hyderabad,65,15.3,15.6
2026-09-20,09,Pune,56,12.9,15.8
2026-09-20,09,Ahmedabad,90,30.7,42.7
2026-09-20,10,Delhi,166,55.3,97.6
2026-09-20,10,Mumbai,76,28.6,47.1
2026-09-20,10,Bengaluru,56,8.4,11.8
2026-09-20,10,Kolkata,140,21.2,21.5
2026-09-20,10,Chennai,73,12.2,13.5
2026-09-20,10,Hyderabad,65,15.6,15.9
2026-09-20,10,Pune,57,15.2,17.8
2026-09-20,10,Ahmedabad,91,30.5,42.6
2026-09-20,11,Delhi,167,52.2,93.6
2026-09-20,11,Mumbai,77,33.3,51.7
2026-09-20,11,Bengaluru,56,7.8,11.5
2026-09-20,11,Kolkata,135,16.5,16.8
2026-09-20,11,Chennai,73,12.0,13.2
2026-09-20,11,Hyderabad,66,15.3,15.6
2026-09-20,11,Pune,57,17.6,20.4
2026-09-20,11,Ahmedabad,92,29.6,39.5
2026-09-20,12,Delhi,167,52.0,90.1
2026-09-20,12,Mumbai,78,33.8,50.5
2026-09-20,12,Bengaluru,56,7.0,10.5
2026-09-20,12,Kolkata,130,13.0,13.2
2026-09-20,12,Chennai,72,11.5,12.6
2026-09-20,12,Hyderabad,66,15.4,15.8
2026-09-20,12,Pune,58,16.6,18.7
2026-09-20,12,Ahmedabad,92,28.6,35.6
2026-09-20,13,Delhi,168,52.3,88.9
2026-09-20,13,Mumbai,80,31.8,46.7
2026-09-20,13,Bengaluru,55,6.7,9.9
2026-09-20,13,Kolkata,125,10.2,10.3
2026-09-20,13,Chennai,71,11.9,13.7
2026-09-20,13,Hyderabad,66,16.1,16.5
2026-09-20,13,Pune,59,14.6,16.6
2026-09-20,13,Ahmedabad,93,27.9,33.3
2026-09-20,14,Delhi,168,52.9,87.5
2026-09-20,14,Mumbai,80,27.9,41.4
2026-09-20,14,Bengaluru,55,6.4,9.4
2026-09-20,14,Kolkata,119,8.6,8.6
2026-09-20,14,Chennai,70,12.5,15.1
2026-09-20,14,Hyderabad,67,16.5,17.1
2026-09-20,14,Pune,60,16.8,19.3
2026-09-20,14,Ahmedabad,94,27.2,31.3
2026-09-20,15,Delhi,168,53.4,87.1
2026-09-20,15,Mumbai,91,25.2,38.6
2026-09-20,15,Bengaluru,55,6.2,9.0
2026-09-20,15,Kolkata,113,8.0,8.1
2026-09-20,15,Chennai,72,12.9,15.6
2026-09-20,15,Hyderabad,76,18.2,18.8
2026-09-20,15,Pune,61,14.5,16.4
2026-09-20,15,Ahmedabad,95,25.4,28.3
2026-09-20,16,Delhi,175,54.4,82.7
2026-09-20,16,Mumbai,112,24.7,39.1
2026-09-20,16,Bengaluru,55,6.0,8.4
2026-09-20,16,Kolkata,108,9.0,9.4
2026-09-20,16,Chennai,85,12.9,15.8
2026-09-20,16,Hyderabad,91,16.5,17.0
2026-09-20,16,Pune,65,14.3,16.1
2026-09-20,16,Ahmedabad,107,23.2,25.2
2026-09-20,17,Delhi,192,60.3,91.7
2026-09-20,17,Mumbai,125,28.1,47.3
2026-09-20,17,Bengaluru,54,9.1,12.2
2026-09-20,17,Kolkata,103,8.6,9.2
2026-09-20,17,Chennai,95,23.9,25.8
2026-09-20,17,Hyderabad,100,26.1,26.9
2026-09-20,17,Pune,70,24.3,28.9
2026-09-20,17,Ahmedabad,126,16.2,16.6
2026-09-20,18,Delhi,199,61.0,89.2
2026-09-20,18,Mumbai,128,27.0,45.1
2026-09-20,18,Bengaluru,54,18.6,21.8
2026-09-20,18,Kolkata,100,13.0,13.5
2026-09-20,18,Chennai,100,26.7,28.9
2026-09-20,18,Hyderabad,104,27.6,28.3
2026-09-20,18,Pune,71,25.9,30.6
2026-09-20,18,Ahmedabad,134,18.6,19.1
2026-09-20,19,Delhi,197,62.4,87.8
2026-09-20,19,Mumbai,120,26.1,44.1
2026-09-20,19,Bengaluru,54,30.5,33.9
2026-09-20,19,Kolkata,97,14.5,15.1
2026-09-20,19,Chennai,101,26.6,29.0
2026-09-20,19,Hyderabad,100,30.3,30.9
2026-09-20,19,Pune,67,27.8,32.4
2026-09-20,19,Ahmedabad,129,22.9,23.5
2026-09-20,20,Delhi,185,66.4,88.0
2026-09-20,20,Mumbai,104,25.8,43.7
2026-09-20,20,Bengaluru,55,35.5,38.6
2026-09-20,20,Kolkata,95,15.0,15.6
2026-09-20,20,Chennai,97,26.1,28.7
2026-09-20,20,Hyderabad,89,33.2,33.9
2026-09-20,20,Pune,65,28.5,32.9
2026-09-20,20,Ahmedabad,111,25.9,26.5
2026-09-20,21,Delhi,168,71.9,91.5
2026-09-20,21,Mumbai,85,27.1,43.7
2026-09-20,21,Bengaluru,56,28.6,31.4
2026-09-20,21,Kolkata,92,15.7,16.2
2026-09-20,21,Chennai,91,26.2,29.0
2026-09-20,21,Hyderabad,74,38.0,38.6
2026-09-20,21,Pune,65,28.5,33.3
2026-09-20,21,Ahmedabad,88,25.8,26.5
2026-09-20,22,Delhi,168,78.9,97.8
2026-09-20,22,Mumbai,81,29.6,45.4
2026-09-20,22,Bengaluru,57,17.6,20.1
2026-09-20,22,Kolkata,88,16.4,17.0
2026-09-20,22,Chennai,84,24.7,27.9
2026-09-20,22,Hyderabad,72,40.7,41.6
2026-09-20,22,Pune,66,27.6,32.2
2026-09-20,22,Ahmedabad,86,25.6,26.3
2026-09-20,23,Delhi,167,85.9,105.2
2026-09-20,23,Mumbai,82,31.8,47.1
2026-09-20,23,Bengaluru,57,13.1,15.5
2026-09-20,23,Kolkata,84,17.1,17.7
2026-09-20,23,Chennai,75,22.2,24.9
2026-09-20,23,Hyderabad,74,42.5,43.2
2026-09-20,23,Pune,66,28.0,32.2
2026-09-20,23,Ahmedabad,85,25.6,26.4
2026-09-21,00,Delhi,166,89.4,109.9
2026-09-21,00,Mumbai,82,32.0,47.7
2026-09-21,00,Bengaluru,57,10.2,12.3
2026-09-21,00,Kolkata,81,18.6,19.3
2026-09-21,00,Chennai,66,19.6,21.2
2026-09-21,00,Hyderabad,75,42.8,43.5
2026-09-21,00,Pune,67,22.9,26.5
2026-09-21,00,Ahmedabad,84,24.4,25.3
2026-09-21,01,Delhi,165,92.0,112.9
2026-09-21,01,Mumbai,83,33.5,50.1
2026-09-21,01,Bengaluru,57,7.9,9.5
2026-09-21,01,Kolkata,77,19.7,20.4
2026-09-21,01,Chennai,66,18.9,19.8
2026-09-21,01,Hyderabad,76,44.1,44.8
2026-09-21,01,Pune,67,25.5,29.3
2026-09-21,01,Ahmedabad,83,23.9,24.9
2026-09-21,02,Delhi,164,94.5,115.9
2026-09-21,02,Mumbai,83,32.4,47.6
2026-09-21,02,Bengaluru,56,6.2,7.1
2026-09-21,02,Kolkata,74,20.8,21.5
2026-09-21,02,Chennai,66,18.6,19.3
2026-09-21,02,Hyderabad,78,47.1,47.8
2026-09-21,02,Pune,68,25.1,29.0
2026-09-21,02,Ahmedabad,83,23.7,24.7
2026-09-21,03,Delhi,163,97.6,119.7
2026-09-21,03,Mumbai,84,32.1,46.0
2026-09-21,03,Bengaluru,56,5.0,5.3
2026-09-21,03,Kolkata,71,22.1,22.6
2026-09-21,03,Chennai,66,17.8,18.3
2026-09-21,03,Hyderabad,80,47.0,47.7
2026-09-21,03,Pune,69,25.3,29.2
2026-09-21,03,Ahmedabad,82,22.9,23.9
2026-09-21,04,Delhi,163,101.0,123.4
2026-09-21,04,Mumbai,84,31.3,42.4
2026-09-21,04,Bengaluru,55,4.3,4.5
2026-09-21,04,Kolkata,70,23.1,23.5
2026-09-21,04,Chennai,66,16.7,17.2
2026-09-21,04,Hyderabad,82,40.4,41.0
2026-09-21,04,Pune,69,23.2,26.8
2026-09-21,04,Ahmedabad,82,21.8,22.6
2026-09-21,05,Delhi,162,67.8,84.1
2026-09-21,05,Mumbai,85,29.8,44.5
2026-09-21,05,Bengaluru,55,4.4,5.1
2026-09-21,05,Kolkata,69,20.1,20.2
2026-09-21,05,Chennai,65,15.9,16.5
2026-09-21,05,Hyderabad,84,53.7,54.5
2026-09-21,05,Pune,71,17.4,19.9
2026-09-21,05,Ahmedabad,81,24.4,25.4
2026-09-21,06,Delhi,162,72.9,89.2
2026-09-21,06,Mumbai,86,29.7,43.7
2026-09-21,06,Bengaluru,55,5.5,6.1
2026-09-21,06,Kolkata,68,24.6,24.7
2026-09-21,06,Chennai,66,15.2,15.6
2026-09-21,06,Hyderabad,87,58.4,59.1
2026-09-21,06,Pune,71,22.8,25.2
2026-09-21,06,Ahmedabad,81,25.4,26.3
2026-09-21,07,Delhi,161,79.2,91.0
2026-09-21,07,Mumbai,87,30.9,44.4
2026-09-21,07,Bengaluru,54,5.8,6.6
2026-09-21,07,Kolkata,67,24.6,24.7
2026-09-21,07,Chennai,66,14.8,15.1
2026-09-21,07,Hyderabad,91,49.0,49.7
2026-09-21,07,Pune,72,22.4,25.0
2026-09-21,07,Ahmedabad,81,27.8,28.5
2026-09-21,08,Delhi,161,65.4,81.7
2026-09-21,08,Mumbai,88,31.7,44.8
2026-09-21,08,Bengaluru,54,6.2,7.1
2026-09-21,08,Kolkata,66,24.7,24.8
2026-09-21,08,Chennai,66,14.4,14.6
2026-09-21,08,Hyderabad,93,32.4,32.9
2026-09-21,08,Pune,73,21.9,24.8
2026-09-21,08,Ahmedabad,81,23.3,24.0
2026-09-21,09,Delhi,160,51.8,75.9
2026-09-21,09,Mumbai,89,34.2,48.1
2026-09-21,09,Bengaluru,54,5.7,6.7
2026-09-21,09,Kolkata,65,23.3,23.3
2026-09-21,09,Chennai,67,15.3,15.7
2026-09-21,09,Hyderabad,95,25.7,26.2
2026-09-21,09,Pune,74,22.2,24.8
2026-09-21,09,Ahmedabad,80,21.5,22.1
2026-09-21,10,Delhi,160,49.9,78.0
2026-09-21,10,Mumbai,89,35.3,47.8
2026-09-21,10,Bengaluru,54,5.5,6.4
2026-09-21,10,Kolkata,65,20.4,20.5
2026-09-21,10,Chennai,67,17.8,18.3
2026-09-21,10,Hyderabad,95,22.8,23.3
2026-09-21,10,Pune,75,21.4,23.5
2026-09-21,10,Ahmedabad,80,20.1,20.5
2026-09-21,11,Delhi,160,51.6,83.4
2026-09-21,11,Mumbai,90,37.3,47.6
2026-09-21,11,Bengaluru,53,5.5,6.4
2026-09-21,11,Kolkata,65,17.6,17.6
2026-09-21,11,Chennai,67,21.1,21.7
2026-09-21,11,Hyderabad,96,21.3,21.8
2026-09-21,11,Pune,75,20.9,22.8
2026-09-21,11,Ahmedabad,79,20.0,20.5
2026-09-21,12,Delhi,160,52.9,86.8
2026-09-21,12,Mumbai,90,40.5,50.9
2026-09-21,12,Bengaluru,53,5.8,6.9
2026-09-21,12,Kolkata,65,15.4,15.4
2026-09-21,12,Chennai,68,23.5,24.2
2026-09-21,12,Hyderabad,96,20.3,20.8
2026-09-21,12,Pune,75,18.7,20.3
2026-09-21,12,Ahmedabad,78,20.6,21.4
2026-09-21,13,Delhi,160,53.8,88.7
2026-09-21,13,Mumbai,91,40.6,51.2
2026-09-21,13,Bengaluru,53,6.0,7.2
2026-09-21,13,Kolkata,65,14.2,14.3
2026-09-21,13,Chennai,69,24.7,25.6
2026-09-21,13,Hyderabad,97,19.6,20.1
2026-09-21,13,Pune,76,17.9,19.3
2026-09-21,13,Ahmedabad,77,21.7,22.5
2026-09-21,14,Delhi,160,54.8,91.0
2026-09-21,14,Mumbai,127,38.4,50.4
2026-09-21,14,Bengaluru,53,6.5,7.7
2026-09-21,14,Kolkata,84,13.7,13.8
2026-09-21,14,Chennai,90,24.3,25.4
2026-09-21,14,Hyderabad,97,19.2,19.7
2026-09-21,14,Pune,76,19.6,20.8
2026-09-21,14,Ahmedabad,77,22.4,23.3
2026-09-21,15,Delhi,160,55.9,94.3
2026-09-21,15,Mumbai,159,32.0,45.5
2026-09-21,15,Bengaluru,53,8.3,9.3
2026-09-21,15,Kolkata,105,15.7,15.7
2026-09-21,15,Chennai,120,24.2,27.1
2026-09-21,15,Hyderabad,99,19.2,19.6
2026-09-21,15,Pune,86,19.2,20.2
2026-09-21,15,Ahmedabad,77,22.4,23.3
2026-09-21,16,Delhi,183,57.2,95.0
2026-09-21,16,Mumbai,178,25.5,37.1
2026-09-21,16,Bengaluru,53,7.9,8.6
2026-09-21,16,Kolkata,115,18.0,18.1
2026-09-21,16,Chennai,147,25.3,30.6
2026-09-21,16,Hyderabad,108,18.3,18.6
2026-09-21,16,Pune,92,19.6,20.5
2026-09-21,16,Ahmedabad,101,22.2,23.1
2026-09-21,17,Delhi,199,60.1,90.8
2026-09-21,17,Mumbai,185,23.5,34.6
2026-09-21,17,Bengaluru,53,9.6,10.1
2026-09-21,17,Kolkata,112,12.0,12.0
2026-09-21,17,Chennai,162,31.5,34.0
2026-09-21,17,Hyderabad,109,28.9,29.5
2026-09-21,17,Pune,94,18.6,20.1
2026-09-21,17,Ahmedabad,124,19.2,19.8
2026-09-21,18,Delhi,203,66.8,93.6
2026-09-21,18,Mumbai,181,23.5,34.1
2026-09-21,18,Bengaluru,53,11.8,12.2
2026-09-21,18,Kolkata,98,21.7,22.0
2026-09-21,18,Chennai,168,31.5,34.1
2026-09-21,18,Hyderabad,103,33.3,33.9
2026-09-21,18,Pune,92,20.8,21.8
2026-09-21,18,Ahmedabad,138,26.2,26.8
2026-09-21,19,Delhi,201,71.5,99.2
2026-09-21,19,Mumbai,168,24.8,35.2
2026-09-21,19,Bengaluru,53,9.9,10.1
2026-09-21,19,Kolkata,79,25.6,26.1
2026-09-21,19,Chennai,166,31.8,34.7
2026-09-21,19,Hyderabad,98,40.2,40.6
2026-09-21,19,Pune,85,22.6,23.6
2026-09-21,19,Ahmedabad,137,35.2,35.7
2026-09-21,20,Delhi,188,75.0,105.5
2026-09-21,20,Mumbai,146,27.4,38.0
2026-09-21,20,Bengaluru,51,9.8,10.0
2026-09-21,20,Kolkata,69,25.4,25.8
2026-09-21,20,Chennai,156,31.4,34.8
2026-09-21,20,Hyderabad,99,44.4,44.9
2026-09-21,20,Pune,76,24.3,25.3
2026-09-21,20,Ahmedabad,120,43.0,43.5
2026-09-21,21,Delhi,165,80.8,115.0
2026-09-21,21,Mumbai,112,28.2,38.3
2026-09-21,21,Bengaluru,48,12.4,12.8
2026-09-21,21,Kolkata,70,25.2,25.7
2026-09-21,21,Chennai,136,29.6,32.8
2026-09-21,21,Hyderabad,100,48.1,48.7
2026-09-21,21,Pune,75,23.9,24.9
2026-09-21,21,Ahmedabad,94,50.8,51.2
2026-09-21,22,Delhi,161,89.6,129.5
2026-09-21,22,Mumbai,92,29.9,39.9
2026-09-21,22,Bengaluru,44,13.6,14.2
2026-09-21,22,Kolkata,71,25.8,26.4
2026-09-21,22,Chennai,111,27.1,29.6
2026-09-21,22,Hyderabad,101,50.4,51.0
2026-09-21,22,Pune,75,26.3,27.4
2026-09-21,22,Ahmedabad,81,61.0,61.5
2026-09-21,23,Delhi,161,95.0,141.1
2026-09-21,23,Mumbai,92,30.3,39.9
2026-09-21,23,Bengaluru,43,13.1,13.8
2026-09-21,23,Kolkata,71,22.4,23.1
2026-09-21,23,Chennai,84,24.6,25.9
2026-09-21,23,Hyderabad,102,47.8,48.4
2026-09-21,23,Pune,75,24.7,25.6
2026-09-21,23,Ahmedabad,84,69.4,70.1
2026-09-22,00,Delhi,162,97.8,150.9
2026-09-22,00,Mumbai,92,29.6,39.0
2026-09-22,00,Bengaluru,43,11.9,12.4
2026-09-22,00,Kolkata,72,18.8,19.6
2026-09-22,00,Chennai,75,22.6,23.7
2026-09-22,00,Hyderabad,102,43.9,44.5
2026-09-22,00,Pune,74,18.6,19.4
2026-09-22,00,Ahmedabad,88,74.3,74.7
2026-09-22,01,Delhi,162,100.4,159.3
2026-09-22,01,Mumbai,92,28.9,38.0
2026-09-22,01,Bengaluru,44,11.4,11.8
2026-09-22,01,Kolkata,72,17.2,18.1
2026-09-22,01,Chennai,75,20.0,21.0
2026-09-22,01,Hyderabad,102,40.0,40.5
2026-09-22,01,Pune,74,14.8,15.4
2026-09-22,01,Ahmedabad,91,75.7,76.1
2026-09-22,02,Delhi,162,102.4,166.2
2026-09-22,02,Mumbai,92,27.8,36.3
2026-09-22,02,Bengaluru,44,11.1,11.3
2026-09-22,02,Kolkata,72,16.5,17.5
2026-09-22,02,Chennai,75,17.5,18.2
2026-09-22,02,Hyderabad,102,36.1,36.6
2026-09-22,02,Pune,73,15.1,15.7
2026-09-22,02,Ahmedabad,96,72.9,73.6
2026-09-22,03,Delhi,162,103.1,172.3
2026-09-22,03,Mumbai,91,27.1,35.5
2026-09-22,03,Bengaluru,46,10.0,10.2
2026-09-22,03,Kolkata,71,14.6,15.8
2026-09-22,03,Chennai,75,15.9,16.4
2026-09-22,03,Hyderabad,101,33.2,33.5
2026-09-22,03,Pune,73,17.6,18.3
2026-09-22,03,Ahmedabad,99,68.2,68.9
2026-09-22,04,Delhi,163,103.8,178.8
2026-09-22,04,Mumbai,91,26.2,34.1
2026-09-22,04,Bengaluru,47,8.8,9.1
2026-09-22,04,Kolkata,71,13.1,14.3
2026-09-22,04,Chennai,75,14.8,15.1
2026-09-22,04,Hyderabad,100,30.3,30.6
2026-09-22,04,Pune,72,19.6,20.4
2026-09-22,04,Ahmedabad,104,63.8,64.5
2026-09-22,05,Delhi,163,107.8,163.9
2026-09-22,05,Mumbai,91,25.8,32.7
2026-09-22,05,Bengaluru,48,5.2,5.7
2026-09-22,05,Kolkata,70,7.7,8.4
2026-09-22,05,Chennai,75,9.0,9.2
2026-09-22,05,Hyderabad,99,23.9,24.2
2026-09-22,05,Pune,72,17.6,18.4
2026-09-22,05,Ahmedabad,108,42.0,42.7
2026-09-22,06,Delhi,164,102.7,161.6
2026-09-22,06,Mumbai,90,24.3,30.4
2026-09-22,06,Bengaluru,48,5.7,6.5
2026-09-22,06,Kolkata,69,9.9,10.6
2026-09-22,06,Chennai,75,9.7,9.9
2026-09-22,06,Hyderabad,96,24.6,24.9
2026-09-22,06,Pune,72,25.5,26.4
2026-09-22,06,Ahmedabad,110,33.8,34.5
2026-09-22,07,Delhi,165,95.0,146.2
2026-09-22,07,Mumbai,90,25.5,31.2
2026-09-22,07,Bengaluru,48,6.9,8.2
2026-09-22,07,Kolkata,68,9.5,10.6
2026-09-22,07,Chennai,74,11.5,11.7
2026-09-22,07,Hyderabad,94,25.8,26.1
2026-09-22,07,Pune,72,22.6,23.7
2026-09-22,07,Ahmedabad,111,28.9,29.3
2026-09-22,08,Delhi,165,69.8,152.3
2026-09-22,08,Mumbai,89,26.7,32.6
2026-09-22,08,Bengaluru,48,7.3,9.1
2026-09-22,08,Kolkata,67,8.9,10.1
2026-09-22,08,Chennai,74,12.3,12.6
2026-09-22,08,Hyderabad,92,27.5,27.9
2026-09-22,08,Pune,72,18.3,19.8
2026-09-22,08,Ahmedabad,111,25.0,25.4
2026-09-22,09,Delhi,165,58.0,153.2
2026-09-22,09,Mumbai,89,26.4,32.5
2026-09-22,09,Bengaluru,49,6.7,9.4
2026-09-22,09,Kolkata,65,8.5,9.6
2026-09-22,09,Chennai,74,12.6,13.1
2026-09-22,09,Hyderabad,92,30.6,31.0
2026-09-22,09,Pune,72,19.8,21.5
2026-09-22,09,Ahmedabad,111,21.9,22.4
2026-09-22,10,Delhi,166,52.0,133.2
2026-09-22,10,Mumbai,88,24.3,30.5
2026-09-22,10,Bengaluru,49,6.9,10.4
2026-09-22,10,Kolkata,64,8.7,9.8
2026-09-22,10,Chennai,73,12.8,13.6
2026-09-22,10,Hyderabad,92,30.0,30.4
2026-09-22,10,Pune,71,20.8,22.4
2026-09-22,10,Ahmedabad,111,19.9,20.5
2026-09-22,11,Delhi,166,50.3,115.9
2026-09-22,11,Mumbai,88,26.1,32.8
2026-09-22,11,Bengaluru,49,7.5,11.7
2026-09-22,11,Kolkata,63,8.8,9.9
2026-09-22,11,Chennai,73,13.8,14.8
2026-09-22,11,Hyderabad,93,30.7,31.1
2026-09-22,11,Pune,71,21.9,23.2
2026-09-22,11,Ahmedabad,111,19.5,20.4
2026-09-22,12,Delhi,166,49.2,104.1
2026-09-22,12,Mumbai,87,27.2,34.3
2026-09-22,12,Bengaluru,50,8.1,12.9
2026-09-22,12,Kolkata,63,8.1,9.1
2026-09-22,12,Chennai,72,14.7,15.8
2026-09-22,12,Hyderabad,93,31.3,31.7
2026-09-22,12,Pune,71,21.2,22.3
2026-09-22,12,Ahmedabad,111,20.0,21.1
2026-09-22,13,Delhi,166,48.0,95.9
2026-09-22,13,Mumbai,86,26.1,33.2
2026-09-22,13,Bengaluru,50,8.6,13.9
2026-09-22,13,Kolkata,62,8.9,10.2
2026-09-22,13,Chennai,72,15.4,16.4
2026-09-22,13,Hyderabad,94,31.9,32.2
2026-09-22,13,Pune,72,20.1,21.0
2026-09-22,13,Ahmedabad,111,20.4,21.7
2026-09-22,14,Delhi,165,46.0,90.8
2026-09-22,14,Mumbai,89,23.5,30.4
2026-09-22,14,Bengaluru,50,9.2,14.8
2026-09-22,14,Kolkata,62,7.0,7.7
2026-09-22,14,Chennai,71,14.6,15.5
2026-09-22,14,Hyderabad,95,32.4,32.7
2026-09-22,14,Pune,76,18.7,19.4
2026-09-22,14,Ahmedabad,111,20.5,21.9
2026-09-22,15,Delhi,173,44.4,89.4
2026-09-22,15,Mumbai,109,21.1,28.0
2026-09-22,15,Bengaluru,50,10.1,15.6
2026-09-22,15,Kolkata,61,6.7,7.2
2026-09-22,15,Chennai,70,13.4,14.4
2026-09-22,15,Hyderabad,96,32.6,32.8
2026-09-22,15,Pune,85,17.9,18.3
2026-09-22,15,Ahmedabad,111,20.5,22.2
2026-09-22,16,Delhi,197,44.0,93.4
2026-09-22,16,Mumbai,124,18.7,25.7
2026-09-22,16,Bengaluru,51,11.7,16.9
2026-09-22,16,Kolkata,60,6.8,7.5
2026-09-22,16,Chennai,69,13.2,14.2
2026-09-22,16,Hyderabad,97,32.5,32.7
2026-09-22,16,Pune,91,17.5,17.9
2026-09-22,16,Ahmedabad,133,20.3,22.2
2026-09-22,17,Delhi,205,43.2,94.8
2026-09-22,17,Mumbai,130,18.6,25.7
2026-09-22,17,Bengaluru,51,11.4,16.6
2026-09-22,17,Kolkata,60,7.7,8.7
2026-09-22,17,Chennai,81,14.8,15.9
2026-09-22,17,Hyderabad,103,41.6,41.9
2026-09-22,17,Pune,93,19.2,19.5
2026-09-22,17,Ahmedabad,149,20.8,23.7
2026-09-22,18,Delhi,206,46.2,100.4
2026-09-22,18,Mumbai,130,18.7,25.9
2026-09-22,18,Bengaluru,51,13.7,18.1
2026-09-22,18,Kolkata,59,8.8,9.7
2026-09-22,18,Chennai,84,19.6,20.8
2026-09-22,18,Hyderabad,102,44.1,44.4
2026-09-22,18,Pune,93,21.2,21.4
2026-09-22,18,Ahmedabad,157,27.1,30.0
2026-09-22,19,Delhi,204,50.1,106.4
2026-09-22,19,Mumbai,119,19.6,27.3
2026-09-22,19,Bengaluru,51,16.2,20.7
2026-09-22,19,Kolkata,58,9.7,10.6
2026-09-22,19,Chennai,78,23.7,26.1
2026-09-22,19,Hyderabad,100,46.4,46.7
2026-09-22,19,Pune,88,20.2,20.4
2026-09-22,19,Ahmedabad,152,35.2,38.4
2026-09-22,20,Delhi,194,53.7,112.2
2026-09-22,20,Mumbai,100,21.0,29.3
2026-09-22,20,Bengaluru,52,16.9,21.7
2026-09-22,20,Kolkata,57,9.9,10.7
2026-09-22,20,Chennai,66,25.1,28.8
2026-09-22,20,Hyderabad,101,46.0,46.2
2026-09-22,20,Pune,79,16.9,17.1
2026-09-22,20,Ahmedabad,132,43.7,47.0
2026-09-22,21,Delhi,172,58.0,119.0
2026-09-22,21,Mumbai,80,22.9,31.5
2026-09-22,21,Bengaluru,52,16.2,21.7
2026-09-22,21,Kolkata,56,10.1,10.9
2026-09-22,21,Chennai,65,26.3,30.4
2026-09-22,21,Hyderabad,101,42.7,43.0
2026-09-22,21,Pune,71,17.4,17.6
2026-09-22,21,Ahmedabad,111,50.3,53.9
2026-09-22,22,Delhi,161,61.2,126.2
2026-09-22,22,Mumbai,80,25.3,34.1
2026-09-22,22,Bengaluru,53,15.7,21.8
2026-09-22,22,Kolkata,55,9.0,9.8
2026-09-22,22,Chennai,65,27.0,31.3
2026-09-22,22,Hyderabad,100,39.9,40.2
2026-09-22,22,Pune,70,18.6,18.9
2026-09-22,22,Ahmedabad,111,55.5,59.1
2026-09-22,23,Delhi,160,63.3,131.8
2026-09-22,23,Mumbai,80,27.0,36.2
2026-09-22,23,Bengaluru,53,14.0,20.3
2026-09-22,23,Kolkata,53,7.0,7.9
2026-09-22,23,Chennai,65,26.6,31.0
2026-09-22,23,Hyderabad,100,36.7,36.8
2026-09-22,23,Pune,70,18.1,18.4
2026-09-22,23,Ahmedabad,110,56.6,60.3
2026-09-23,00,Delhi,159,65.7,138.8
2026-09-23,00,Mumbai,79,27.2,36.1
2026-09-23,00,Bengaluru,53,12.5,18.9
2026-09-23,00,Kolkata,52,5.8,6.5
2026-09-23,00,Chennai,65,24.3,27.9
2026-09-23,00,Hyderabad,99,29.3,29.4
2026-09-23,00,Pune,69,15.5,16.0
2026-09-23,00,Ahmedabad,109,52.3,55.9
2026-09-23,01,Delhi,159,68.9,146.7
2026-09-23,01,Mumbai,79,27.8,36.4
2026-09-23,01,Bengaluru,53,11.1,17.5
2026-09-23,01,Kolkata,51,5.0,5.6
2026-09-23,01,Chennai,65,21.1,23.6
2026-09-23,01,Hyderabad,97,22.1,22.2
2026-09-23,01,Pune,69,15.7,16.3
2026-09-23,01,Ahmedabad,107,45.2,48.8
2026-09-23,02,Delhi,158,71.2,150.9
2026-09-23,02,Mumbai,79,28.7,37.5
2026-09-23,02,Bengaluru,53,10.0,16.6
2026-09-23,02,Kolkata,50,4.3,4.8
2026-09-23,02,Chennai,65,20.1,22.1
2026-09-23,02,Hyderabad,96,19.5,19.6
2026-09-23,02,Pune,69,14.4,15.3
2026-09-23,02,Ahmedabad,103,39.1,42.4
2026-09-23,03,Delhi,157,72.6,152.3
2026-09-23,03,Mumbai,79,29.6,38.5
2026-09-23,03,Bengaluru,53,9.4,16.2
2026-09-23,03,Kolkata,47,3.6,4.0
2026-09-23,03,Chennai,65,20.0,21.1
2026-09-23,03,Hyderabad,95,17.5,17.6
2026-09-23,03,Pune,69,14.7,15.7
2026-09-23,03,Ahmedabad,100,34.9,37.8
2026-09-23,04,Delhi,156,74.3,153.7
2026-09-23,04,Mumbai,79,28.9,37.0
2026-09-23,04,Bengaluru,53,8.9,15.9
2026-09-23,04,Kolkata,45,3.4,3.8
2026-09-23,04,Chennai,66,20.1,21.1
2026-09-23,04,Hyderabad,94,14.1,14.2
2026-09-23,04,Pune,69,15.8,16.9
2026-09-23,04,Ahmedabad,97,32.4,35.0
2026-09-23,05,Delhi,155,62.9,120.1
2026-09-23,05,Mumbai,79,30.3,38.6
2026-09-23,05,Bengaluru,53,7.8,14.3
2026-09-23,05,Kolkata,43,3.7,4.4
2026-09-23,05,Chennai,66,14.9,17.6
2026-09-23,05,Hyderabad,92,19.6,19.6
2026-09-23,05,Pune,68,14.4,15.2
2026-09-23,05,Ahmedabad,95,24.7,27.2
2026-09-23,06,Delhi,154,70.3,123.9
2026-09-23,06,Mumbai,80,31.2,39.9
2026-09-23,06,Bengaluru,53,8.2,14.4
2026-09-23,06,Kolkata,42,5.3,5.9
2026-09-23,06,Chennai,67,14.5,18.0
2026-09-23,06,Hyderabad,92,20.2,20.3
2026-09-23,06,Pune,68,16.6,17.4
2026-09-23,06,Ahmedabad,93,24.8,27.8
2026-09-23,07,Delhi,153,74.3,112.7
2026-09-23,07,Mumbai,80,31.8,40.5
2026-09-23,07,Bengaluru,53,8.9,14.6
2026-09-23,07,Kolkata,41,6.7,7.3
2026-09-23,07,Chennai,67,15.4,19.6
2026-09-23,07,Hyderabad,92,21.2,21.2
2026-09-23,07,Pune,67,16.3,17.3
2026-09-23,07,Ahmedabad,93,26.5,29.9
2026-09-23,08,Delhi,152,63.1,96.2
2026-09-23,08,Mumbai,81,29.5,38.4
2026-09-23,08,Bengaluru,53,9.3,15.9
2026-09-23,08,Kolkata,40,6.9,7.5
2026-09-23,08,Chennai,67,21.7,26.0
2026-09-23,08,Hyderabad,91,20.8,21.0
2026-09-23,08,Pune,67,14.8,15.8
2026-09-23,08,Ahmedabad,93,26.5,31.2
2026-09-23,09,Delhi,152,60.8,88.5
2026-09-23,09,Mumbai,81,29.3,38.6
2026-09-23,09,Bengaluru,53,9.4,16.6
2026-09-23,09,Kolkata,39,6.6,7.4
2026-09-23,09,Chennai,68,10.1,12.2
2026-09-23,09,Hyderabad,91,20.4,20.5
2026-09-23,09,Pune,67,17.1,18.2
2026-09-23,09,Ahmedabad,93,26.7,34.1
2026-09-23,10,Delhi,152,57.7,82.7
2026-09-23,10,Mumbai,81,28.4,36.8
2026-09-23,10,Bengaluru,54,9.9,17.8
2026-09-23,10,Kolkata,39,5.0,5.7
2026-09-23,10,Chennai,68,8.3,9.6
2026-09-23,10,Hyderabad,90,19.8,20.1
2026-09-23,10,Pune,66,20.7,21.9
2026-09-23,10,Ahmedabad,93,28.0,37.7
2026-09-23,11,Delhi,152,55.5,78.2
2026-09-23,11,Mumbai,82,28.6,36.7
2026-09-23,11,Bengaluru,54,10.4,18.5
2026-09-23,11,Kolkata,38,4.6,5.4
2026-09-23,11,Chennai,68,8.7,10.1
2026-09-23,11,Hyderabad,89,20.7,21.0
2026-09-23,11,Pune,66,21.7,23.1
2026-09-23,11,Ahmedabad,94,28.6,40.4
2026-09-23,12,Delhi,152,54.0,73.8
2026-09-23,12,Mumbai,82,29.6,37.8
2026-09-23,12,Bengaluru,54,10.9,18.7
2026-09-23,12,Kolkata,37,5.2,5.9
2026-09-23,12,Chennai,67,9.5,11.2
2026-09-23,12,Hyderabad,88,21.2,21.4
2026-09-23,12,Pune,66,21.9,23.2
2026-09-23,12,Ahmedabad,94,28.3,41.2
2026-09-23,13,Delhi,152,52.9,70.5
2026-09-23,13,Mumbai,82,31.0,39.5
2026-09-23,13,Bengaluru,54,11.0,18.6
2026-09-23,13,Kolkata,37,5.3,6.1
2026-09-23,13,Chennai,67,10.8,12.5
2026-09-23,13,Hyderabad,88,20.7,21.0
2026-09-23,13,Pune,66,21.9,23.2
2026-09-23,13,Ahmedabad,95,26.8,39.6
2026-09-23,14,Delhi,153,52.2,68.9
2026-09-23,14,Mumbai,82,31.9,41.1
2026-09-23,14,Bengaluru,54,15.2,26.0
2026-09-23,14,Kolkata,36,5.5,6.2
2026-09-23,14,Chennai,66,11.4,12.9
2026-09-23,14,Hyderabad,87,20.5,20.7
2026-09-23,14,Pune,67,22.0,23.3
2026-09-23,14,Ahmedabad,96,25.7,38.3
2026-09-23,15,Delhi,180,53.1,69.4
2026-09-23,15,Mumbai,89,31.2,41.1
2026-09-23,15,Bengaluru,55,10.6,17.4
2026-09-23,15,Kolkata,35,5.5,6.2
2026-09-23,15,Chennai,66,11.9,13.2
2026-09-23,15,Hyderabad,86,19.8,20.1
2026-09-23,15,Pune,69,21.5,22.7
2026-09-23,15,Ahmedabad,96,24.6,37.1
2026-09-23,16,Delhi,200,56.0,71.2
2026-09-23,16,Mumbai,96,31.0,41.6
2026-09-23,16,Bengaluru,55,10.9,16.4
2026-09-23,16,Kolkata,35,5.7,6.4
2026-09-23,16,Chennai,66,12.1,13.4
2026-09-23,16,Hyderabad,85,18.3,18.6
2026-09-23,16,Pune,86,21.9,22.9
2026-09-23,16,Ahmedabad,96,24.4,35.9
2026-09-23,17,Delhi,206,62.9,76.4
2026-09-23,17,Mumbai,99,35.9,50.1
2026-09-23,17,Bengaluru,55,12.5,19.5
2026-09-23,17,Kolkata,35,7.8,9.4
2026-09-23,17,Chennai,66,11.1,11.2
2026-09-23,17,Hyderabad,84,26.0,26.3
2026-09-23,17,Pune,101,33.1,36.2
2026-09-23,17,Ahmedabad,97,19.2,25.1
2026-09-23,18,Delhi,208,69.6,84.8
2026-09-23,18,Mumbai,95,36.7,51.5
2026-09-23,18,Bengaluru,55,17.3,25.7
2026-09-23,18,Kolkata,35,7.7,9.0
2026-09-23,18,Chennai,66,11.8,11.9
2026-09-23,18,Hyderabad,82,27.1,27.5
2026-09-23,18,Pune,112,33.6,35.6
2026-09-23,18,Ahmedabad,96,24.7,31.5
2026-09-23,19,Delhi,206,79.4,95.2
2026-09-23,19,Mumbai,88,39.2,55.3
2026-09-23,19,Bengaluru,55,17.0,23.9
2026-09-23,19,Kolkata,35,7.5,8.6
2026-09-23,19,Chennai,65,13.3,13.4
2026-09-23,19,Hyderabad,81,27.8,28.3
2026-09-23,19,Pune,116,34.0,35.9
2026-09-23,19,Ahmedabad,96,32.2,39.1
2026-09-23,20,Delhi,200,87.5,102.9
2026-09-23,20,Mumbai,89,42.1,59.0
2026-09-23,20,Bengaluru,55,16.6,23.2
2026-09-23,20,Kolkata,34,6.8,7.8
2026-09-23,20,Chennai,64,13.8,13.9
2026-09-23,20,Hyderabad,80,28.1,28.9
2026-09-23,20,Pune,115,35.0,36.7
2026-09-23,20,Ahmedabad,96,35.6,42.4
2026-09-23,21,Delhi,178,97.8,111.8
2026-09-23,21,Mumbai,91,44.1,61.7
2026-09-23,21,Bengaluru,55,16.4,22.8
2026-09-23,21,Kolkata,33,6.8,7.9
2026-09-23,21,Chennai,63,13.4,13.6
2026-09-23,21,Hyderabad,78,26.8,27.5
2026-09-23,21,Pune,110,35.4,37.0
2026-09-23,21,Ahmedabad,95,31.0,36.4
2026-09-23,22,Delhi,158,108.0,122.0
2026-09-23,22,Mumbai,92,46.1,64.5
2026-09-23,22,Bengaluru,55,16.2,22.7
2026-09-23,22,Kolkata,33,5.9,7.0
2026-09-23,22,Chennai,62,12.4,12.5
2026-09-23,22,Hyderabad,77,26.7,27.6
2026-09-23,22,Pune,102,35.2,36.8
2026-09-23,22,Ahmedabad,94,25.2,29.6
2026-09-23,23,Delhi,159,109.7,126.2
2026-09-23,23,Mumbai,94,46.2,65.0
2026-09-23,23,Bengaluru,55,15.3,21.7
2026-09-23,23,Kolkata,32,4.7,5.8
2026-09-23,23,Chennai,61,11.2,11.4
2026-09-23,23,Hyderabad,76,26.0,27.1
2026-09-23,23,Pune,92,36.4,38.3
2026-09-23,23,Ahmedabad,92,20.8,24.6
